195.513,-60.03039
195.729,-60.03039
195.945,-60.03039
196.161,-48.81752
196.378,-50.56175
196.594,-18.91653
196.81,-29.88023
197.026,-6.70696
197.242,-3.71686
197.458,3.75839
197.674,20.45311
197.89,-4.71356
198.106,-0.72676
198.322,-6.20861
198.538,13.47621
198.754,18.95806
198.97,14.22374
199.186,5.50261
199.402,50.60328
199.618,50.10493
199.834,44.3739
200.049,49.60658
200.265,23.94156
200.481,41.13463
200.697,71.53397
200.913,44.87225
201.129,76.26829
201.345,41.88215
201.56,78.01252
201.776,32.16433
201.992,52.3475
202.208,66.79965
202.424,26.93166
202.639,50.60328
202.855,59.07522
203.071,28.42671
203.287,60.3211
203.502,56.3343
203.718,72.53067
203.934,93.95971
204.15,41.88215
204.365,24.19073
204.581,82.49767
204.797,33.65938
205.012,46.3673
205.228,54.83925
205.444,28.67588
205.659,44.12473
205.875,50.3541
206.091,64.3079
206.306,89.22539
206.522,64.3079
206.737,52.09832
206.953,66.79965
207.168,44.87225
207.384,79.75674
207.6,56.83265
207.815,72.53067
208.031,41.3838
208.246,29.92176
208.462,70.78644
208.677,36.4003
208.893,47.11483
209.108,48.60988
209.323,50.60328
209.539,54.83925
209.754,82.24849
209.97,69.78974
210.185,78.01252
210.401,39.3904
210.616,85.98612
210.831,73.27819
211.047,64.80625
211.262,35.15443
211.477,81.75014
211.693,49.60658
211.908,89.47456
212.123,74.77324
212.339,90.96961
212.554,61.81615
212.769,73.02902
212.985,58.07852
213.2,57.82935
213.415,72.53067
213.63,35.4036
213.846,37.397
214.061,50.3541
214.276,74.77324
214.491,57.331
214.706,61.81615
214.922,86.73364
215.137,67.04882
215.352,37.89535
215.567,71.28479
215.782,79.50757
215.997,52.09832
216.212,62.56367
216.428,46.3673
216.643,66.05212
216.858,70.03892
217.073,76.01912
217.288,51.3508
217.503,74.27489
217.718,26.18413
217.933,89.47456
218.148,84.98942
218.363,72.28149
218.578,63.06202
218.793,88.72704
219.008,32.16433
219.223,65.05542
219.438,55.08842
219.653,91.96631
219.868,91.21879
220.083,77.51417
220.298,74.02572
220.512,100.43826
220.727,47.86235
220.942,68.79305
221.157,66.3013
221.372,52.59667
221.587,69.04222
221.802,90.72044
222.016,74.27489
222.231,39.88875
222.446,78.01252
222.661,58.3277
222.876,79.25839
223.09,85.73694
223.305,76.01912
223.52,73.27819
223.735,92.21549
223.949,102.93001
224.164,99.69074
224.379,77.51417
224.594,92.21549
224.808,80.50427
225.023,70.03892
225.238,75.76994
225.452,116.13628
225.667,93.21219
225.882,58.3277
226.096,105.67093
226.311,76.26829
226.525,83.49437
226.74,59.3244
226.955,85.73694
227.169,77.26499
227.384,58.07852
227.598,53.09502
227.813,73.27819
228.027,72.77984
228.242,82.99602
228.456,64.55707
228.671,78.01252
228.885,95.45476
229.1,70.78644
229.314,47.86235
229.529,71.28479
229.743,77.51417
229.958,100.93661
230.172,47.86235
230.386,98.69404
230.601,87.97951
230.815,64.05872
231.03,63.56037
231.244,67.79635
231.458,67.54717
231.673,74.52407
231.887,69.2914
232.101,111.65113
232.316,95.70394
232.53,113.39536
232.744,52.84585
232.958,74.02572
233.173,85.73694
233.387,96.70064
233.601,67.54717
233.815,107.66433
234.03,79.75674
234.244,101.18579
234.458,53.3442
234.672,65.80295
234.886,106.41846
235.101,87.23199
235.315,85.48777
235.529,108.16268
235.743,86.23529
235.957,70.28809
236.171,97.94651
236.385,105.92011
236.599,104.92341
236.814,88.72704
237.028,66.3013
237.242,118.12968
237.456,80.50427
237.67,75.27159
237.884,72.28149
238.098,64.05872
238.312,81.99932
238.526,78.01252
238.74,104.92341
238.954,90.72044
239.168,98.44486
239.382,108.91021
239.596,62.3145
239.81,92.46466
240.024,67.298
240.237,71.28479
240.451,81.99932
240.665,64.3079
240.879,59.82275
241.093,75.27159
241.307,62.81285
241.521,101.68414
241.734,68.79305
241.948,100.18909
242.162,60.81945
242.376,94.95641
242.59,79.50757
242.803,98.44486
243.017,76.76664
243.231,79.25839
243.445,66.05212
243.658,81.25179
243.872,54.59007
244.086,92.46466
244.3,84.49107
244.513,71.03562
244.727,56.3343
244.941,93.46136
245.154,78.01252
245.368,121.86731
245.582,79.50757
245.795,73.77654
246.009,68.04552
246.222,95.45476
246.436,81.00262
246.65,87.48117
246.863,93.46136
247.077,79.75674
247.29,88.72704
247.504,69.78974
247.717,93.71054
247.931,82.74684
248.144,60.57027
248.358,79.00922
248.571,109.65773
248.785,77.51417
248.998,84.24189
249.212,105.92011
249.425,59.82275
249.639,108.91021
249.852,55.58677
250.065,51.3508
250.279,97.94651
250.492,99.19239
250.706,57.08182
250.919,81.50097
251.132,74.77324
251.346,64.05872
251.559,72.03232
251.772,105.17259
251.986,51.3508
252.199,100.68744
252.412,50.60328
252.625,82.99602
252.839,55.83595
253.052,57.82935
253.265,38.14453
253.478,80.00592
253.692,56.83265
253.905,62.3145
254.118,68.2947
254.331,61.3178
254.544,44.12473
254.758,83.99272
254.971,82.99602
255.184,66.3013
255.397,90.72044
255.61,76.51747
255.823,42.62968
256.036,85.98612
256.249,105.42176
256.462,83.99272
256.676,54.83925
256.889,70.28809
257.102,96.20229
257.315,88.22869
257.528,64.05872
257.741,70.28809
257.954,81.99932
258.167,77.26499
258.38,65.55377
258.593,78.26169
258.806,77.76334
259.019,124.8574
259.231,112.64783
259.444,97.19899
259.657,107.66433
259.87,84.74024
260.083,76.76664
260.296,107.91351
260.509,75.27159
260.722,101.68414
260.935,88.47786
261.147,85.48777
261.36,81.25179
261.573,90.22209
261.786,76.26829
261.999,82.49767
262.211,85.73694
262.424,78.01252
262.637,38.89205
262.85,77.26499
263.062,53.84255
263.275,87.73034
263.488,53.09502
263.7,82.99602
263.913,56.58347
264.126,56.08512
264.338,88.22869
264.551,67.54717
264.764,56.08512
264.976,71.28479
265.189,70.03892
265.402,96.45146
265.614,47.61318
265.827,92.21549
266.039,45.12143
266.252,62.81285
266.465,84.74024
266.677,84.24189
266.89,60.57027
267.102,109.65773
267.315,70.28809
267.527,99.93991
267.74,61.3178
267.952,80.00592
268.165,36.4003
268.377,64.3079
268.589,83.24519
268.802,73.02902
269.014,86.23529
269.227,100.43826
269.439,97.44816
269.651,81.00262
269.864,64.55707
270.076,82.99602
270.289,74.77324
270.501,80.75344
270.713,72.53067
270.926,131.08678
271.138,84.98942
271.35,44.3739
271.562,83.74354
271.775,60.07192
271.987,80.00592
272.199,91.96631
272.411,46.11813
272.624,86.23529
272.836,80.75344
273.048,79.00922
273.26,66.3013
273.472,75.27159
273.685,65.05542
273.897,69.2914
274.109,81.50097
274.321,64.80625
274.533,68.04552
274.745,82.49767
274.957,67.298
275.17,74.77324
275.382,62.56367
275.594,126.35245
275.806,78.76004
276.018,62.3145
276.23,77.51417
276.442,104.42506
276.654,72.77984
276.866,102.18249
277.078,91.96631
277.29,75.76994
277.502,81.75014
277.714,63.56037
277.926,58.57687
278.138,93.95971
278.35,58.57687
278.562,85.98612
278.773,61.81615
278.985,64.80625
279.197,64.3079
279.409,81.50097
279.621,80.00592
279.833,110.65443
280.045,58.57687
280.256,58.3277
280.468,74.52407
280.68,97.69734
280.892,75.02242
281.104,44.3739
281.315,81.99932
281.527,75.27159
281.739,76.01912
281.951,69.04222
282.162,79.00922
282.374,98.44486
282.586,79.75674
282.797,117.13298
283.009,52.09832
283.221,74.52407
283.432,91.21879
283.644,39.88875
283.856,45.3706
284.067,51.3508
284.279,104.17589
284.49,74.52407
284.702,60.57027
284.914,80.75344
285.125,77.26499
285.337,61.81615
285.548,73.27819
285.76,105.67093
285.971,64.80625
286.183,112.14948
286.394,58.3277
286.606,90.96961
286.817,59.82275
287.029,88.97621
287.24,56.83265
287.452,106.16928
287.663,113.39536
287.874,68.79305
288.086,77.01582
288.297,112.64783
288.509,70.78644
288.72,70.53727
288.931,111.90031
289.143,98.69404
289.354,63.3112
289.565,93.95971
289.777,76.26829
289.988,115.63793
290.199,66.55047
290.411,62.06532
290.622,75.02242
290.833,77.51417
291.044,39.63958
291.256,69.78974
291.467,76.01912
291.678,80.75344
291.889,51.84915
292.1,81.99932
292.312,79.00922
292.523,87.48117
292.734,131.08678
292.945,71.28479
293.156,60.57027
293.367,92.96301
293.578,74.27489
293.789,84.49107
294.001,73.77654
294.212,80.50427
294.423,50.10493
294.634,47.11483
294.845,67.04882
295.056,49.85575
295.267,43.87555
295.478,91.46796
295.689,75.02242
295.9,191.38711
296.111,75.52077
296.322,72.77984
296.533,53.59337
296.744,71.53397
296.954,54.83925
297.165,83.24519
297.376,75.27159
297.587,16.46631
297.798,64.55707
298.009,80.75344
298.22,65.55377
298.431,86.98282
298.641,68.2947
298.852,77.26499
299.063,77.51417
299.274,96.20229
299.485,59.57357
299.695,74.77324
299.906,91.71714
300.117,56.58347
300.328,55.3376
300.538,53.59337
300.749,55.58677
300.96,65.3046
301.171,73.27819
301.381,43.62638
301.592,86.98282
301.803,89.72374
302.013,59.3244
302.224,75.52077
302.434,87.73034
302.645,63.06202
302.856,72.28149
303.066,73.02902
303.277,76.51747
303.487,50.85245
303.698,49.60658
303.908,76.01912
304.119,57.331
304.33,63.80955
304.54,55.08842
304.751,33.65938
304.961,49.10823
305.171,92.21549
305.382,34.65608
305.592,84.98942
305.803,91.21879
306.013,69.04222
306.224,74.77324
306.434,110.90361
306.644,42.3805
306.855,65.55377
307.065,63.06202
307.276,105.67093
307.486,72.28149
307.696,54.3409
307.907,56.58347
308.117,56.08512
308.327,69.54057
308.537,89.47456
308.748,68.54387
308.958,38.3937
309.168,37.64618
309.379,98.19569
309.589,46.3673
309.799,53.3442
310.009,48.60988
310.219,81.50097
310.43,58.07852
310.64,71.03562
310.85,39.3904
311.06,65.3046
311.27,58.3277
311.48,58.82605
311.69,65.05542
311.901,53.59337
312.111,85.23859
312.321,35.4036
312.531,56.83265
312.741,28.92506
312.951,50.85245
313.161,78.51087
313.371,28.67588
313.581,41.3838
313.791,61.56697
314.001,58.3277
314.211,81.50097
314.421,83.74354
314.631,74.27489
314.841,84.74024
315.051,29.92176
315.261,60.57027
315.47,50.85245
315.68,88.22869
315.89,48.85905
316.1,42.13133
316.31,60.81945
316.52,67.298
316.73,83.49437
316.939,86.23529
317.149,78.76004
317.359,71.03562
317.569,56.08512
317.779,58.82605
317.988,47.86235
318.198,51.59998
318.408,75.52077
318.618,61.81615
318.827,45.3706
319.037,52.84585
319.247,56.08512
319.456,53.84255
319.666,52.59667
319.876,46.86565
320.085,85.48777
320.295,60.07192
320.505,61.81615
320.714,73.77654
320.924,70.53727
321.133,57.58017
321.343,33.16103
321.553,55.58677
321.762,48.60988
321.972,69.04222
322.181,62.3145
322.391,59.57357
322.6,46.3673
322.81,45.61978
323.019,80.25509
323.229,48.60988
323.438,89.22539
323.648,63.80955
323.857,61.3178
324.066,61.06862
324.276,36.4003
324.485,74.77324
324.695,65.3046
324.904,61.56697
325.113,83.49437
325.323,44.3739
325.532,69.54057
325.741,38.3937
325.951,56.83265
326.16,63.06202
326.369,53.59337
326.579,105.92011
326.788,18.95806
326.997,52.59667
327.206,51.3508
327.416,30.91846
327.625,29.92176
327.834,48.85905
328.043,41.88215
328.252,33.65938
328.462,41.3838
328.671,34.4069
328.88,88.47786
329.089,67.54717
329.298,52.84585
329.507,79.75674
329.716,46.3673
329.926,68.54387
330.135,63.56037
330.344,62.81285
330.553,15.71879
330.762,26.18413
330.971,46.3673
331.18,55.83595
331.389,34.90525
331.598,46.11813
331.807,53.3442
332.016,54.09172
332.225,33.90856
332.434,71.53397
332.643,43.62638
332.852,45.86895
333.06,45.61978
333.269,38.14453
333.478,41.63298
333.687,51.84915
333.896,18.70888
334.105,42.87885
334.314,71.78314
334.523,69.2914
334.731,25.93496
334.94,17.21383
335.149,37.64618
335.358,42.13133
335.567,35.15443
335.775,70.28809
335.984,48.85905
336.193,55.3376
336.402,35.65278
336.61,54.3409
336.819,20.95146
337.028,48.3607
337.236,63.56037
337.445,21.20063
337.654,31.66598
337.862,45.12143
338.071,46.86565
338.279,46.3673
338.488,53.09502
338.697,46.86565
338.905,34.65608
339.114,58.3277
339.322,18.21053
339.531,45.86895
339.739,19.95476
339.948,66.79965
340.157,31.16763
340.365,46.86565
340.574,45.86895
340.782,41.3838
340.99,29.92176
341.199,49.10823
341.407,35.15443
341.616,52.3475
341.824,17.96136
342.033,68.2947
342.241,54.3409
342.449,42.13133
342.658,11.48281
342.866,83.74354
343.074,65.55377
343.283,66.55047
343.491,15.46961
343.699,33.41021
343.908,36.89865
344.116,56.83265
344.324,42.13133
344.532,52.3475
344.741,11.48281
344.949,20.20393
345.157,17.21383
345.365,39.88875
345.574,24.68908
345.782,53.3442
345.99,20.45311
346.198,31.66598
346.406,70.28809
346.614,30.42011
346.823,24.19073
347.031,58.3277
347.239,25.18743
347.447,35.15443
347.655,15.22044
347.863,35.4036
348.071,29.17423
348.279,37.89535
348.487,27.92836
348.695,33.65938
348.903,12.47951
349.111,32.66268
349.319,20.20393
349.527,41.13463
349.735,22.44651
349.943,51.10163
350.151,39.63958
350.359,20.95146
350.567,42.13133
350.775,56.58347
350.983,19.20723
351.19,28.17753
351.398,51.10163
351.606,51.59998
351.814,54.83925
352.022,78.51087
352.23,75.27159
352.437,64.80625
352.645,82.99602
352.853,79.25839
353.061,81.99932
353.269,86.48447
353.476,41.13463
353.684,58.82605
353.892,66.55047
354.099,85.73694
354.307,73.27819
354.515,57.58017
354.722,18.70888
354.93,31.66598
355.138,47.61318
355.345,36.64948
355.553,24.43991
355.761,39.14123
355.968,23.69238
356.176,8.24354
356.383,31.41681
356.591,64.55707
356.799,25.43661
357.006,44.12473
357.214,62.06532
357.421,58.57687
357.629,3.01086
357.836,50.10493
358.044,27.92836
358.251,49.85575
358.458,18.21053
358.666,20.45311
358.873,31.16763
359.081,33.16103
359.288,30.91846
359.496,49.85575
359.703,-0.22841
359.91,49.60658
360.118,35.90195
360.325,34.65608
360.532,29.17423
360.74,69.78974
360.947,34.90525
361.154,30.17093
361.362,40.88545
361.569,68.2947
361.776,54.09172
361.983,65.80295
362.191,50.85245
362.398,26.18413
362.605,-12.43798
362.812,29.67258
363.019,37.64618
363.227,27.18083
363.434,15.46961
363.641,26.18413
363.848,57.58017
364.055,56.3343
364.262,48.60988
364.469,26.43331
364.676,14.22374
364.883,17.21383
365.091,34.15773
365.298,54.59007
365.505,35.4036
365.712,79.00922
365.919,33.16103
366.126,57.58017
366.333,156.7518
366.54,68.54387
366.747,16.21714
366.954,20.20393
367.16,43.12803
367.367,49.85575
367.574,35.65278
367.781,37.89535
367.988,43.87555
368.195,24.68908
368.402,36.64948
368.609,43.62638
368.816,25.18743
369.022,39.3904
369.229,-19.41488
369.436,26.68248
369.643,9.48941
369.85,44.12473
370.056,32.41351
370.263,24.68908
370.47,67.04882
370.677,2.51251
370.883,30.66928
371.09,29.17423
371.297,37.14783
371.503,27.67918
371.71,22.19733
371.917,5.00426
372.123,18.70888
372.33,37.397
372.537,15.71879
372.743,7.24684
372.95,43.3772
373.156,49.85575
373.363,25.18743
373.57,35.4036
373.776,55.83595
373.983,28.17753
374.189,11.23364
374.396,13.47621
374.602,23.44321
374.809,50.85245
375.015,3.26004
375.222,10.73529
375.428,28.17753
375.634,25.68578
375.841,39.88875
376.047,43.12803
376.254,31.66598
376.46,33.41021
376.666,28.67588
376.873,35.4036
377.079,45.86895
377.286,24.68908
377.492,50.10493
377.698,53.3442
377.904,60.07192
378.111,60.57027
378.317,16.21714
378.523,21.69898
378.73,34.4069
378.936,18.70888
379.142,49.85575
379.348,18.45971
379.554,69.2914
379.761,50.3541
379.967,68.2947
380.173,29.67258
380.379,47.86235
380.585,58.07852
380.791,55.08842
380.997,47.11483
381.204,29.67258
381.41,62.81285
381.616,-2.22181
381.822,19.70558
382.028,49.3574
382.234,8.74189
382.44,2.26334
382.646,35.15443
382.852,-4.46438
383.058,12.72869
383.264,27.43001
383.47,18.21053
383.676,34.4069
383.882,13.22704
384.088,-3.96603
384.294,0.26994
384.5,1.76499
384.705,10.98446
384.911,31.66598
385.117,27.43001
385.323,26.68248
385.529,32.91186
385.735,38.14453
385.941,44.87225
386.146,40.63628
386.352,32.16433
386.558,29.67258
386.764,22.19733
386.969,21.20063
387.175,31.91516
387.381,63.3112
387.587,78.01252
387.792,37.89535
387.998,56.3343
388.204,29.92176
388.409,37.397
388.615,35.90195
388.821,63.3112
389.026,25.68578
389.232,14.72209
389.438,37.64618
389.643,33.90856
389.849,-2.96933
390.054,46.86565
390.26,34.4069
390.465,43.87555
390.671,28.92506
390.876,70.53727
391.082,102.18249
391.287,83.49437
391.493,107.91351
391.698,171.45312
391.904,153.51252
392.109,176.18744
392.315,106.91681
392.52,106.41846
392.726,90.72044
392.931,76.01912
393.136,71.03562
393.342,52.59667
393.547,23.94156
393.752,83.74354
393.958,58.82605
394.163,34.4069
394.368,21.44981
394.574,25.43661
394.779,1.76499
394.984,67.54717
395.19,19.20723
395.395,29.42341
395.6,48.11153
395.805,51.84915
396.01,14.22374
396.216,83.49437
396.421,34.90525
396.626,38.14453
396.831,45.3706
397.036,35.4036
397.241,37.89535
397.447,24.19073
397.652,59.07522
397.857,40.3871
398.062,24.93826
398.267,12.97786
398.472,-17.42148
398.677,27.67918
398.882,45.61978
399.087,47.61318
399.292,16.96466
399.497,73.77654
399.702,23.44321
399.907,59.82275
400.112,68.04552
400.317,78.76004
400.522,46.3673
400.727,112.89701
400.932,170.20724
401.137,129.34255
401.341,151.51912
401.546,167.21714
401.751,171.45312
401.956,147.53232
402.161,129.59173
402.366,105.42176
402.57,104.67424
402.775,73.27819
402.98,60.07192
403.185,60.3211
403.39,82.74684
403.594,59.82275
403.799,27.43001
404.004,53.84255
404.208,17.96136
404.413,42.62968
404.618,43.3772
404.822,31.66598
405.027,6.74849
405.232,40.13793
405.436,21.44981
405.641,37.89535
405.846,6.00096
406.05,46.61648
406.255,19.45641
406.459,23.19403
406.664,40.3871
406.868,33.41021
407.073,79.00922
407.277,77.51417
407.482,36.15113
407.686,56.58347
407.891,11.23364
408.095,38.89205
408.3,40.13793
408.504,16.21714
408.709,28.67588
408.913,47.86235
409.118,11.73199
409.322,48.3607
409.526,41.13463
409.731,90.72044
409.935,17.96136
410.139,40.88545
410.344,62.81285
410.548,36.89865
410.752,52.59667
410.957,78.26169
411.161,46.3673
411.365,87.97951
411.569,111.40196
411.774,165.47292
411.978,260.65774
412.182,377.52078
412.386,532.00924
412.59,643.39043
412.795,678.5241
412.999,690.4845
413.203,645.38383
413.407,544.21881
413.611,441.30957
413.815,406.67425
414.019,329.43002
414.223,314.97788
414.427,293.79801
414.632,294.54553
414.836,262.90032
415.04,293.79801
415.244,290.55873
415.448,361.07524
415.652,379.01583
415.856,458.25346
416.06,533.75346
416.264,664.5703
416.467,813.32774
416.671,960.59012
416.875,993.23204
417.079,970.55712
417.283,851.4515
417.487,705.43499
417.691,575.36568
417.895,482.92178
418.099,387.98613
418.302,343.13464
418.506,294.29636
418.71,258.66434
418.914,172.44982
419.118,144.7914
419.321,100.68744
419.525,79.00922
419.729,76.51747
419.933,39.63958
420.136,27.67918
420.34,59.3244
420.544,31.91516
420.747,46.11813
420.951,31.91516
421.155,45.3706
421.358,54.83925
421.562,85.73694
421.766,101.93331
421.969,165.97127
422.173,201.10493
422.376,257.16929
422.58,313.732
422.783,319.21385
422.987,373.78316
423.19,425.61155
423.394,431.59174
423.597,452.77161
423.801,436.32607
424.004,483.91848
424.208,426.35907
424.411,374.77986
424.615,323.699
424.818,266.13959
425.022,253.68084
425.225,210.07523
425.428,163.23034
425.632,174.19404
425.835,141.55212
426.038,156.7518
426.242,147.03397
426.445,176.68579
426.648,199.85906
426.852,242.71715
427.055,207.83266
427.258,244.95972
427.461,230.00923
427.665,156.50262
427.868,172.44982
428.071,119.12638
428.274,110.65443
428.477,144.29305
428.681,127.34915
428.884,63.3112
429.087,94.70724
429.29,107.16598
429.493,120.87061
429.696,191.13794
429.899,235.2419
430.102,266.63794
430.306,303.01748
430.509,285.82441
430.712,265.64124
430.915,259.66104
431.118,198.86236
431.321,233.99602
431.524,176.93496
431.727,236.73695
431.93,157.00097
432.133,160.24024
432.336,133.57853
432.538,103.17919
432.741,66.55047
432.944,90.72044
433.147,92.71384
433.35,98.44486
433.553,45.3706
433.756,73.27819
433.959,37.89535
434.161,32.41351
434.364,42.62968
434.567,37.89535
434.77,31.91516
434.973,16.46631
435.175,13.22704
435.378,49.60658
435.581,19.45641
435.784,26.43331
435.986,10.23694
436.189,35.65278
436.392,31.41681
436.594,23.94156
436.797,42.13133
437,38.64288
437.202,76.51747
437.405,45.12143
437.607,25.68578
437.81,39.63958
438.013,31.16763
438.215,16.21714
438.418,-2.47098
438.62,31.66598
438.823,47.364
439.025,37.14783
439.228,51.10163
439.43,43.87555
439.633,50.3541
439.835,59.3244
440.038,45.61978
440.24,46.3673
440.443,45.12143
440.645,40.88545
440.847,26.18413
441.05,33.41021
441.252,18.21053
441.455,59.82275
441.657,50.3541
441.859,28.67588
442.062,23.19403
442.264,28.67588
442.466,45.12143
442.668,74.52407
442.871,44.3739
443.073,26.18413
443.275,23.94156
443.477,13.47621
443.68,46.11813
443.882,29.17423
444.084,12.97786
444.286,16.96466
444.488,-8.94953
444.69,33.16103
444.893,35.90195
445.095,31.41681
445.297,17.96136
445.499,51.84915
445.701,31.41681
445.903,53.3442
446.105,39.14123
446.307,59.57357
446.509,3.50921
446.711,67.79635
446.913,35.65278
447.115,77.01582
447.317,74.77324
447.519,79.50757
447.721,110.15608
447.923,170.70559
448.125,129.34255
448.327,151.51912
448.529,137.31615
448.731,104.67424
448.933,110.65443
449.134,130.58843
449.336,98.94321
449.538,95.45476
449.74,72.77984
449.942,89.47456
450.144,63.56037
450.345,85.48777
450.547,52.3475
450.749,79.25839
450.951,28.17753
451.152,14.47291
451.354,34.65608
451.556,50.85245
451.757,56.58347
451.959,56.08512
452.161,35.90195
452.362,20.45311
452.564,25.18743
452.766,35.65278
452.967,25.18743
453.169,18.45971
453.37,12.72869
453.572,2.51251
453.774,15.96796
453.975,37.397
454.177,4.25674
454.378,25.68578
454.58,13.22704
454.781,31.91516
454.983,27.43001
455.184,10.48611
455.386,24.19073
455.587,46.61648
455.788,28.42671
455.99,64.80625
456.191,43.3772
456.393,54.09172
456.594,39.63958
456.795,66.3013
456.997,46.61648
457.198,39.3904
457.399,65.3046
457.601,26.93166
457.802,51.59998
458.003,67.298
458.205,27.67918
458.406,18.45971
458.607,20.95146
458.808,35.4036
459.009,40.88545
459.211,54.83925
459.412,57.82935
459.613,65.3046
459.814,52.84585
460.015,55.83595
460.217,49.10823
460.418,65.80295
460.619,55.3376
460.82,23.94156
461.021,40.88545
461.222,56.58347
461.423,51.10163
461.624,17.46301
461.825,35.15443
462.026,19.45641
462.227,24.93826
462.428,36.64948
462.629,13.97456
462.83,46.86565
463.031,8.74189
463.232,28.42671
463.433,22.69568
463.634,33.65938
463.835,21.20063
464.036,33.65938
464.236,12.72869
464.437,-0.72676
464.638,8.49271
464.839,52.09832
465.04,33.16103
465.241,18.45971
465.441,29.67258
465.642,27.43001
465.843,7.49601
466.044,34.15773
466.244,58.07852
466.445,21.94816
466.646,62.06532
466.847,45.12143
467.047,68.04552
467.248,78.51087
467.449,66.55047
467.649,89.47456
467.85,37.397
468.05,50.60328
468.251,24.93826
468.452,35.65278
468.652,50.60328
468.853,32.16433
469.053,61.81615
469.254,33.65938
469.454,25.18743
469.655,78.01252
469.855,-6.70696
470.056,26.43331
470.256,39.63958
470.457,44.62308
470.657,13.47621
470.858,34.15773
471.058,61.06862
471.259,17.71218
471.459,18.95806
471.659,3.26004
471.86,16.21714
472.06,11.23364
472.26,31.91516
472.461,32.16433
472.661,22.94486
472.861,38.3937
473.062,-6.20861
473.262,27.43001
473.462,26.43331
473.662,44.12473
473.863,7.24684
474.063,63.80955
474.263,32.16433
474.463,15.46961
474.663,6.74849
474.864,37.14783
475.064,15.22044
475.264,13.22704
475.464,17.21383
475.664,36.4003
475.864,51.3508
476.064,16.71548
476.264,31.66598
476.464,3.01086
476.664,24.93826
476.864,14.22374
477.064,7.99436
477.265,23.19403
477.464,3.26004
477.664,32.66268
477.864,18.70888
478.064,29.67258
478.264,27.92836
478.464,39.14123
478.664,15.22044
478.864,31.41681
479.064,17.96136
479.264,10.73529
479.464,7.99436
479.663,41.63298
479.863,45.12143
480.063,36.89865
480.263,1.51581
480.463,64.55707
480.663,30.91846
480.862,26.68248
481.062,21.44981
481.262,37.14783
481.461,-6.20861
481.661,18.45971
481.861,9.24024
482.061,17.96136
482.26,10.23694
482.46,1.76499
482.66,26.93166
482.859,41.63298
483.059,-7.20531
483.258,12.23034
483.458,63.3112
483.658,36.64948
483.857,49.60658
484.057,31.91516
484.256,31.66598
484.456,51.59998
484.655,24.43991
484.855,46.11813
485.054,32.66268
485.254,8.99106
485.453,20.95146
485.653,39.3904
485.852,35.15443
486.051,19.70558
486.251,17.71218
486.45,45.86895
486.649,53.3442
486.849,32.16433
487.048,37.64618
487.248,43.12803
487.447,21.69898
487.646,26.93166
487.845,20.95146
488.045,16.71548
488.244,24.68908
488.443,16.71548
488.642,-8.20201
488.842,26.68248
489.041,5.75179
489.24,-12.18881
489.439,36.15113
489.638,41.13463
489.838,4.00756
490.037,34.90525
490.236,23.44321
490.435,30.42011
490.634,11.48281
490.833,-9.44788
491.032,14.97126
491.231,-1.72346
491.43,32.91186
491.629,39.3904
491.828,42.62968
492.027,-0.47759
492.226,22.94486
492.425,54.59007
492.624,32.41351
492.823,9.48941
493.022,18.21053
493.221,38.14453
493.42,15.22044
493.619,26.68248
493.818,7.24684
494.017,27.67918
494.216,25.93496
494.414,26.43331
494.613,-4.96273
494.812,18.21053
495.011,6.25014
495.21,0.26994
495.408,-4.21521
495.607,64.3079
495.806,-12.68716
496.005,36.15113
496.203,-1.72346
496.402,28.17753
496.601,-5.71026
496.799,17.71218
496.998,8.74189
497.197,-48.56835
497.395,6.25014
497.594,19.95476
497.793,-0.47759
497.991,24.19073
498.19,43.62638
498.388,16.21714
498.587,26.93166
498.785,27.43001
498.984,68.79305
499.182,14.97126
499.381,26.93166
499.579,26.43331
499.778,10.23694
499.976,-23.90003
500.175,12.72869
500.373,60.07192
500.572,10.98446
500.77,28.17753
500.968,11.73199
501.167,14.72209
501.365,11.73199
501.564,17.21383
501.762,12.72869
501.96,57.82935
502.159,18.95806
502.357,49.60658
502.555,58.3277
502.753,31.91516
502.952,45.3706
503.15,29.92176
503.348,32.41351
503.546,42.13133
503.745,32.16433
503.943,44.62308
504.141,76.26829
504.339,61.56697
504.537,43.87555
504.735,-13.68386
504.933,2.26334
505.132,41.13463
505.33,3.75839
505.528,29.42341
505.726,15.22044
505.924,-0.72676
506.122,35.65278
506.32,37.89535
506.518,5.50261
506.716,46.11813
506.914,7.74519
507.112,25.68578
507.31,38.89205
507.508,31.16763
507.706,19.70558
507.904,32.41351
508.101,2.01416
508.299,47.86235
508.497,9.98776
508.695,41.13463
508.893,14.47291
509.091,17.96136
509.289,16.71548
509.486,37.89535
509.684,16.71548
509.882,-3.46768
510.08,-5.71026
510.277,35.65278
510.475,6.49931
510.673,33.90856
510.871,3.01086
511.068,16.21714
511.266,-2.47098
511.464,23.44321
511.661,29.42341
511.859,46.61648
512.056,54.59007
512.254,64.05872
512.452,47.86235
512.649,83.24519
512.847,60.07192
513.044,73.27819
513.242,104.42506
513.439,81.00262
513.637,72.53067
513.834,42.62968
514.032,52.3475
514.229,37.89535
514.427,22.94486
514.624,37.14783
514.822,6.25014
515.019,82.74684
515.217,67.79635
515.414,94.20889
515.611,80.50427
515.809,85.48777
516.006,68.79305
516.203,84.24189
516.401,68.2947
516.598,72.28149
516.795,45.3706
516.993,56.83265
517.19,38.64288
517.387,53.09502
517.584,23.94156
517.781,43.62638
517.979,35.4036
518.176,58.07852
518.373,30.42011
518.57,29.92176
518.767,33.90856
518.964,65.80295
519.162,29.92176
519.359,61.06862
519.556,39.88875
519.753,53.3442
519.95,53.84255
520.147,51.84915
520.344,26.68248
520.541,27.92836
520.738,28.42671
520.935,46.11813
521.132,11.23364
521.329,33.16103
521.526,30.91846
521.723,78.26169
521.92,4.75509
522.117,37.64618
522.314,34.90525
522.511,85.23859
522.707,28.42671
522.904,1.76499
523.101,-0.47759
523.298,30.66928
523.495,25.18743
523.692,-23.90003
523.888,19.70558
524.085,24.68908
524.282,26.43331
524.479,28.67588
524.675,21.94816
524.872,36.64948
525.069,-2.22181
525.266,43.12803
525.462,24.43991
525.659,47.364
525.856,3.01086
526.052,19.95476
526.249,4.25674
526.445,29.92176
526.642,34.65608
526.839,8.49271
527.035,-5.95943
527.232,0.51911
527.428,27.18083
527.625,3.50921
527.821,23.19403
528.018,20.20393
528.214,3.75839
528.411,6.25014
528.607,28.67588
528.804,37.14783
529,-25.89343
529.196,19.95476
529.393,19.20723
529.589,8.49271
529.786,-7.95283
529.982,35.4036
530.178,13.47621
530.375,5.25344
530.571,-7.95283
530.767,36.15113
530.963,24.93826
531.16,25.43661
531.356,18.70888
531.552,14.97126
531.748,13.97456
531.945,31.16763
532.141,-5.46108
532.337,1.76499
532.533,-7.95283
532.729,-3.71686
532.926,13.22704
533.122,0.76829
533.318,29.42341
533.514,8.99106
533.71,19.20723
533.906,22.19733
534.102,33.65938
534.298,27.92836
534.494,41.13463
534.69,25.93496
534.886,32.66268
535.082,6.99766
535.278,26.93166
535.474,29.67258
535.67,15.71879
535.866,24.19073
536.062,-3.71686
536.258,11.23364
536.454,4.75509
536.65,12.47951
536.846,29.92176
537.041,30.91846
537.237,9.24024
537.433,36.4003
537.629,26.43331
537.825,59.3244
538.02,33.16103
538.216,22.44651
538.412,33.90856
538.608,2.01416
538.803,20.70228
538.999,19.45641
539.195,18.95806
539.39,24.43991
539.586,26.18413
539.782,26.68248
539.977,24.93826
540.173,58.3277
540.369,53.09502
540.564,28.67588
540.76,12.72869
540.955,57.82935
541.151,39.3904
541.347,42.3805
541.542,45.86895
541.738,68.54387
541.933,55.08842
542.129,44.3739
542.324,61.3178
542.519,69.54057
542.715,37.64618
542.91,43.3772
543.106,28.92506
543.301,48.11153
543.497,35.15443
543.692,49.3574
543.887,35.4036
544.083,54.3409
544.278,23.69238
544.473,58.3277
544.669,42.62968
544.864,35.90195
545.059,42.3805
545.254,14.97126
545.45,13.47621
545.645,64.80625
545.84,73.52737
546.035,59.3244
546.23,55.3376
546.426,104.42506
546.621,66.79965
546.816,115.38876
547.011,59.82275
547.206,100.43826
547.401,67.79635
547.596,89.47456
547.791,43.87555
547.986,76.51747
548.181,13.97456
548.376,61.81615
548.572,35.90195
548.767,58.07852
548.961,39.88875
549.156,50.85245
549.351,28.67588
549.546,45.3706
549.741,31.66598
549.936,36.15113
550.131,23.94156
550.326,16.21714
550.521,15.22044
550.716,44.12473
550.911,13.72539
551.105,11.48281
551.3,-9.44788
551.495,52.3475
551.69,9.98776
551.885,54.3409
552.079,71.28479
552.274,84.74024
552.469,71.28479
552.664,112.89701
552.858,119.62473
553.053,113.64453
553.248,106.41846
553.442,83.49437
553.637,98.94321
553.832,122.86401
554.026,87.73034
554.221,78.51087
554.415,80.00592
554.61,82.49767
554.804,89.97291
554.999,100.18909
555.194,28.67588
555.388,89.22539
555.583,61.3178
555.777,61.3178
555.972,48.11153
556.166,62.56367
556.36,64.05872
556.555,41.13463
556.749,30.17093
556.944,108.16268
557.138,79.50757
557.332,101.93331
557.527,144.29305
557.721,145.53892
557.915,125.60493
558.11,102.43166
558.304,124.10988
558.498,124.8574
558.693,66.55047
558.887,78.26169
559.081,91.96631
559.275,75.76994
559.47,73.02902
559.664,81.25179
559.858,42.13133
560.052,58.3277
560.246,42.3805
560.44,66.79965
560.635,18.95806
560.829,52.09832
561.023,27.67918
561.217,61.3178
561.411,17.71218
561.605,84.49107
561.799,44.87225
561.993,52.3475
562.187,70.28809
562.381,77.51417
562.575,55.58677
562.769,68.2947
562.963,21.20063
563.157,83.99272
563.351,59.57357
563.545,54.3409
563.739,2.51251
563.933,56.83265
564.126,27.43001
564.32,51.84915
564.514,32.16433
564.708,75.76994
564.902,16.71548
565.096,37.397
565.289,21.94816
565.483,36.15113
565.677,32.66268
565.871,28.67588
566.064,9.24024
566.258,35.4036
566.452,19.95476
566.645,11.98116
566.839,28.42671
567.033,54.09172
567.226,18.70888
567.42,34.15773
567.614,8.99106
567.807,17.46301
568.001,-0.47759
568.194,25.93496
568.388,69.54057
568.581,21.20063
568.775,-9.94623
568.969,30.17093
569.162,-1.47429
569.355,19.45641
569.549,7.24684
569.742,21.20063
569.936,-0.47759
570.129,3.01086
570.323,11.73199
570.516,46.86565
570.709,47.364
570.903,34.4069
571.096,52.09832
571.289,35.90195
571.483,14.97126
571.676,36.4003
571.869,15.46961
572.063,36.89865
572.256,40.3871
572.449,28.17753
572.642,26.43331
572.836,11.48281
573.029,4.25674
573.222,-28.63435
573.415,1.51581
573.608,43.12803
573.802,22.69568
573.995,10.98446
574.188,52.59667
574.381,-0.97594
574.574,30.17093
574.767,16.21714
574.96,9.24024
575.153,3.01086
575.346,23.44321
575.539,42.62968
575.732,2.76169
575.925,-3.96603
576.118,-3.21851
576.311,26.18413
576.504,7.74519
576.697,4.00756
576.89,-3.21851
577.083,28.17753
577.276,23.69238
577.469,33.90856
577.661,20.70228
577.854,20.20393
578.047,32.66268
578.24,-12.68716
578.433,3.26004
578.626,18.95806
578.818,23.44321
579.011,30.17093
579.204,-5.46108
579.397,13.47621
579.589,5.50261
579.782,25.68578
579.975,10.48611
580.167,53.09502
580.36,29.17423
580.553,11.23364
580.745,20.45311
580.938,56.3343
581.13,8.74189
581.323,27.67918
581.516,6.00096
581.708,38.89205
581.901,5.25344
582.093,3.26004
582.286,1.51581
582.478,68.04552
582.671,22.69568
582.863,23.44321
583.056,52.84585
583.248,73.02902
583.44,23.19403
583.633,20.20393
583.825,18.45971
584.018,36.89865
584.21,26.18413
584.402,49.85575
584.595,41.13463
584.787,31.91516
584.979,58.3277
585.172,70.78644
585.364,97.44816
585.556,134.07688
585.748,94.95641
585.941,91.71714
586.133,86.48447
586.325,122.11648
586.517,54.59007
586.709,92.96301
586.901,47.61318
587.094,26.68248
587.286,67.298
587.478,72.03232
587.67,63.80955
587.862,122.11648
588.054,116.63463
588.246,135.07358
588.438,151.7683
588.63,153.26335
588.822,96.20229
589.014,86.73364
589.206,97.44816
589.398,92.21549
589.59,87.73034
589.782,69.54057
589.974,78.76004
590.166,77.26499
590.358,85.23859
590.55,76.76664
590.741,55.83595
590.933,55.08842
591.125,44.3739
591.317,50.60328
591.509,44.3739
591.701,62.56367
591.892,40.3871
592.084,54.09172
592.276,-1.97263
592.468,1.26664
592.659,-2.96933
592.851,23.94156
593.043,38.14453
593.234,59.3244
593.426,-19.66405
593.618,43.62638
593.809,-15.67726
594.001,34.65608
594.193,29.17423
594.384,10.23694
594.576,-19.91323
594.767,4.75509
594.959,18.21053
595.15,15.46961
595.342,26.18413
595.533,43.87555
595.725,29.42341
595.916,37.397
596.108,28.42671
596.299,41.88215
596.491,27.92836
596.682,53.3442
596.873,71.78314
597.065,66.55047
597.256,27.67918
597.447,24.68908
597.639,40.88545
597.83,1.76499
598.021,34.90525
598.213,54.59007
598.404,46.61648
598.595,38.14453
598.786,16.46631
598.978,17.21383
599.169,33.16103
599.36,82.49767
599.551,126.35245
599.742,155.00757
599.934,189.14454
600.125,241.2221
600.316,235.98942
600.507,248.94652
600.698,250.93992
600.889,221.03893
601.08,234.49437
601.271,236.73695
601.462,209.32771
601.653,209.32771
601.844,188.39701
602.035,216.05543
602.226,180.42341
602.417,185.90526
602.608,155.7551
602.799,174.94157
602.99,164.47622
603.181,181.66929
603.372,178.67919
603.563,132.58183
603.754,136.31945
603.944,95.20559
604.135,99.93991
604.326,98.19569
604.517,44.3739
604.708,48.60988
604.898,34.4069
605.089,49.60658
605.28,43.62638
605.471,34.90525
605.661,22.94486
605.852,25.93496
606.043,36.64948
606.233,49.3574
606.424,3.75839
606.615,57.58017
606.805,36.15113
606.996,25.68578
607.186,41.63298
607.377,81.00262
607.568,33.90856
607.758,74.02572
607.949,105.92011
608.139,45.86895
608.33,50.85245
608.52,11.48281
608.711,24.68908
608.901,69.04222
609.092,-7.20531
609.282,87.73034
609.472,28.17753
609.663,35.65278
609.853,67.79635
610.044,50.85245
610.234,12.47951
610.424,26.18413
610.615,33.41021
610.805,10.73529
610.995,20.45311
611.185,52.09832
611.376,35.15443
611.566,46.61648
611.756,67.79635
611.946,26.18413
612.137,64.55707
612.327,30.66928
612.517,19.45641
612.707,70.28809
612.897,25.93496
613.087,30.91846
613.277,54.83925
613.468,33.41021
613.658,53.59337
613.848,66.55047
614.038,53.09502
614.228,90.22209
614.418,90.72044
614.608,103.17919
614.798,31.16763
614.988,40.88545
615.178,11.48281
615.368,48.3607
615.558,55.58677
615.748,24.93826
615.937,72.28149
616.127,34.65608
616.317,26.68248
616.507,-19.91323
616.697,9.48941
616.887,28.42671
617.077,12.47951
617.266,39.14123
617.456,26.68248
617.646,12.72869
617.836,28.92506
618.025,58.3277
618.215,10.98446
618.405,52.3475
618.595,51.84915
618.784,72.77984
618.974,42.3805
619.164,18.21053
619.353,52.09832
619.543,13.47621
619.732,6.00096
619.922,53.59337
620.112,-6.20861
620.301,28.17753
620.491,28.42671
620.68,-12.68716
620.87,35.90195
621.059,32.91186
621.249,-2.72016
621.438,16.96466
621.628,30.42011
621.817,30.91846
622.006,27.43001
622.196,-7.45448
622.385,-2.47098
622.575,42.13133
622.764,8.24354
622.953,40.63628
623.143,5.75179
623.332,52.84585
623.521,-4.46438
623.711,0.26994
623.9,1.01746
624.089,8.24354
624.278,-1.47429
624.468,9.98776
624.657,-26.89013
624.846,4.75509
625.035,-6.95613
625.224,5.25344
625.413,10.23694
625.603,16.21714
625.792,12.23034
625.981,11.48281
626.17,-1.72346
626.359,35.65278
626.548,23.69238
626.737,73.27819
626.926,17.46301
627.115,42.87885
627.304,42.13133
627.493,29.42341
627.682,41.88215
627.871,54.09172
628.06,26.18413
628.249,54.83925
628.438,19.45641
628.627,35.15443
628.816,17.96136
629.004,29.92176
629.193,36.64948
629.382,18.95806
629.571,39.14123
629.76,37.397
629.949,3.26004
630.137,20.45311
630.326,25.68578
630.515,60.07192
630.704,-20.41158
630.892,31.41681
631.081,3.01086
631.27,35.4036
631.458,18.95806
631.647,10.23694
631.836,12.72869
632.024,-0.22841
632.213,-8.94953
632.401,19.20723
632.59,37.89535
632.779,26.68248
632.967,31.16763
633.156,15.22044
633.344,19.20723
633.533,38.14453
633.721,12.47951
633.91,42.87885
634.098,51.3508
634.286,39.3904
634.475,14.97126
634.663,31.16763
634.852,57.58017
635.04,58.3277
635.228,38.3937
635.417,66.55047
635.605,64.55707
635.793,170.45642
635.982,26.43331
636.17,76.76664
636.358,50.85245
636.547,46.11813
636.735,45.3706
636.923,40.3871
637.111,38.14453
637.299,47.86235
637.488,45.61978
637.676,55.08842
637.864,57.82935
638.052,117.13298
638.24,137.56533
638.428,159.24354
638.616,177.68249
638.804,223.2815
638.992,216.80295
639.18,174.19404
639.369,156.50262
639.557,160.24024
639.745,109.65773
639.933,136.31945
640.12,75.27159
640.308,65.3046
640.496,92.46466
640.684,70.78644
640.872,118.87721
641.06,71.03562
641.248,81.00262
641.436,74.52407
641.624,21.44981
641.811,42.62968
641.999,7.24684
642.187,51.84915
642.375,6.99766
642.563,28.42671
642.75,23.44321
642.938,39.63958
643.126,7.99436
643.314,24.68908
643.501,-12.18881
643.689,-19.91323
643.877,2.51251
644.064,51.3508
644.252,17.46301
644.439,24.68908
644.627,0.76829
644.815,15.71879
645.002,7.49601
645.19,7.24684
645.377,-15.92643
645.565,-2.72016
645.752,-3.96603
645.94,-1.22511
646.127,-8.20201
646.315,30.17093
646.502,19.95476
646.69,15.46961
646.877,2.76169
647.064,28.42671
647.252,-14.68056
647.439,2.51251
647.627,-23.1525
647.814,0.26994
648.001,-10.94293
648.189,8.99106
648.376,-22.65415
648.563,-9.44788
648.75,8.99106
648.938,43.87555
649.125,-8.45118
649.312,-0.22841
649.499,19.95476
649.686,-2.96933
649.874,29.92176
650.061,21.94816
650.248,34.15773
650.435,39.3904
650.622,-0.97594
650.809,32.41351
650.996,17.21383
651.183,45.12143
651.37,11.48281
651.557,35.4036
651.744,2.01416
651.931,7.74519
652.118,-16.67396
652.305,30.42011
652.492,4.75509
652.679,-0.22841
652.866,1.76499
653.053,32.91186
653.24,-27.63765
653.427,2.01416
653.614,-3.71686
653.801,31.16763
653.987,-13.43468
654.174,-6.70696
654.361,14.47291
654.548,26.68248
654.735,-12.68716
654.921,1.01746
655.108,1.01746
655.295,24.93826
655.481,25.18743
655.668,36.4003
655.855,-10.44458
656.041,9.98776
656.228,7.99436
656.415,0.76829
656.601,-3.71686
656.788,3.75839
656.975,6.99766
657.161,37.89535
657.348,30.17093
657.534,58.82605
657.721,41.88215
657.907,47.11483
658.094,28.67588
658.28,69.54057
658.467,23.44321
658.653,9.48941
658.84,17.71218
659.026,40.13793
659.212,43.3772
659.399,16.96466
659.585,17.96136
659.771,29.67258
659.958,17.21383
660.144,18.95806
660.33,108.41186
660.517,35.4036
660.703,8.49271
660.889,16.46631
661.075,13.97456
661.262,10.98446
661.448,6.74849
661.634,11.73199
661.82,-11.69046
662.006,29.17423
662.193,-6.45778
662.379,0.02076
662.565,14.47291
662.751,14.47291
662.937,80.50427
663.123,42.87885
663.309,19.20723
663.495,70.78644
663.681,46.86565
663.867,76.26829
664.053,90.72044
664.239,176.18744
664.425,192.63299
664.611,275.10989
664.797,291.30626
664.983,353.84917
665.169,318.21715
665.355,247.94982
665.541,245.70725
665.726,201.35411
665.912,163.47952
666.098,147.28315
666.284,134.57523
666.47,149.52572
666.655,137.06698
666.841,121.86731
667.027,99.69074
667.213,98.44486
667.398,98.69404
667.584,77.26499
667.77,79.00922
667.955,69.78974
668.141,45.12143
668.327,20.45311
668.512,54.83925
668.698,46.61648
668.884,56.08512
669.069,29.42341
669.255,-4.46438
669.44,32.16433
669.626,33.16103
669.811,33.90856
669.997,11.98116
670.182,10.48611
670.368,16.71548
670.553,-2.72016
670.739,15.96796
670.924,27.92836
671.109,17.21383
671.295,29.92176
671.48,39.3904
671.665,116.88381
671.851,202.59998
672.036,269.87721
672.221,293.05048
672.407,390.22871
672.592,375.52738
672.777,359.58019
672.962,291.55543
673.148,272.86731
673.333,199.36071
673.518,187.64949
673.703,176.43662
673.888,171.70229
674.074,147.03397
674.259,151.51912
674.444,138.56203
674.629,139.06038
674.814,126.35245
674.999,89.72374
675.184,64.05872
675.369,79.00922
675.554,28.17753
675.739,50.10493
675.924,21.44981
676.109,44.87225
676.294,5.00426
676.479,41.88215
676.664,16.21714
676.849,9.98776
677.034,26.68248
677.219,12.72869
677.404,15.96796
677.588,32.41351
677.773,-2.47098
677.958,51.84915
678.143,-15.42808
678.328,-1.22511
678.512,8.49271
678.697,37.64618
678.882,42.3805
679.067,48.11153
679.251,8.49271
679.436,8.24354
679.621,18.45971
679.805,50.10493
679.99,24.43991
680.175,1.01746
680.359,15.46961
680.544,7.24684
680.729,-5.95943
680.913,43.62638
681.098,-12.93633
681.282,19.20723
681.467,14.22374
681.651,17.46301
681.836,0.51911
682.02,8.74189
682.205,16.21714
682.389,46.3673
682.573,8.74189
682.758,28.92506
682.942,2.51251
683.127,43.3772
683.311,26.93166
683.495,109.15938
683.68,187.89866
683.864,229.2617
684.048,259.16269
684.233,295.29306
684.417,342.38712
684.601,312.48613
684.785,294.79471
684.97,237.73365
685.154,229.76005
685.338,222.2848
685.522,162.73199
685.706,172.20064
685.89,154.01087
686.075,165.22374
686.259,132.08348
686.443,147.7815
686.627,102.43166
686.811,94.20889
686.995,94.95641
687.179,53.84255
687.363,70.53727
687.547,59.07522
687.731,29.67258
687.915,58.57687
688.099,13.22704
688.283,17.96136
688.467,30.66928
688.651,18.70888
688.835,31.16763
689.018,34.15773
689.202,36.64948
689.386,21.44981
689.57,57.82935
689.754,23.94156
689.938,36.15113
690.121,44.62308
690.305,57.82935
690.489,142.54882
690.673,147.7815
690.856,156.25345
691.04,172.20064
691.224,152.01747
691.407,151.02077
691.591,140.8046
691.775,113.14618
691.958,130.8376
692.142,119.37556
692.325,170.95477
692.509,226.02243
692.693,510.5802
692.876,1555.86903
693.06,3672.11171
693.243,6136.95012
693.427,8084.25219
693.61,9847.414
693.794,10980.66158
693.977,11020.52957
694.16,9637.11036
694.344,8042.14163
694.527,6696.84618
694.711,5507.53424
694.894,4737.33453
695.077,4208.08698
695.261,3790.4698
695.444,3457.57209
695.627,3128.41201
695.811,2661.45819
695.994,2198.74035
696.177,1682.69907
696.36,1294.98288
696.543,893.31289
696.727,660.5835
696.91,425.36237
697.093,292.80131
697.276,238.97952
697.459,182.16764
697.642,149.02737
697.826,95.20559
698.009,111.90031
698.192,84.49107
698.375,64.3079
698.558,77.51417
698.741,92.71384
698.924,76.26829
699.107,18.21053
699.29,81.75014
699.473,132.831
699.656,196.37061
699.839,197.86566
700.022,256.92012
700.205,291.80461
700.387,286.32276
700.57,267.13629
700.753,248.94652
700.936,210.57358
701.119,206.58678
701.302,153.7617
701.484,171.70229
701.667,122.11648
701.85,105.67093
702.033,104.92341
702.215,153.51252
702.398,106.91681
702.581,181.17094
702.763,234.74355
702.946,670.5505
703.129,1935.36245
703.311,4147.03913
703.494,6267.76695
703.677,8100.69774
703.859,9632.37604
704.042,10380.89752
704.224,10113.53283
704.407,8617.48655
704.589,7212.63829
704.772,6007.8775
704.954,5006.69263
705.137,4384.00448
705.319,3758.82458
705.502,3274.92687
705.684,2830.14962
705.866,2430.97138
706.049,2009.11823
706.231,1601.96639
706.414,1123.30135
706.596,814.07526
706.778,568.38878
706.961,422.87062
707.143,320.7089
707.325,256.17259
707.507,185.90526
707.69,187.89866
707.872,146.7848
708.054,165.97127
708.236,157.25015
708.418,139.06038
708.601,86.73364
708.783,106.16928
708.965,70.28809
709.147,86.98282
709.329,58.57687
709.511,83.99272
709.693,49.60658
709.875,60.81945
710.057,60.07192
710.239,55.3376
710.421,81.99932
710.603,69.04222
710.785,59.57357
710.967,154.01087
711.149,313.732
711.331,589.56865
711.513,789.90529
711.695,1005.69078
711.877,1166.15944
712.059,1309.93337
712.24,1186.09343
712.422,1043.06702
712.604,866.402
712.786,769.9713
712.968,625.69901
713.149,544.21881
713.331,505.34752
713.513,423.61815
713.695,341.63959
713.876,305.01088
714.058,210.57358
714.24,178.43001
714.421,137.06698
714.603,99.93991
714.785,46.86565
714.966,84.24189
715.148,49.10823
715.329,73.77654
715.511,21.69898
715.692,16.96466
715.874,1.76499
716.055,49.3574
716.237,-0.72676
716.418,21.20063
716.6,-24.1492
716.781,43.62638
716.963,16.96466
717.144,45.86895
717.325,48.11153
717.507,106.66763
717.688,73.27819
717.87,80.50427
718.051,93.71054
718.232,96.20229
718.413,68.54387
718.595,98.94321
718.776,53.59337
718.957,72.03232
719.138,70.03892
719.32,45.61978
719.501,57.82935
719.682,42.87885
719.863,31.91516
720.044,29.92176
720.225,24.43991
720.407,59.07522
720.588,34.90525
720.769,22.19733
720.95,7.99436
721.131,22.94486
721.312,15.22044
721.493,16.71548
721.674,26.18413
721.855,42.13133
722.036,1.26664
722.217,19.70558
722.398,-9.19871
722.579,33.90856
722.76,-5.46108
722.94,36.64948
723.121,22.19733
723.302,36.15113
723.483,124.60823
723.664,350.85907
723.845,818.31123
724.025,1407.11159
724.206,1789.34594
724.387,2229.63804
724.568,2484.04564
724.748,2543.59845
724.929,2267.01428
725.11,1907.45485
725.29,1600.47134
725.471,1350.05054
725.652,1038.08352
725.832,865.4053
726.013,658.5901
726.194,512.5736
726.374,337.65279
726.555,295.54223
726.735,249.69404
726.916,187.15114
727.096,121.11978
727.277,151.51912
727.457,49.3574
727.638,67.79635
727.818,73.27819
727.999,101.68414
728.179,75.27159
728.359,100.93661
728.54,127.8475
728.72,147.03397
728.9,95.45476
729.081,111.40196
729.261,78.26169
729.441,75.02242
729.622,41.3838
729.802,46.61648
729.982,45.86895
730.162,56.3343
730.343,48.60988
730.523,48.85905
730.703,34.90525
730.883,43.12803
731.063,25.68578
731.243,45.61978
731.424,55.3376
731.604,49.60658
731.784,50.60328
731.964,120.37226
732.144,130.8376
732.324,146.03727
732.504,148.52902
732.684,199.11153
732.864,169.21054
733.044,148.27985
733.224,129.8409
733.404,131.8343
733.584,112.14948
733.764,204.34421
733.943,254.17919
734.123,332.17095
734.303,393.96633
734.483,532.00924
734.663,1024.3789
734.843,2648.00275
735.022,5900.48311
735.202,9361.02454
735.382,11896.62862
735.562,14204.736
735.741,15640.48195
735.921,15712.4935
736.101,13404.88448
736.281,10837.13682
736.46,8803.37104
736.64,6876.99966
736.819,4982.02432
736.999,3531.32787
737.179,2417.26676
737.358,1685.68917
737.538,1115.32775
737.717,815.32114
737.897,616.47954
738.076,501.36072
738.256,367.80296
738.435,361.32441
738.615,262.40197
738.794,263.39867
738.974,200.35741
739.153,186.40361
739.332,188.39701
739.512,190.88876
739.691,138.06368
739.871,140.8046
740.05,136.8178
740.229,154.01087
740.408,159.74189
740.588,190.63959
740.767,184.65939
740.946,200.10823
741.126,155.7551
741.305,160.48942
741.484,149.27655
741.663,132.08348
741.842,106.66763
742.021,114.39206
742.201,84.49107
742.38,84.49107
742.559,72.77984
742.738,66.79965
742.917,55.08842
743.096,111.15278
743.275,76.76664
743.454,58.07852
743.633,87.48117
743.812,90.72044
743.991,99.69074
744.17,130.8376
744.349,112.39866
744.528,144.29305
744.707,133.08018
744.886,146.7848
745.064,126.35245
745.243,142.05047
745.422,126.8508
745.601,164.47622
745.78,183.66269
745.958,182.66599
746.137,167.46632
746.316,230.75675
746.495,402.1891
746.673,1130.27825
746.852,3749.85429
747.031,9528.22091
747.209,15087.3136
747.388,19288.40292
747.567,23404.02524
747.745,26589.72672
747.924,28001.80105
748.103,27945.23834
748.281,27878.21029
748.46,27311.08815
748.638,26143.95277
748.817,25282.55504
748.995,22604.42289
749.174,18379.41278
749.352,14122.50827
749.531,10785.80679
749.709,7524.10695
749.888,5106.36261
750.066,3417.95328
750.244,2268.01098
750.423,1596.73372
750.601,1172.88716
750.779,875.12312
750.958,689.23862
751.136,579.60165
751.314,454.26666
751.493,367.80296
751.671,343.13464
751.849,304.51253
752.027,280.59174
752.205,238.73035
752.384,225.02573
752.562,174.94157
752.74,177.43331
752.918,184.41021
753.096,175.93827
753.274,151.7683
753.452,156.00427
753.63,112.14948
753.809,136.8178
753.987,118.12968
754.165,147.28315
754.343,97.69734
754.521,112.89701
754.699,97.94651
754.876,93.46136
755.054,116.13628
755.232,99.69074
755.41,51.10163
755.588,121.11978
755.766,86.73364
755.944,63.06202
756.122,84.24189
756.3,92.21549
756.477,76.51747
756.655,90.47126
756.833,88.72704
757.011,125.35575
757.188,104.17589
757.366,93.46136
757.544,115.38876
757.721,104.42506
757.899,117.38216
758.077,109.65773
758.254,101.68414
758.432,143.04717
758.61,118.87721
758.787,155.50592
758.965,141.05377
759.142,172.44982
759.32,191.13794
759.497,267.38546
759.675,539.48449
759.852,2021.07862
760.03,6909.3924
760.207,16156.27405
760.385,24884.3735
760.562,30646.04541
760.74,35463.84268
760.917,38112.07384
761.094,35524.89054
761.272,28172.73505
761.449,20272.6439
761.626,14867.79049
761.804,10029.06252
761.981,6821.932
762.158,4388.98798
762.335,2918.35755
762.513,1924.14957
762.69,1379.204
762.867,1034.84425
763.044,808.84259
763.221,599.53565
763.399,531.76007
763.576,434.58184
763.753,405.92673
763.93,312.23695
764.107,272.86731
764.284,269.37886
764.461,252.68414
764.638,227.01913
764.815,203.59668
764.992,188.14784
765.169,168.96137
765.346,140.30625
765.523,163.72869
765.7,143.04717
765.877,147.53232
766.054,141.8013
766.231,156.50262
766.408,99.93991
766.584,106.66763
766.761,74.27489
766.938,103.92671
767.115,103.67754
767.292,111.15278
767.468,84.49107
767.645,116.63463
767.822,80.25509
767.999,126.60163
768.175,129.8409
768.352,138.06368
768.529,225.52408
768.705,628.68911
768.882,2087.10998
769.059,5555.12665
769.235,9663.27373
769.412,12202.86461
769.588,14198.7558
769.765,15097.52978
769.941,14748.4357
770.118,12038.40916
770.294,8508.34793
770.471,6314.61184
770.647,4434.08864
770.824,3118.94336
771,2123.73869
771.177,1413.59014
771.353,933.18088
771.529,679.02245
771.706,494.633
771.882,404.68085
772.058,291.55543
772.235,235.49107
772.411,232.2518
772.587,199.60988
772.764,132.33265
772.94,165.97127
773.116,124.35905
773.292,90.72044
773.468,99.69074
773.645,122.11648
773.821,74.52407
773.997,112.39866
774.173,116.88381
774.349,117.63133
774.525,73.52737
774.701,83.24519
774.877,85.23859
775.053,72.03232
775.229,97.94651
775.405,96.94981
775.581,76.01912
775.757,64.80625
775.933,26.93166
776.109,49.60658
776.285,30.66928
776.461,60.3211
776.637,58.07852
776.813,25.68578
776.989,58.57687
777.165,18.45971
777.34,34.65608
777.516,48.3607
777.692,47.364
777.868,63.80955
778.043,43.3772
778.219,70.78644
778.395,36.64948
778.571,37.89535
778.746,42.62968
778.922,48.60988
779.098,47.86235
779.273,17.46301
779.449,106.91681
779.624,24.43991
779.8,27.92836
779.976,45.12143
780.151,19.95476
780.327,26.18413
780.502,20.20393
780.678,40.63628
780.853,29.42341
781.029,46.3673
781.204,49.60658
781.38,20.45311
781.555,32.66268
781.73,22.44651
781.906,14.22374
782.081,34.65608
782.256,22.94486
782.432,16.71548
782.607,45.3706
782.782,40.63628
782.958,-2.22181
783.133,35.90195
783.308,48.11153
783.483,30.66928
783.659,14.72209
783.834,42.62968
784.009,11.73199
784.184,42.3805
784.359,24.68908
784.534,19.45641
784.709,24.43991
784.885,20.95146
785.06,42.62968
785.235,37.64618
785.41,40.3871
785.585,46.86565
785.76,32.91186
785.935,77.01582
786.11,61.06862
786.285,56.58347
786.46,95.70394
786.634,64.80625
786.809,84.98942
786.984,50.60328
787.159,27.18083
787.334,23.69238
787.509,37.89535
787.684,39.63958
787.858,30.66928
788.033,23.94156
788.208,36.64948
788.383,47.364
788.557,25.18743
788.732,62.81285
788.907,31.91516
789.082,29.92176
789.256,61.06862
789.431,22.44651
789.605,22.44651
789.78,56.83265
789.955,28.42671
790.129,57.331
790.304,45.86895
790.478,48.3607
790.653,47.11483
790.827,110.15608
791.002,168.46302
791.176,532.00924
791.351,1601.71721
791.525,3523.60345
791.7,5410.35602
791.874,6485.29667
792.048,7307.07559
792.223,7686.56901
792.397,7214.63169
792.572,5879.55241
792.746,4234.7487
792.92,3376.83942
793.094,2682.13971
793.269,2081.37896
793.443,1504.28982
793.617,1046.55547
793.791,749.28978
793.966,532.50759
794.14,364.06534
794.314,292.30296
794.488,208.33101
794.662,197.11813
794.836,131.33595
795.01,140.8046
795.185,139.8079
795.359,127.59833
795.533,86.48447
795.707,99.69074
795.881,84.98942
796.055,93.71054
796.229,80.25509
796.403,87.23199
796.577,97.19899
796.75,144.7914
796.924,274.86071
797.098,779.19077
797.272,1684.94164
797.446,2858.80474
797.62,3641.21402
797.794,4341.89392
797.967,5574.06395
798.141,7272.1911
798.315,8868.15652
798.489,9491.84137
798.663,9620.41564
798.836,9822.99486
799.01,9319.41232
799.184,7982.58882
799.357,6062.19764
799.531,4661.08701
799.705,3712.22887
799.878,2930.81629
800.052,2160.11823
800.225,1627.63141
800.399,1124.54722
800.572,804.35744
800.746,560.66436
800.92,462.48943
801.093,299.03068
801.266,256.92012
801.44,217.05213
801.613,208.82936
801.787,175.43992
801.96,134.32605
802.134,137.06698
802.307,151.02077
802.48,123.8607
802.654,129.34255
802.827,99.93991
803,109.65773
803.174,127.09998
803.347,96.20229
803.52,77.51417
803.693,78.26169
803.867,56.3343
804.04,93.95971
804.213,77.76334
804.386,76.26829
804.559,60.07192
804.732,62.3145
804.906,73.52737
805.079,110.15608
805.252,70.78644
805.425,68.04552
805.598,70.28809
805.771,82.99602
805.944,90.47126
806.117,98.44486
806.29,172.69899
806.463,217.3013
806.636,386.24191
806.809,871.13632
806.982,1849.3971
807.154,3414.21566
807.327,5008.93521
807.5,6003.8907
807.673,6719.02275
807.846,7623.52775
808.019,8602.78522
808.191,10663.96025
808.364,13238.93397
808.537,15935.00672
808.71,17317.18005
808.882,18002.90946
809.055,17553.64706
809.228,15977.8648
809.4,13109.36301
809.573,10256.06089
809.746,8416.90073
809.918,7088.05082
810.091,5318.1613
810.263,4062.56882
810.436,2874.00441
810.609,2074.15288
810.781,1438.00929
810.954,1012.91686
811.126,746.79803
811.299,593.0571
811.471,436.57524
811.643,403.68415
811.816,287.81781
811.988,273.36566
812.161,214.56038
812.333,215.55708
812.505,199.36071
812.678,209.82606
812.85,143.29635
813.022,142.05047
813.195,116.13628
813.367,118.12968
813.539,98.44486
813.711,127.09998
813.884,111.65113
814.056,124.60823
814.228,86.98282
814.4,116.63463
814.572,94.20889
814.744,120.12308
814.917,60.3211
815.089,80.75344
815.261,89.22539
815.433,95.70394
815.605,56.83265
815.777,49.85575
815.949,73.27819
816.121,77.01582
816.293,48.85905
816.465,57.82935
816.637,33.16103
816.809,78.01252
816.98,56.58347
817.152,86.73364
817.324,44.87225
817.496,49.60658
817.668,40.63628
817.84,75.76994
818.011,41.88215
818.183,74.52407
818.355,27.67918
818.527,43.87555
818.698,17.71218
818.87,23.69238
819.042,38.14453
819.214,68.04552
819.385,38.14453
819.557,47.61318
819.728,22.19733
819.9,35.90195
820.072,50.60328
820.243,38.14453
820.415,32.16433
820.586,28.42671
820.758,35.90195
820.929,28.42671
821.101,47.86235
821.272,66.05212
821.444,43.3772
821.615,85.98612
821.787,34.4069
821.958,66.05212
822.129,42.87885
822.301,39.14123
822.472,66.55047
822.643,121.36896
822.815,183.41351
822.986,427.35577
823.157,679.5208
823.328,1168.90036
823.5,1665.25682
823.671,2078.63803
823.842,2291.6826
824.013,2438.19746
824.184,2461.37072
824.356,2283.45982
824.527,1939.59842
824.698,1611.68421
824.869,1415.58354
825.04,1237.92182
825.211,933.18088
825.382,712.16271
825.553,518.80297
825.724,372.78646
825.895,273.61484
826.066,216.3046
826.237,138.31285
826.408,136.56863
826.579,109.65773
826.75,76.01912
826.921,82.99602
827.092,89.72374
827.262,54.59007
827.433,38.3937
827.604,33.65938
827.775,28.67588
827.946,38.14453
828.116,36.89865
828.287,14.47291
828.458,52.09832
828.629,42.3805
828.799,53.09502
828.97,15.96796
829.141,31.41681
829.311,21.69898
829.482,59.3244
829.652,11.73199
829.823,17.71218
829.994,35.4036
830.164,51.10163
830.335,9.73859
830.505,32.16433
830.676,2.51251
830.846,46.61648
831.017,-4.21521
831.187,24.93826
831.357,16.46631
831.528,22.69568
831.698,18.45971
831.869,13.97456
832.039,5.00426
832.209,25.18743
832.38,35.15443
832.55,4.00756
832.72,54.3409
832.89,27.67918
833.061,-9.69706
833.231,22.69568
833.401,6.99766
833.571,8.74189
833.742,9.24024
833.912,56.08512
834.082,10.23694
834.252,8.49271
834.422,16.46631
834.592,20.20393
834.762,-7.70366
834.932,-2.22181
835.102,-16.42478
835.272,16.71548
835.442,6.74849
835.612,35.65278
835.782,31.91516
835.952,27.43001
836.122,17.46301
836.292,42.62968
836.462,40.88545
836.632,77.01582
836.802,48.85905
836.972,99.19239
837.141,148.52902
837.311,213.56368
837.481,415.39537
837.651,712.66106
837.821,1123.05217
837.99,1695.90534
838.16,2247.08028
838.33,2686.87404
838.499,2898.9219
838.669,3195.44007
838.839,3152.08363
839.008,3094.02587
839.178,2956.48131
839.348,2933.30804
839.517,3183.47967
839.687,3489.96483
839.856,3834.32459
840.026,4107.91866
840.195,4096.70579
840.365,4104.43021
840.534,3967.88235
840.704,3685.56715
840.873,3197.93182
841.042,2709.0506
841.212,2242.09679
841.381,1857.12152
841.551,1397.1446
841.72,1024.62808
841.889,753.77493
842.059,561.91023
842.228,373.03563
842.397,266.88711
842.566,215.3079
842.736,219.79305
842.905,181.42011
843.074,150.7716
843.243,112.14948
843.412,141.55212
843.582,85.48777
843.751,82.49767
843.92,64.80625
844.089,63.56037
844.258,47.11483
844.427,73.02902
844.596,46.61648
844.765,49.60658
844.934,70.78644
845.103,49.3574
845.272,57.331
845.441,58.07852
845.61,82.99602
845.779,52.59667
845.948,32.41351
846.117,42.13133
846.286,38.89205
846.454,72.28149
846.623,37.89535
846.792,73.27819
846.961,22.19733
847.13,49.10823
847.298,49.60658
847.467,32.91186
847.636,62.06532
847.805,36.64948
847.973,21.20063
848.142,29.92176
848.311,64.55707
848.479,58.57687
848.648,63.80955
848.816,117.63133
848.985,116.63463
849.154,241.72045
849.322,345.87557
849.491,523.78647
849.659,724.12311
849.828,920.22378
849.996,1045.55877
850.165,1086.67263
850.333,1156.69079
850.501,1144.48122
850.67,1050.54227
850.838,955.8558
851.007,762.49605
851.175,608.50594
851.343,483.6693
851.512,380.01253
851.68,267.63464
851.848,205.83926
852.016,160.24024
852.185,104.42506
852.353,82.99602
852.521,76.76664
852.689,61.3178
852.857,81.99932
853.026,62.56367
853.194,44.62308
853.362,47.61318
853.53,53.84255
853.698,-7.20531
853.866,43.87555
854.034,20.95146
854.202,2.51251
854.37,-5.46108
854.538,14.72209
854.706,30.42011
854.874,-9.19871
855.042,4.50591
855.21,36.89865
855.378,17.21383
855.546,16.96466
855.713,9.73859
855.881,21.94816
856.049,-23.40168
856.217,24.93826
856.385,14.97126
856.553,16.71548
856.72,6.00096
856.888,28.92506
857.056,4.75509
857.223,30.91846
857.391,19.70558
857.559,43.3772
857.726,-15.17891
857.894,29.42341
858.062,23.69238
858.229,39.3904
858.397,39.63958
858.564,7.99436
858.732,12.97786
858.899,43.12803
859.067,28.17753
859.234,27.18083
859.402,31.41681
859.569,21.94816
859.737,-0.22841
859.904,37.397
860.072,18.21053
860.239,5.00426
860.406,46.61648
860.574,75.02242
860.741,18.70888
860.908,37.14783
861.076,9.98776
861.243,31.41681
861.41,-7.45448
861.577,110.15608
861.745,-5.46108
861.912,15.96796
862.079,-23.40168
862.246,5.50261
862.413,4.25674
862.58,-3.71686
862.748,34.90525
862.915,52.84585
863.082,4.50591
863.249,45.86895
863.416,39.14123
863.583,47.61318
863.75,19.45641
863.917,48.3607
864.084,20.95146
864.251,48.60988
864.418,74.77324
864.585,120.37226
864.751,147.03397
864.918,153.51252
865.085,181.42011
865.252,168.71219
865.419,204.59338
865.586,208.58018
865.752,157.7485
865.919,156.25345
866.086,147.03397
866.253,100.68744
866.419,61.56697
866.586,33.41021
866.753,16.96466
866.919,49.60658
867.086,16.46631
867.253,10.48611
867.419,0.26994
867.586,24.43991
867.752,19.95476
867.919,-4.46438
868.085,10.23694
868.252,22.44651
868.418,1.01746
868.585,50.10493
868.751,-5.46108
868.918,25.43661
869.084,13.47621
869.251,-1.97263
869.417,-0.22841
869.583,41.63298
869.75,13.97456
869.916,27.43001
870.082,29.67258
870.249,18.21053
870.415,12.23034
870.581,27.67918
870.747,22.19733
870.914,37.64618
871.08,5.25344
871.246,-0.72676
871.412,-13.68386
871.578,42.87885
871.744,10.98446
871.911,22.69568
872.077,-4.71356
872.243,7.74519
872.409,-4.21521
872.575,1.26664
872.741,-23.40168
872.907,-2.22181
873.073,21.94816
873.239,-2.96933
873.405,30.66928
873.571,25.43661
873.737,1.26664
873.902,23.44321
874.068,-9.94623
874.234,8.24354
874.4,-15.17891
874.566,12.72869
874.732,3.26004
874.897,16.21714
875.063,10.73529
875.229,21.44981
875.395,23.44321
875.56,9.24024
875.726,2.51251
875.892,-4.46438
876.057,35.65278
876.223,16.21714
876.389,37.89535
876.554,-0.22841
876.72,24.93826
876.885,41.63298
877.051,13.72539
877.217,-5.21191
877.382,-19.91323
877.548,6.99766
877.713,15.22044
877.878,23.69238
878.044,-6.45778
878.209,8.99106
878.375,-1.22511
878.54,27.67918
878.705,-14.68056
878.871,5.00426
879.036,26.93166
879.201,-0.72676
879.367,42.13133
879.532,20.70228
879.697,17.21383
879.863,7.49601
880.028,28.17753
880.193,20.20393
880.358,4.00756
880.523,25.43661
880.688,7.74519
880.854,34.90525
881.019,36.89865
881.184,26.93166
881.349,39.63958
881.514,11.48281
881.679,-22.65415
881.844,41.88215
882.009,3.26004
882.174,26.93166
882.339,27.43001
882.504,30.42011
882.669,22.94486
882.834,9.24024
882.999,-18.91653
883.163,11.48281
883.328,28.17753
883.493,-8.45118
883.658,13.22704
883.823,17.71218
883.988,26.68248
884.152,39.88875
884.317,1.76499
884.482,41.13463
884.646,9.73859
884.811,31.91516
884.976,-23.90003
885.14,8.24354
885.305,-3.46768
885.47,44.3739
885.634,0.02076
885.799,32.91186
885.963,21.69898
886.128,-7.45448
886.292,-21.65745
886.457,12.47951
886.621,-2.22181
886.786,51.10163
886.95,6.74849
887.115,32.16433
887.279,-4.46438
887.444,9.73859
887.608,37.89535
887.772,-6.45778
887.937,17.21383
888.101,42.13133
888.265,48.85905
888.43,5.00426
888.594,-1.47429
888.758,33.65938
888.922,25.18743
889.087,55.58677
889.251,7.99436
889.415,41.13463
889.579,0.02076
889.743,27.67918
889.907,7.49601
890.071,38.3937
890.236,28.42671
890.4,1.26664
890.564,33.90856
890.728,25.68578
890.892,14.47291
891.056,2.76169
891.22,-2.47098
891.384,8.24354
891.548,28.17753
891.711,45.3706
891.875,49.10823
892.039,2.01416
892.203,42.3805
892.367,48.3607
892.531,19.45641
892.695,2.51251
892.858,5.00426
893.022,18.70888
893.186,36.89865
893.35,2.01416
893.513,18.95806
893.677,8.24354
893.841,22.44651
894.004,68.2947
894.168,39.63958
894.332,33.41021
894.495,16.46631
894.659,30.42011
894.822,19.45641
894.986,14.97126
895.149,-9.69706
895.313,33.65938
895.476,-7.70366
895.64,2.51251
895.803,-10.19541
895.967,27.43001
896.13,28.17753
896.294,40.63628
896.457,40.63628
