195.513,-329.26391
195.729,-329.26391
195.945,-329.26391
196.161,-343.2177
196.378,-326.77216
196.594,-67.13188
196.81,-99.27545
197.026,50.97704
197.242,-48.94211
197.458,-20.78534
197.674,94.0843
197.89,3.38463
198.106,120.24767
198.322,-46.69953
198.538,4.87968
198.754,-29.75564
198.97,39.01664
199.186,-46.94871
199.402,35.27902
199.618,-37.72924
199.834,80.37968
200.049,20.32852
200.265,18.5843
200.481,28.80047
200.697,323.32524
200.913,20.32852
201.129,21.32522
201.345,-55.91901
201.56,70.91103
201.776,-31.99821
201.992,-2.3464
202.208,69.41598
202.424,-106.50152
202.639,-13.06092
202.855,54.71466
203.071,-23.27709
203.287,47.23941
203.502,-25.51967
203.718,67.17341
203.934,55.21301
204.15,11.10905
204.365,-71.36785
204.581,77.88793
204.797,-90.30515
205.012,5.87638
205.228,-37.72924
205.444,-91.8002
205.659,-38.22759
205.875,49.23281
206.091,25.81037
206.306,117.75592
206.522,62.18991
206.737,7.12225
206.953,81.62555
207.168,23.5678
207.384,98.81862
207.6,14.5975
207.815,108.53645
208.031,-57.41406
208.246,-51.43386
208.462,0.6437
208.677,-19.04112
208.893,-37.23089
209.108,9.36482
209.323,-67.13188
209.539,-37.23089
209.754,86.60905
209.97,52.72126
210.185,0.89288
210.401,-75.60383
210.616,102.80542
210.831,27.30542
211.047,-22.03122
211.262,-33.49326
211.477,62.43908
211.693,-33.24409
211.908,83.86813
212.123,-58.41076
212.339,-6.3332
212.554,-24.27379
212.769,68.41928
212.985,3.6338
213.2,-69.62363
213.415,51.72456
213.63,-61.65003
213.846,-54.17478
214.061,-107.49822
214.276,17.33842
214.491,-73.36125
214.706,-3.84145
214.922,-30.75234
215.137,26.55789
215.352,-84.07577
215.567,-19.04112
215.782,33.53479
215.997,-45.20449
216.212,-31.25069
216.428,-23.77544
216.643,-24.77214
216.858,-110.98667
217.073,64.18331
217.288,-59.90581
217.503,-17.79524
217.718,-114.72429
217.933,79.63215
218.148,33.03644
218.363,-31.00151
218.578,146.90939
218.793,-47.19788
219.008,-55.66983
219.223,-2.3464
219.438,-130.67149
219.653,-52.18138
219.868,14.09915
220.083,-72.36455
220.298,21.5744
220.512,-15.05432
220.727,-58.41076
220.942,23.06945
221.157,24.81367
221.372,-84.32495
221.587,18.33512
221.802,27.05624
222.016,55.46219
222.231,13.84997
222.446,25.31202
222.661,42.25592
222.876,16.84007
223.09,20.82687
223.305,22.82027
223.52,-20.53617
223.735,36.02654
223.949,81.37638
224.164,62.43908
224.379,-25.51967
224.594,85.114
224.808,-34.98831
225.023,44.74766
225.238,-10.81834
225.452,176.81038
225.667,48.73446
225.882,46.24271
226.096,68.66846
226.311,5.12885
226.525,-49.68963
226.74,44.00014
226.955,77.63876
227.169,44.00014
227.384,-82.08237
227.598,-135.65498
227.813,-38.97511
228.027,27.80377
228.242,20.82687
228.456,-62.64673
228.671,-27.26389
228.885,16.5909
229.1,73.40278
229.314,0.14535
229.529,-22.77874
229.743,36.77407
229.958,41.01004
230.172,-51.93221
230.386,20.32852
230.601,119.25097
230.815,-44.45696
231.03,108.78562
231.244,3.13545
231.458,49.98034
231.673,21.5744
231.887,-75.853
232.101,75.14701
232.316,-78.34475
232.53,110.28067
232.744,-163.81175
232.958,68.66846
233.173,23.5678
233.387,-41.71604
233.601,-78.09558
233.815,170.33183
234.03,71.65856
234.244,-0.60217
234.458,-105.00647
234.672,62.68826
234.886,73.40278
235.101,97.0744
235.315,-0.60217
235.529,55.71136
235.743,57.95394
235.957,-103.26224
236.171,-19.29029
236.385,105.048
236.599,205.96384
236.814,-3.3431
237.028,-64.14178
237.242,127.22457
237.456,3.13545
237.67,-21.53287
237.884,39.26582
238.098,-41.46686
238.312,-75.10548
238.526,-82.58072
238.74,15.5942
238.954,-43.70944
239.168,93.33678
239.382,61.69156
239.596,-2.3464
239.81,10.11235
240.024,17.33842
240.237,-38.22759
240.451,3.6338
240.665,-43.46026
240.879,-32.74574
241.093,-58.16158
241.307,-67.63023
241.521,44.74766
241.734,-0.353
241.948,62.68826
242.162,-29.00811
242.376,63.43578
242.59,18.08595
242.803,104.30047
243.017,-13.80844
243.231,-35.23749
243.445,-43.70944
243.658,-49.44046
243.872,-77.8464
244.086,111.77572
244.3,50.72786
244.513,-67.38105
244.727,-96.28535
244.941,11.35822
245.154,-80.8365
245.368,83.1206
245.582,66.17671
245.795,-53.92561
246.009,53.96714
246.222,107.29057
246.436,-9.07412
246.65,-90.55432
246.863,85.61235
247.077,-38.97511
247.29,23.5678
247.504,-56.16818
247.717,36.77407
247.931,30.29552
248.144,28.80047
248.358,-67.63023
248.571,167.59091
248.785,-57.41406
248.998,18.33512
249.212,71.65856
249.425,-42.71274
249.639,96.0777
249.852,-13.55927
250.065,-119.20944
250.279,139.93249
250.492,138.93579
250.706,-60.15498
250.919,-61.15168
251.132,16.34172
251.346,-46.45036
251.559,4.6305
251.772,184.28563
251.986,62.18991
252.199,24.5645
252.412,-18.04442
252.625,9.11565
252.839,-26.26719
253.052,-70.62033
253.265,-77.59723
253.478,-5.58567
253.692,-58.65993
253.905,13.10245
254.118,0.6437
254.331,-25.02132
254.544,-65.38765
254.758,5.6272
254.971,10.85987
255.184,-38.47676
255.397,149.65031
255.61,-24.27379
255.823,-48.44376
256.036,14.5975
256.249,92.0909
256.462,72.65526
256.676,-31.99821
256.889,-16.05102
257.102,117.00839
257.315,-92.04937
257.528,29.29882
257.741,-74.10878
257.954,-15.05432
258.167,-35.73584
258.38,56.20971
258.593,12.35492
258.806,-63.64343
259.019,66.92423
259.231,41.50839
259.444,86.60905
259.657,3.38463
259.87,90.59585
260.083,41.75757
260.296,228.38959
260.509,-46.94871
260.722,152.39123
260.935,-5.83485
261.147,23.81697
261.36,-24.77214
261.573,141.92589
261.786,-42.46356
261.999,6.6239
262.211,12.85327
262.424,47.48859
262.637,-105.50482
262.85,-32.74574
263.062,-148.36291
263.275,83.1206
263.488,-55.91901
263.7,23.5678
263.913,-92.54772
264.126,-4.83815
264.338,106.79222
264.551,-65.13848
264.764,35.77737
264.976,83.36978
265.189,26.80707
265.402,-2.59557
265.614,-50.43716
265.827,34.78067
266.039,-148.86126
266.252,20.07935
266.465,8.36812
266.677,34.78067
266.89,1.88958
267.102,-43.70944
267.315,43.75096
267.527,115.76252
267.74,-44.45696
267.952,-68.62693
268.165,-16.30019
268.377,-77.8464
268.589,18.08595
268.802,69.91433
269.014,56.20971
269.227,108.53645
269.439,89.84833
269.651,-85.32165
269.864,-9.3233
270.076,92.58925
270.289,21.07605
270.501,-23.02792
270.713,111.27737
270.926,245.83183
271.138,19.33182
271.35,32.03974
271.562,-5.3365
271.775,54.96384
271.987,124.48364
272.199,-65.63683
272.411,-22.28039
272.624,112.27407
272.836,-55.42066
273.048,-79.8398
273.26,-90.30515
273.472,42.75427
273.685,-25.02132
273.897,9.11565
274.109,37.77077
274.321,-71.36785
274.533,83.36978
274.745,20.5777
274.957,-31.25069
275.17,-42.21439
275.382,-80.08898
275.594,-16.54937
275.806,-46.45036
276.018,-93.29525
276.23,14.34832
276.442,-29.25729
276.654,-41.21769
276.866,69.16681
277.078,159.86648
277.29,-74.10878
277.502,-9.82165
277.714,-26.76554
277.926,-3.84145
278.138,-64.8893
278.35,58.20311
278.562,-64.14178
278.773,-25.02132
278.985,-4.09062
279.197,11.85657
279.409,0.14535
279.621,-20.78534
279.833,49.23281
280.045,-27.51307
280.256,-44.20779
280.468,-65.63683
280.68,-19.29029
280.892,35.27902
281.104,-10.32
281.315,-21.78204
281.527,-12.06422
281.739,-21.78204
281.951,52.72126
282.162,75.39618
282.374,122.24107
282.586,-20.53617
282.797,-19.78864
283.009,-55.17148
283.221,91.0942
283.432,71.16021
283.644,-81.33485
283.856,62.93743
284.067,-57.16488
284.279,94.83183
284.49,33.78397
284.702,-92.04937
284.914,123.48694
285.125,62.43908
285.337,-111.98337
285.548,-28.26059
285.76,38.26912
285.971,71.16021
286.183,119.99849
286.394,-85.82
286.606,-30.75234
286.817,14.09915
287.029,70.66186
287.24,-108.24574
287.452,102.55625
287.663,159.86648
287.874,0.39453
288.086,29.04964
288.297,70.91103
288.509,-27.26389
288.72,-55.17148
288.931,203.97044
289.143,73.40278
289.354,25.81037
289.565,-85.57082
289.777,133.20476
289.988,116.01169
290.199,40.01334
290.411,22.5711
290.622,-26.26719
290.833,28.55129
291.044,-14.55597
291.256,85.36318
291.467,135.19816
291.678,134.45064
291.889,191.01335
292.1,241.34668
292.312,232.62556
292.523,336.78068
292.734,480.05627
292.945,179.05295
293.156,172.07605
293.367,296.41434
293.578,262.52655
293.789,309.86979
294.001,345.00346
294.212,343.75758
294.423,235.11731
294.634,286.44735
294.845,385.61897
295.056,115.51334
295.267,73.90113
295.478,128.96879
295.689,10.11235
295.9,688.61568
296.111,-34.98831
296.322,-58.41076
296.533,-8.07742
296.744,10.85987
296.954,49.73116
297.165,-43.21109
297.376,47.23941
297.587,-18.79194
297.798,47.98694
298.009,25.56119
298.22,82.37308
298.431,109.28397
298.641,-41.21769
298.852,55.71136
299.063,-12.56257
299.274,118.75262
299.485,-12.56257
299.695,104.54965
299.906,-53.67643
300.117,-56.91571
300.328,64.93083
300.538,69.41598
300.749,-49.93881
300.96,-15.30349
301.171,78.13711
301.381,-20.53617
301.592,25.31202
301.803,35.52819
302.013,-53.42726
302.224,56.95724
302.434,93.58595
302.645,-5.83485
302.856,85.114
303.066,-6.08402
303.277,82.1239
303.487,-23.77544
303.698,-21.28369
303.908,-54.92231
304.119,35.27902
304.33,10.36152
304.54,47.23941
304.751,-13.55927
304.961,67.92093
305.171,79.1338
305.382,-8.07742
305.592,198.73777
305.803,140.18166
306.013,152.39123
306.224,275.73282
306.434,458.12887
306.644,291.43085
306.855,363.4424
307.065,401.31699
307.276,567.76584
307.486,639.52822
307.696,703.56618
307.907,871.75926
308.117,808.46883
308.327,1124.42264
308.537,1092.27907
308.748,1154.82198
308.958,1228.57776
309.168,1408.73123
309.379,1782.99198
309.589,2208.83193
309.799,2652.61248
310.009,3237.67522
310.219,3650.05973
310.43,3567.832
310.64,3511.26929
310.85,3436.26764
311.06,3415.58612
311.27,3758.94917
311.48,4578.23634
311.69,5946.20671
311.901,7539.18204
312.111,9447.11447
312.321,11075.47264
312.531,11846.1707
312.741,11272.57001
312.951,9989.5683
313.161,7891.01704
313.371,5285.39479
313.581,3103.12076
313.791,1606.07778
314.001,737.2048
314.211,415.51996
314.421,345.75098
314.631,271.49685
314.841,203.72127
315.051,197.99025
315.261,179.80048
315.47,119.99849
315.68,133.20476
315.89,77.14041
316.1,28.05294
316.31,139.43414
316.52,93.33678
316.73,75.14701
316.939,136.19486
317.149,136.69321
317.359,93.58595
317.569,78.63546
317.779,169.08595
317.988,113.51995
318.198,22.5711
318.408,176.5612
318.618,20.5777
318.827,147.90609
319.037,3.88298
319.247,156.62721
319.456,121.99189
319.666,91.84173
319.876,74.64866
320.085,136.94239
320.295,73.65196
320.505,110.0315
320.714,91.84173
320.924,179.5513
321.133,70.41268
321.343,132.20806
321.553,111.77572
321.762,123.98529
321.972,94.58265
322.181,280.71632
322.391,268.0084
322.6,309.37144
322.81,288.68992
323.019,394.58927
323.229,473.07937
323.438,634.54472
323.648,627.06948
323.857,505.22294
324.066,465.8533
324.276,422.24768
324.485,611.12228
324.695,606.88631
324.904,672.41931
325.113,792.7708
325.323,743.18499
325.532,697.83516
325.741,532.383
325.951,510.70478
326.16,494.75759
326.369,435.70313
326.579,466.10247
326.788,373.16022
326.997,487.28234
327.206,640.7741
327.416,638.7807
327.625,616.8533
327.834,560.78894
328.043,572.50017
328.252,486.53482
328.462,547.83185
328.671,514.44241
328.88,701.57278
329.089,622.58433
329.298,681.14044
329.507,761.87311
329.716,1072.59425
329.926,1224.09261
330.135,1435.14377
330.344,1597.35665
330.553,1685.06623
330.762,1963.6438
330.971,1962.39793
331.18,2157.5019
331.389,2343.13722
331.598,3066.99039
331.807,3832.95413
332.016,5329.24958
332.225,7364.01206
332.434,10273.12937
332.643,14029.44144
332.852,18241.74363
333.06,23605.234
333.269,28863.0742
333.478,34403.22959
333.687,37210.68353
333.896,36815.74127
334.105,33235.84505
334.314,28280.25404
334.523,20934.82627
334.731,13432.91666
334.94,8369.18373
335.149,4817.44427
335.358,2520.79894
335.567,1300.83849
335.775,780.31206
335.984,351.98035
336.193,339.02326
336.402,310.36814
336.61,205.71467
336.819,188.02325
337.028,160.36483
337.236,211.19652
337.445,122.73942
337.654,170.08265
337.862,113.76912
338.071,137.93909
338.279,148.90279
338.488,130.46384
338.697,176.06285
338.905,150.89618
339.114,217.67507
339.322,181.29553
339.531,49.23281
339.739,70.41268
339.948,209.45229
340.157,80.87803
340.365,161.36153
340.574,93.58595
340.782,66.17671
340.99,25.81037
341.199,80.87803
341.407,68.66846
341.616,106.0447
341.824,87.60575
342.033,124.98199
342.241,132.20806
342.449,168.08925
342.658,171.07935
342.866,192.01005
343.074,172.5744
343.283,229.88464
343.491,245.58266
343.699,167.84008
343.908,313.60741
344.116,241.09751
344.324,215.93084
344.532,383.37639
344.741,262.77573
344.949,301.64702
345.157,370.4193
345.365,433.70973
345.574,531.13713
345.782,835.37972
345.99,945.26586
346.198,1017.02824
346.406,1376.08932
346.614,1319.52661
346.823,1368.11572
347.031,1357.15202
347.239,1264.45895
347.447,1147.09756
347.655,981.14705
347.863,1208.39459
348.071,1406.48866
348.279,1594.8649
348.487,2016.21971
348.695,2422.37485
348.903,3258.35674
349.111,4091.34853
349.319,5256.24133
349.527,6366.81399
349.735,7799.56984
349.943,9174.5171
350.151,10044.88513
350.359,10414.9099
350.567,9746.37357
350.775,8705.56988
350.983,7098.88993
351.19,5335.72813
351.398,4187.28088
351.606,3328.87324
351.814,3000.70986
352.022,3080.94419
352.23,3567.832
352.437,4234.62411
352.645,5599.60438
352.853,7369.74308
353.061,10028.19041
353.269,12608.89516
353.476,16222.18082
353.684,19965.78497
353.892,23977.75052
354.099,27365.03452
354.307,28636.57419
354.515,27789.6286
354.722,24817.96838
354.93,20552.34276
355.138,15075.72697
355.345,10604.53202
355.553,7156.69852
355.761,5028.99379
355.968,3027.1224
356.176,1777.51013
356.383,1028.73946
356.591,630.8071
356.799,382.37969
357.006,258.53975
357.214,234.61896
357.421,326.81369
357.629,175.5645
357.836,111.52655
358.044,172.5744
358.251,263.0249
358.458,67.17341
358.666,91.34338
358.873,57.70476
359.081,203.22292
359.288,173.82028
359.496,119.00179
359.703,145.41434
359.91,171.82688
360.118,228.14041
360.325,141.92589
360.532,236.61236
360.74,284.45395
360.947,333.29223
361.154,217.42589
361.362,197.4919
361.569,263.27408
361.776,155.38133
361.983,341.01666
362.191,258.29058
362.398,236.11401
362.605,289.18827
362.812,355.96715
363.019,504.22624
363.227,475.82029
363.434,559.54307
363.641,779.81371
363.848,772.58764
364.055,738.45067
364.262,685.62558
364.469,496.75099
364.676,518.18003
364.883,360.20313
365.091,337.77738
365.298,403.06121
365.505,462.8632
365.712,656.97047
365.919,505.47211
366.126,778.56783
366.333,1655.16524
366.54,1135.13716
366.747,1390.79064
366.954,1782.99198
367.16,2028.67846
367.367,2397.45735
367.574,2784.6752
367.781,2638.90786
367.988,2569.13888
368.195,2284.83029
368.402,1955.6702
368.609,1580.66193
368.816,1292.11736
369.022,1168.77577
369.229,945.26586
369.436,1149.09095
369.643,991.6124
369.85,1095.26917
370.056,1517.86985
370.263,1628.75269
370.47,2203.84843
370.677,2493.88805
370.883,3253.12406
371.09,3991.92773
371.297,4776.82876
371.503,5905.09284
371.71,6831.27606
371.917,7746.74475
372.123,8321.34214
372.33,7916.93123
372.537,7344.32724
372.743,6221.29583
372.95,5026.75122
373.156,3713.84851
373.363,2927.70161
373.57,2167.71807
373.776,1912.06459
373.983,1371.35499
374.189,972.92428
374.396,1010.05134
374.602,997.09425
374.809,1278.91109
375.015,1480.74279
375.222,1717.45897
375.428,2309.00025
375.634,2924.21316
375.841,3795.32871
376.047,4734.96737
376.254,5950.94103
376.46,7028.87178
376.666,8342.02366
376.873,9578.42966
377.079,10092.22837
377.286,9595.62273
377.492,9178.75308
377.698,7869.83717
377.904,6061.32553
378.111,4678.40466
378.317,3344.07291
378.523,2434.33524
378.73,1848.02663
378.936,1278.16357
379.142,866.52658
379.348,521.66848
379.554,447.16518
379.761,246.33018
379.967,255.54966
380.173,166.59421
380.379,110.77902
380.585,140.43084
380.791,259.78563
380.997,154.63381
381.204,125.48034
381.41,342.76088
381.616,239.60246
381.822,264.27078
382.028,275.48365
382.234,321.08266
382.44,267.51005
382.646,332.54471
382.852,229.88464
383.058,218.17342
383.264,298.15857
383.47,132.70641
383.676,182.29223
383.882,95.82853
384.088,256.29718
384.294,193.00675
384.5,252.55956
384.705,280.46715
384.911,417.01501
385.117,439.9391
385.323,654.72789
385.529,682.63549
385.735,775.82691
385.941,883.71965
386.146,1011.79557
386.352,952.49193
386.558,1040.45068
386.764,950.00019
386.969,1019.27082
387.175,987.87477
387.381,1163.04475
387.587,1057.39458
387.792,1215.37149
387.998,1321.52001
388.204,1231.31868
388.409,1217.86324
388.615,1159.05795
388.821,1179.73947
389.026,881.72625
389.232,753.65034
389.438,926.07939
389.643,976.6619
389.849,1124.17346
390.054,1184.97214
390.26,1320.52331
390.465,1540.04642
390.671,1712.47547
390.876,1685.56458
391.082,1877.42927
391.287,1574.68173
391.493,1420.19328
391.698,1260.9705
391.904,1103.49194
392.109,956.97708
392.315,531.88465
392.52,601.40446
392.726,460.8698
392.931,470.33845
393.136,436.949
393.342,313.10906
393.547,408.29389
393.752,515.43911
393.958,524.16023
394.163,609.62723
394.368,623.58103
394.574,931.06289
394.779,916.36157
394.984,1440.8748
395.19,1509.14873
395.395,1933.74281
395.6,2322.70487
395.805,2719.14219
396.01,3064.99699
396.216,3760.44422
396.421,3675.47557
396.626,3517.49866
396.831,3319.4046
397.036,2719.64054
397.241,2179.92764
397.447,1858.49198
397.652,1447.10417
397.857,1142.36323
398.062,910.63055
398.267,609.62723
398.472,497.00016
398.677,416.01831
398.882,358.70808
399.087,293.67342
399.292,162.60741
399.497,442.9292
399.702,266.015
399.907,346.00015
400.112,396.83184
400.317,478.31204
400.522,603.39786
400.727,711.53978
400.932,939.78401
401.137,1003.07445
401.341,1449.09757
401.546,1525.84345
401.751,1953.92598
401.956,2232.25438
402.161,2601.53162
402.366,2850.45738
402.57,3051.79072
402.775,2850.70655
402.98,2647.62898
403.185,2304.01676
403.39,1899.35667
403.594,1428.16688
403.799,1162.29723
404.004,914.36817
404.208,690.35991
404.413,598.41436
404.618,411.78234
404.822,361.69818
405.027,203.97044
405.232,295.66682
405.436,206.71137
405.641,187.77407
405.846,136.94239
406.05,344.75428
406.255,169.33513
406.459,274.23778
406.664,274.23778
406.868,78.63546
407.073,385.36979
407.277,217.67507
407.482,87.1074
407.686,137.19156
407.891,-24.02462
408.095,87.1074
408.3,85.61235
408.504,78.38628
408.709,50.47869
408.913,130.71302
409.118,52.47209
409.322,231.87804
409.526,257.29388
409.731,342.26253
409.935,237.11071
410.139,290.18497
410.344,430.71963
410.548,427.97871
410.752,456.883
410.957,439.68993
411.161,345.00346
411.365,263.0249
411.569,388.11072
411.774,351.98035
411.978,184.28563
412.182,183.28893
412.386,82.1239
412.59,165.34833
412.795,35.52819
412.999,76.89123
413.203,103.80212
413.407,216.42919
413.611,144.41764
413.815,188.77077
414.019,227.14371
414.223,307.62722
414.427,198.4886
414.632,383.12722
414.836,310.11897
415.04,356.71468
415.244,424.73943
415.448,490.27244
415.652,501.98366
415.856,652.23614
416.06,700.32691
416.264,772.83681
416.467,987.6256
416.671,895.92923
416.875,1022.75926
417.079,878.98533
417.283,794.01668
417.487,611.12228
417.691,560.29059
417.895,450.40445
418.099,301.14867
418.302,274.73612
418.506,222.90774
418.71,257.29388
418.914,159.11896
419.118,83.61895
419.321,112.0249
419.525,144.16846
419.729,195.4985
419.933,237.35989
420.136,153.63711
420.34,167.59091
420.544,215.43249
420.747,215.93084
420.951,238.60576
421.155,212.94074
421.358,273.73943
421.562,330.30213
421.766,412.28069
421.969,541.60248
422.173,528.89455
422.376,687.36981
422.58,806.7246
422.783,882.47378
422.987,1074.0893
423.19,1324.51011
423.394,1307.56621
423.597,1403.99691
423.801,1291.36984
424.004,1453.58272
424.208,1248.51175
424.411,998.83847
424.615,925.83022
424.818,713.53318
425.022,817.6883
425.225,580.47376
425.428,421.74933
425.632,452.39785
425.835,343.75758
426.038,232.62556
426.242,130.46384
426.445,20.5777
426.648,66.92423
426.852,45.74436
427.055,18.33512
427.258,152.14206
427.461,78.13711
427.665,180.29883
427.868,227.14371
428.071,192.25922
428.274,202.4754
428.477,190.76417
428.681,336.78068
428.884,59.19981
429.087,138.43744
429.29,228.38959
429.493,367.4292
429.696,394.09092
429.899,396.83184
430.102,505.72129
430.306,586.45396
430.509,648.00017
430.712,765.36156
430.915,687.36981
431.118,695.84176
431.321,762.86981
431.524,676.90446
431.727,636.28895
431.93,511.70148
432.133,414.52326
432.336,447.16518
432.538,335.28563
432.741,313.10906
432.944,249.56946
433.147,317.34504
433.35,308.12557
433.553,129.96549
433.756,93.83513
433.959,69.41598
434.161,179.80048
434.364,85.114
434.567,101.31037
434.77,79.1338
434.973,52.22291
435.175,-3.09392
435.378,165.09916
435.581,32.28892
435.784,-59.90581
435.986,-23.52627
436.189,-3.3431
436.392,110.52985
436.594,-5.3365
436.797,55.96054
437,162.85658
437.202,123.73612
437.405,81.87473
437.607,144.91599
437.81,209.20312
438.013,197.74107
438.215,54.46549
438.418,64.18331
438.62,92.58925
438.823,296.66352
439.025,208.20642
439.228,152.88958
439.43,54.21631
439.633,104.79882
439.835,60.94403
440.038,117.00839
440.24,177.30873
440.443,-61.65003
440.645,73.90113
440.847,39.76417
441.05,9.11565
441.252,39.76417
441.455,186.77737
441.657,103.55295
441.859,123.48694
442.062,-24.52297
442.264,89.84833
442.466,158.62061
442.668,209.45229
442.871,34.78067
443.073,26.80707
443.275,194.25262
443.477,103.55295
443.68,281.46385
443.882,78.88463
444.084,39.51499
444.286,183.03975
444.488,109.53315
444.69,171.5777
444.893,330.30213
445.095,231.87804
445.297,216.67837
445.499,212.19322
445.701,209.45229
445.903,366.18332
446.105,217.42589
446.307,209.70147
446.509,193.75427
446.711,145.16516
446.913,100.31367
447.115,172.5744
447.317,174.5678
447.519,14.09915
447.721,-3.84145
447.923,67.17341
448.125,-61.40086
448.327,-33.24409
448.529,2.13875
448.731,-68.12858
448.933,26.55789
449.134,17.83677
449.336,-5.3365
449.538,-7.82825
449.74,73.40278
449.942,-61.89921
450.144,104.0513
450.345,163.85328
450.547,4.13215
450.749,228.88794
450.951,29.29882
451.152,27.80377
451.354,48.98364
451.556,51.97374
451.757,133.45394
451.959,171.82688
452.161,144.41764
452.362,119.25097
452.564,138.18826
452.766,143.91929
452.967,160.11566
453.169,260.28398
453.37,261.0315
453.572,245.33348
453.774,243.58926
453.975,343.75758
454.177,352.97705
454.378,270.74933
454.58,269.25428
454.781,258.29058
454.983,209.95064
455.184,149.15196
455.386,239.10411
455.587,189.01995
455.788,44.74766
455.99,14.5975
456.191,99.0678
456.393,101.31037
456.594,-22.28039
456.795,9.614
456.997,37.02324
457.198,-48.94211
457.399,62.18991
457.601,-66.8827
457.802,-38.47676
458.003,53.21961
458.205,-21.28369
458.406,-122.69789
458.607,-25.02132
458.808,-28.75894
459.009,13.6008
459.211,-27.51307
459.412,163.35493
459.613,26.80707
459.814,77.38958
460.015,3.38463
460.217,34.03314
460.418,219.91764
460.619,179.05295
460.82,120.24767
461.021,172.32523
461.222,249.81863
461.423,208.20642
461.624,11.10905
461.825,185.03315
462.026,74.89783
462.227,125.48034
462.428,190.26582
462.629,82.87143
462.83,258.53975
463.031,184.28563
463.232,152.39123
463.433,274.23778
463.634,135.44734
463.835,143.17176
464.036,113.27077
464.236,101.31037
464.437,83.61895
464.638,71.90773
464.839,76.14371
465.04,125.23117
465.241,78.13711
465.441,124.73282
465.642,106.0447
465.843,102.30707
466.044,55.46219
466.244,58.70146
466.445,-1.84805
466.646,89.84833
466.847,99.31697
467.047,39.26582
467.248,168.83678
467.449,69.66516
467.649,257.29388
467.85,66.92423
468.05,118.50344
468.251,65.42918
468.452,64.18331
468.652,108.78562
468.853,80.37968
469.053,207.70807
469.254,39.51499
469.454,27.05624
469.655,110.28067
469.855,184.03645
470.056,98.81862
470.256,98.81862
470.457,70.16351
470.657,79.63215
470.858,59.19981
471.058,246.08101
471.259,2.6371
471.459,64.43248
471.659,-12.81174
471.86,34.53149
472.06,12.10575
472.26,80.87803
472.461,95.081
472.661,58.20311
472.861,95.33018
473.062,-21.28369
473.262,166.34503
473.462,74.15031
473.662,152.88958
473.863,17.33842
474.063,44.00014
474.263,58.70146
474.463,35.27902
474.663,106.0447
474.864,139.18496
475.064,-40.22099
475.264,14.09915
475.464,165.84668
475.664,54.46549
475.864,171.5777
476.064,-66.63353
476.264,114.0183
476.464,-11.56587
476.664,89.1008
476.864,97.82192
477.064,-3.3431
477.265,31.29222
477.464,140.68001
477.664,130.46384
477.864,109.28397
478.064,132.70641
478.264,215.18332
478.464,207.45889
478.664,113.0216
478.864,102.0579
479.064,133.70311
479.264,-27.26389
479.464,5.6272
479.663,130.21467
479.863,62.93743
480.063,45.24601
480.263,52.72126
480.463,178.5546
480.663,-40.71934
480.862,72.40608
481.062,2.6371
481.262,69.41598
481.461,-81.58403
481.661,35.77737
481.861,-26.51637
482.061,-38.22759
482.26,8.11895
482.46,-28.50976
482.66,74.64866
482.859,180.29883
483.059,-52.67973
483.258,49.73116
483.458,78.13711
483.658,-4.3398
483.857,60.44569
484.057,-55.42066
484.256,60.69486
484.456,151.64371
484.655,109.78232
484.855,55.21301
485.054,12.10575
485.254,13.10245
485.453,53.71796
485.653,4.38133
485.852,52.72126
486.051,-30.75234
486.251,76.89123
486.45,0.39453
486.649,228.38959
486.849,-28.50976
487.048,18.08595
487.248,69.91433
487.447,100.31367
487.646,126.97539
487.845,169.33513
488.045,220.66517
488.244,181.04635
488.443,219.17012
488.642,76.39288
488.842,154.38463
489.041,50.97704
489.24,54.71466
489.439,69.16681
489.638,100.56285
489.838,78.13711
490.037,118.25427
490.236,73.90113
490.435,-29.25729
490.634,21.5744
490.833,6.37473
491.032,-50.93551
491.231,25.56119
491.43,52.97044
491.629,40.26252
491.828,84.86483
492.027,-84.07577
492.226,23.06945
492.425,56.95724
492.624,99.31697
492.823,15.84337
493.022,-82.58072
493.221,45.49519
493.42,-49.68963
493.619,89.84833
493.818,22.82027
494.017,34.53149
494.216,58.70146
494.414,107.29057
494.613,-56.16818
494.812,43.50179
495.011,-31.00151
495.21,-4.3398
495.408,10.6107
495.607,106.54305
495.806,-6.83155
496.005,47.73776
496.203,17.83677
496.402,-56.41736
496.601,39.01664
496.799,1.39123
496.998,6.87308
497.197,-57.66323
497.395,10.36152
497.594,68.17011
497.793,-45.70284
497.991,122.49024
498.19,152.14206
498.388,77.14041
498.587,61.94073
498.785,179.05295
498.984,331.29883
499.182,60.94403
499.381,99.31697
499.579,47.73776
499.778,207.70807
499.976,81.62555
500.175,80.62885
500.373,204.46879
500.572,101.55955
500.77,134.20146
500.968,107.78892
501.167,79.63215
501.365,170.83018
501.564,131.95889
501.762,245.08431
501.96,267.51005
502.159,247.07771
502.357,217.17672
502.555,267.26088
502.753,175.06615
502.952,287.69322
503.15,148.90279
503.348,237.60906
503.546,321.83019
503.745,123.48694
503.943,211.69487
504.141,349.4886
504.339,264.27078
504.537,289.43745
504.735,105.79552
504.933,160.86318
505.132,208.45559
505.33,177.30873
505.528,71.65856
505.726,84.86483
505.924,66.92423
506.122,159.36813
506.32,75.64536
506.518,108.0381
506.716,40.26252
506.914,64.93083
507.112,54.96384
507.31,138.18826
507.508,96.82522
507.706,88.35328
507.904,134.20146
508.101,67.67176
508.299,151.39453
508.497,-23.77544
508.695,36.02654
508.893,97.0744
509.091,19.33182
509.289,18.08595
509.486,92.83843
509.684,59.44899
509.882,-41.96521
510.08,-0.10382
510.277,91.84173
510.475,65.18001
510.673,13.6008
510.871,23.06945
511.068,29.79717
511.266,-16.79854
511.464,58.45229
511.661,129.21797
511.859,88.1041
512.056,80.1305
512.254,-1.59887
512.452,34.53149
512.649,215.43249
512.847,81.1272
513.044,25.06285
513.242,209.70147
513.439,99.31697
513.637,67.67176
513.834,135.69651
514.032,224.90114
514.229,41.01004
514.427,97.32357
514.624,56.20971
514.822,69.66516
515.019,152.64041
515.217,69.16681
515.414,93.0876
515.611,86.60905
515.809,175.31533
516.006,-7.3299
516.203,169.08595
516.401,76.89123
516.598,163.60411
516.795,136.69321
516.993,135.19816
517.19,124.98199
517.387,82.1239
517.584,92.34008
517.781,79.38298
517.979,30.04634
518.176,10.6107
518.373,1.39123
518.57,-40.22099
518.767,-9.57247
518.964,144.66681
519.162,23.5678
519.359,41.25922
519.556,82.62225
519.753,80.62885
519.95,39.01664
520.147,31.79057
520.344,86.85823
520.541,128.71962
520.738,2.6371
520.935,20.32852
521.132,54.71466
521.329,52.72126
521.526,68.91763
521.723,120.24767
521.92,-95.787
522.117,113.27077
522.314,41.50839
522.511,146.41104
522.707,99.81532
522.904,-4.09062
523.101,93.83513
523.298,31.54139
523.495,77.63876
523.692,-18.04442
523.888,-35.23749
524.085,21.5744
524.282,89.84833
524.479,120.99519
524.675,128.22127
524.872,74.15031
525.069,31.54139
525.266,272.24438
525.462,131.21137
525.659,205.46549
525.856,155.13216
526.052,-22.28039
526.249,74.15031
526.445,83.1206
526.642,120.49684
526.839,122.49024
527.035,52.22291
527.232,134.20146
527.428,235.86484
527.625,129.46714
527.821,278.47375
528.018,160.61401
528.214,239.60246
528.411,143.67011
528.607,244.33678
528.804,181.04635
529,137.93909
529.196,122.73942
529.393,130.71302
529.589,83.1206
529.786,45.99354
529.982,195.74767
530.178,109.53315
530.375,101.55955
530.571,68.41928
530.767,110.77902
530.963,69.41598
531.16,165.84668
531.356,134.45064
531.552,27.05624
531.748,217.42589
531.945,220.66517
532.141,151.14536
532.337,93.58595
532.533,136.44404
532.729,155.63051
532.926,164.84998
533.122,188.02325
533.318,288.68992
533.514,157.37473
533.71,301.39784
533.906,298.90609
534.102,186.27902
534.298,214.93414
534.494,377.14702
534.69,399.32359
534.886,242.84173
535.082,302.14537
535.278,412.28069
535.474,437.69653
535.67,336.53151
535.866,308.87309
536.062,266.26418
536.258,229.13711
536.454,286.9457
536.65,358.4589
536.846,336.28233
537.041,283.45725
537.237,285.949
537.433,393.34339
537.629,310.86649
537.825,479.80709
538.02,436.69983
538.216,351.482
538.412,288.9391
538.608,270.74933
538.803,270.0018
538.999,311.11566
539.195,222.16021
539.39,323.07606
539.586,297.90939
539.782,383.12722
539.977,276.48035
540.173,282.70972
540.369,343.75758
540.564,285.20147
540.76,273.49025
540.955,352.22953
541.151,260.0348
541.347,338.27573
541.542,291.18167
541.738,256.29718
541.933,239.60246
542.129,209.70147
542.324,249.07111
542.519,335.53481
542.715,191.76087
542.91,251.56286
543.106,320.58431
543.301,274.73612
543.497,286.69652
543.692,272.74273
543.887,208.45559
544.083,190.26582
544.278,286.19817
544.473,340.01996
544.669,268.50675
544.864,293.17507
545.059,309.12227
545.254,214.18662
545.45,162.60741
545.645,333.29223
545.84,317.59421
546.035,98.32027
546.23,112.0249
546.426,221.91104
546.621,180.548
546.816,275.23447
547.011,121.99189
547.206,193.25592
547.401,163.85328
547.596,212.94074
547.791,195.99685
547.986,244.08761
548.181,101.55955
548.376,264.27078
548.572,133.45394
548.767,169.83348
548.961,165.34833
549.156,284.9523
549.351,150.39783
549.546,156.87638
549.741,186.27902
549.936,69.91433
550.131,176.5612
550.326,155.87968
550.521,198.23942
550.716,316.84669
550.911,169.33513
551.105,183.03975
551.3,136.19486
551.495,219.91764
551.69,64.43248
551.885,254.80213
552.079,201.97705
552.274,158.86978
552.469,68.91763
552.664,152.88958
552.858,49.73116
553.053,205.71467
553.248,107.78892
553.442,176.81038
553.637,149.89948
553.832,254.55296
554.026,151.89288
554.221,125.72952
554.415,185.03315
554.61,242.59256
554.804,242.34338
554.999,278.72292
555.194,88.60245
555.388,212.94074
555.583,173.5711
555.777,149.15196
555.972,330.30213
556.166,174.81698
556.36,253.55626
556.555,103.30377
556.749,35.77737
556.944,178.05625
557.138,53.21961
557.332,78.38628
557.527,267.75923
557.721,175.31533
557.915,45.24601
558.11,85.86153
558.304,150.89618
558.498,151.14536
558.693,131.21137
558.887,76.14371
559.081,56.20971
559.275,193.75427
559.47,24.31532
559.664,54.21631
559.858,-12.56257
560.052,82.87143
560.246,44.99684
560.44,134.20146
560.635,40.01334
560.829,41.50839
561.023,99.0678
561.217,108.78562
561.411,23.06945
561.605,49.98034
561.799,-23.02792
561.993,-39.97181
562.187,1.6404
562.381,16.84007
562.575,-40.47016
562.769,90.84503
562.963,-69.8728
563.157,138.43744
563.351,108.28727
563.545,13.10245
563.739,-114.72429
563.933,197.74107
564.126,-16.05102
564.32,96.82522
564.514,-46.69953
564.708,102.30707
564.902,-49.44046
565.096,8.36812
565.289,44.49849
565.483,-74.8563
565.677,65.18001
565.871,37.02324
566.064,57.45559
566.258,94.83183
566.452,24.81367
566.645,-65.38765
566.839,49.73116
567.033,122.49024
567.226,-2.59557
567.42,38.26912
567.614,122.49024
567.807,84.86483
568.001,21.82357
568.194,67.42258
568.388,195.00015
568.581,57.95394
568.775,168.5876
568.969,206.46219
569.162,161.11236
569.355,335.03646
569.549,290.9325
569.742,401.06781
569.936,396.08432
570.129,327.81039
570.323,404.80544
570.516,412.28069
570.709,408.79224
570.903,391.34999
571.096,533.87805
571.289,459.8731
571.483,481.80049
571.676,569.51007
571.869,555.55627
572.063,563.28069
572.256,694.09753
572.449,572.74934
572.642,535.12393
572.836,507.96386
573.029,463.36155
573.222,447.9127
573.415,443.42755
573.608,577.48366
573.802,515.43911
573.995,499.99026
574.188,623.08268
574.381,680.64209
574.574,713.78235
574.767,721.2576
574.96,584.21139
575.153,641.7708
575.346,673.16684
575.539,771.09259
575.732,669.92756
575.925,814.94737
576.118,804.23285
576.311,828.40282
576.504,759.87971
576.697,725.74275
576.89,877.24111
577.083,909.63385
577.276,795.01338
577.469,816.19325
577.661,785.54473
577.854,697.58598
578.047,684.37971
578.24,699.82856
578.433,638.53152
578.626,702.3203
578.818,708.54968
579.011,694.09753
579.204,664.94407
579.397,784.54803
579.589,761.12559
579.782,765.85991
579.975,763.61734
580.167,895.68005
580.36,906.64375
580.553,833.63549
580.745,921.59424
580.938,950.49854
581.13,866.02823
581.323,860.79556
581.516,933.30547
581.708,942.52494
581.901,950.24936
582.093,911.1289
582.286,825.41272
582.478,1082.31207
582.671,811.45892
582.863,756.88961
583.056,797.50513
583.248,807.47213
583.44,718.51668
583.633,691.35661
583.825,696.34011
584.018,554.3104
584.21,701.57278
584.402,719.51338
584.595,683.38301
584.787,703.317
584.979,763.86651
585.172,668.18334
585.364,704.06453
585.556,776.32526
585.748,698.83186
585.941,687.36981
586.133,710.79225
586.325,814.94737
586.517,649.24604
586.709,825.16355
586.901,732.47047
587.094,639.02987
587.286,698.33351
587.478,671.17344
587.67,774.83021
587.862,708.05133
588.054,684.13054
588.246,605.64043
588.438,585.70644
588.63,674.41271
588.822,461.8665
589.014,481.55132
589.206,662.20314
589.398,529.3929
589.59,508.46221
589.782,573.49687
589.974,614.61073
590.166,600.15858
590.358,709.79555
590.55,645.25925
590.741,712.2873
590.933,672.41931
591.125,596.17178
591.317,578.72954
591.509,650.49192
591.701,791.27575
591.892,633.54802
592.084,843.35332
592.276,668.68169
592.468,636.03977
592.659,649.99357
592.851,646.50512
593.043,708.3005
593.234,719.01503
593.426,532.88135
593.618,694.34671
593.809,577.48366
594.001,540.60578
594.193,629.8104
594.384,568.01502
594.576,501.48531
594.767,554.3104
594.959,610.37476
595.15,617.85
595.342,717.76915
595.533,765.85991
595.725,772.33846
595.916,761.12559
596.108,810.7114
596.299,857.05794
596.491,834.63219
596.682,906.89292
596.873,936.29556
597.065,858.80216
597.256,923.33847
597.447,933.05629
597.639,972.17675
597.83,978.6553
598.021,911.37807
598.213,1041.19821
598.404,984.88468
598.595,931.81042
598.786,773.58433
598.978,678.39951
599.169,700.57608
599.36,774.08268
599.551,734.96222
599.742,674.66189
599.934,786.79061
600.125,711.53978
600.316,785.79391
600.507,752.40447
600.698,950.49854
600.889,823.17015
601.08,1098.25927
601.271,954.48533
601.462,945.26586
601.653,1031.23121
601.844,1055.65036
602.035,1040.45068
602.226,1058.64045
602.417,1090.53485
602.608,1040.20151
602.799,1142.61241
602.99,1148.5926
603.181,1182.97874
603.372,1470.52661
603.563,1235.30548
603.754,1311.80218
603.944,1222.84673
604.135,1167.28072
604.326,1172.5134
604.517,982.6421
604.708,853.56949
604.898,777.57113
605.089,787.78731
605.28,848.58599
605.471,715.52658
605.661,654.22954
605.852,592.68334
606.043,620.34175
606.233,661.70479
606.424,562.03482
606.615,866.52658
606.805,687.36981
606.996,523.91105
607.186,495.00676
607.377,573.74604
607.568,539.60908
607.758,610.37476
607.949,787.53813
608.139,427.97871
608.33,629.06288
608.52,523.91105
608.711,673.16684
608.901,651.98697
609.092,522.91436
609.282,674.66189
609.472,519.17673
609.663,631.55462
609.853,691.10743
610.044,506.46881
610.234,457.38135
610.424,391.10082
610.615,619.59423
610.805,332.29553
610.995,390.85164
611.185,333.54141
611.376,421.74933
611.566,367.67837
611.756,440.18828
611.946,350.98365
612.137,549.57607
612.327,366.68167
612.517,326.06616
612.707,407.04801
612.897,306.87969
613.087,327.31204
613.277,266.015
613.468,231.62886
613.658,318.59091
613.848,357.71138
614.038,326.81369
614.228,349.98695
614.418,385.36979
614.608,378.14372
614.798,324.32194
614.988,260.0348
615.178,329.05626
615.368,294.91929
615.558,415.27079
615.748,306.13217
615.937,493.26254
616.127,213.68827
616.317,221.16351
616.507,172.5744
616.697,266.51335
616.887,315.35164
617.077,162.35823
617.266,301.64702
617.456,193.75427
617.646,82.1239
617.836,157.62391
618.025,187.77407
618.215,168.33843
618.405,174.31863
618.595,167.59091
618.784,252.06121
618.974,192.01005
619.164,258.78893
619.353,284.70312
619.543,290.43415
619.732,221.41269
619.922,394.58927
620.112,260.0348
620.301,292.17837
620.491,265.26748
620.68,161.61071
620.87,331.29883
621.059,310.86649
621.249,304.63712
621.438,359.95395
621.628,450.40445
621.817,305.38464
622.006,342.76088
622.196,253.55626
622.385,250.56616
622.575,312.61071
622.764,254.30378
622.953,225.64866
623.143,179.05295
623.332,398.57607
623.521,298.65692
623.711,263.27408
623.9,274.9853
624.089,157.62391
624.278,201.72787
624.468,254.55296
624.657,272.74273
624.846,206.46219
625.035,289.18827
625.224,298.65692
625.413,327.31204
625.603,381.383
625.792,245.58266
625.981,384.37309
626.17,405.30379
626.359,360.20313
626.548,435.9523
626.737,686.87146
626.926,382.87804
627.115,420.50346
627.304,441.43415
627.493,487.03317
627.682,493.51171
627.871,443.42755
628.06,518.67838
628.249,511.70148
628.438,577.73284
628.627,532.63218
628.816,538.11403
629.004,521.91766
629.193,533.87805
629.382,449.40775
629.571,495.50511
629.76,394.09092
629.949,346.00015
630.137,477.06617
630.326,405.05461
630.515,392.09752
630.704,337.52821
630.892,385.61897
631.081,199.4853
631.27,299.90279
631.458,306.63052
631.647,230.13381
631.836,321.08266
632.024,328.30873
632.213,344.00676
632.401,434.20808
632.59,519.42591
632.779,517.18333
632.967,429.97211
633.156,492.76419
633.344,495.50511
633.533,636.7873
633.721,471.33514
633.91,620.09258
634.098,568.76254
634.286,491.76749
634.475,580.47376
634.663,615.60743
634.852,576.48697
635.04,676.65529
635.228,573.74604
635.417,602.65033
635.605,660.45892
635.793,1379.07941
635.982,611.12228
636.17,730.2279
636.358,630.05958
636.547,586.45396
636.735,499.49191
636.923,512.44901
637.111,493.01336
637.299,494.50841
637.488,407.79554
637.676,475.32194
637.864,387.11402
638.052,465.35495
638.24,402.31369
638.428,349.73778
638.616,309.12227
638.804,425.48696
638.992,410.53646
639.18,358.20973
639.369,439.9391
639.557,447.16518
639.745,460.12227
639.933,490.27244
640.12,531.63548
640.308,632.8005
640.496,715.52658
640.684,636.53812
640.872,897.92262
641.06,724.49687
641.248,717.76915
641.436,850.08104
641.624,743.93252
641.811,736.70645
641.999,832.88797
642.187,917.60744
642.375,851.82526
642.563,905.39787
642.75,923.58764
642.938,998.83847
643.126,1022.01174
643.314,985.38303
643.501,991.6124
643.689,872.75596
643.877,885.71305
644.064,825.6619
644.252,738.69984
644.439,834.88137
644.627,665.69159
644.815,718.2675
645.002,600.40776
645.19,554.55957
645.377,639.27905
645.565,522.66518
645.752,606.88631
645.94,551.07112
646.127,529.3929
646.315,561.78564
646.502,727.48697
646.69,566.76914
646.877,752.90282
647.064,755.39456
647.252,742.43747
647.439,810.21305
647.627,953.48863
647.814,986.37973
648.001,1176.99855
648.189,1229.82363
648.376,1234.30878
648.563,1221.35168
648.75,1477.50351
648.938,1548.76754
649.125,1483.23454
649.312,1467.53652
649.499,1535.56127
649.686,1640.46392
649.874,1704.2527
650.061,1778.00848
650.248,1827.09594
650.435,1869.95403
650.622,1704.2527
650.809,1771.03158
650.996,1717.45897
651.183,1819.86987
651.37,1679.08603
651.557,1730.16689
651.744,1591.37646
651.931,1459.81209
652.118,1333.97875
652.305,1437.38635
652.492,1201.66686
652.679,1111.71471
652.866,1087.29557
653.053,1121.18336
653.24,961.46223
653.427,981.6454
653.614,1042.69326
653.801,1013.29062
653.987,927.82362
654.174,982.39293
654.361,1072.0959
654.548,1193.69327
654.735,1253.74443
654.921,1415.9573
655.108,1547.27249
655.295,1761.06458
655.481,1991.05304
655.668,2079.26097
655.855,2286.07616
656.041,2435.83029
656.228,2607.76099
656.415,2652.61248
656.601,2731.35176
656.788,2821.55308
656.975,2872.1356
657.161,2929.44583
657.348,3083.43594
657.534,3210.26598
657.721,3084.43264
657.907,3315.4178
658.094,3349.30559
658.28,3576.55312
658.467,3381.69833
658.653,3554.37655
658.84,3475.63728
659.026,3600.47392
659.212,3542.41616
659.399,3334.85344
659.585,3136.01185
659.771,3024.63065
659.958,2640.40291
660.144,2413.65372
660.33,2857.68345
660.517,2143.04975
660.703,1986.31872
660.889,1788.97217
661.075,1769.28736
661.262,1572.43916
661.448,1461.80549
661.634,1426.921
661.82,1216.36819
662.006,1197.68007
662.193,1255.73782
662.379,1208.14541
662.565,1312.05136
662.751,1227.58106
662.937,1493.69988
663.123,1494.94576
663.309,1584.15038
663.495,1822.11244
663.681,1952.43093
663.867,2079.01179
664.053,2149.02995
664.239,2306.01015
664.425,2273.86659
664.611,2323.20322
664.797,2407.67353
664.983,2464.98376
665.169,2506.09762
665.355,2474.45241
665.541,2615.48542
665.726,2593.30885
665.912,2595.05307
666.098,2711.91612
666.284,2732.59763
666.47,2857.1851
666.655,2737.58113
666.841,2781.43592
667.027,2849.95903
667.213,2857.93262
667.398,2794.89137
667.584,2746.30226
667.77,2512.57617
667.955,2279.34844
668.141,2086.48704
668.327,1935.73621
668.512,1930.50354
668.698,1716.46227
668.884,1450.09427
669.069,1379.07941
669.255,1284.64212
669.44,1170.52
669.626,1213.87644
669.811,961.71141
669.997,887.45728
670.182,836.37642
670.368,815.94407
670.553,739.44737
670.739,846.34341
670.924,912.87312
671.109,931.56124
671.295,1048.67346
671.48,1092.27907
671.665,1155.5695
671.851,1350.4243
672.036,1408.98041
672.221,1464.54642
672.407,1675.09923
672.592,1643.45402
672.777,1818.62399
672.962,1699.51837
673.148,1776.26425
673.333,1874.43918
673.518,1812.39462
673.703,1885.90122
673.888,1969.37482
674.074,1889.1405
674.259,2005.00684
674.444,2038.89463
674.629,2013.22961
674.814,2099.94249
674.999,2065.30717
675.184,2066.80222
675.369,2106.91939
675.554,2102.93259
675.739,2038.89463
675.924,1970.6207
676.109,1886.39957
676.294,1700.2659
676.479,1588.38636
676.664,1442.36985
676.849,1273.92759
677.034,1258.72792
677.219,1108.47544
677.404,960.21636
677.588,944.01999
677.773,849.08434
677.958,826.90777
678.143,632.8005
678.328,633.7972
678.512,589.19489
678.697,542.59917
678.882,548.3302
679.067,425.98531
679.251,404.30709
679.436,387.11402
679.621,501.98366
679.805,594.92591
679.99,516.93416
680.175,511.95066
680.359,486.53482
680.544,509.70808
680.729,596.42096
680.913,790.02988
681.098,612.61733
681.282,778.31866
681.467,761.12559
681.651,716.77245
681.836,808.96717
682.02,730.2279
682.205,832.38962
682.389,925.83022
682.573,832.14044
682.758,807.7213
682.942,804.48203
683.127,936.54474
683.311,923.08929
683.495,939.03649
683.68,984.88468
683.864,922.59094
684.048,923.58764
684.233,797.7543
684.417,951.99358
684.601,847.83846
684.785,803.98368
684.97,714.03153
685.154,744.68004
685.338,617.35165
685.522,556.55297
685.706,498.24604
685.89,366.4325
686.075,381.63217
686.259,238.60576
686.443,425.23778
686.627,210.44899
686.811,261.28068
686.995,255.30048
687.179,144.66681
687.363,165.09916
687.547,168.83678
687.731,163.35493
687.915,222.16021
688.099,37.77077
688.283,74.89783
688.467,157.37473
688.651,-13.06092
688.835,83.36978
689.018,53.96714
689.202,71.65856
689.386,12.10575
689.57,163.35493
689.754,7.6206
689.938,7.12225
690.121,-6.58237
690.305,-17.04772
690.489,44.24931
690.673,42.50509
690.856,83.86813
691.04,215.18332
691.224,29.29882
691.407,-25.51967
691.591,108.78562
691.775,-39.22429
691.958,51.97374
692.142,112.0249
692.325,67.92093
692.509,197.24272
692.693,-53.42726
692.876,46.74106
693.06,-13.80844
693.243,13.84997
693.427,0.89288
693.61,-1.84805
693.794,-30.25399
693.977,50.72786
694.16,56.70806
694.344,76.39288
694.527,101.80872
694.711,4.6305
694.894,-40.71934
695.077,54.21631
695.261,-1.3497
695.444,65.92753
695.627,16.5909
695.811,114.76582
695.994,-3.84145
696.177,57.95394
696.36,25.81037
696.543,64.43248
696.727,143.42094
696.91,104.30047
697.093,47.98694
697.276,48.23611
697.459,67.17341
697.642,166.34503
697.826,43.00344
698.009,115.51334
698.192,69.41598
698.375,77.14041
698.558,70.41268
698.741,194.5018
698.924,193.75427
699.107,67.42258
699.29,31.29222
699.473,209.20312
699.656,174.5678
699.839,84.1173
700.022,78.63546
700.205,229.63546
700.387,-30.25399
700.57,55.21301
700.753,63.43578
700.936,53.46879
701.119,49.73116
701.302,-63.39426
701.484,44.99684
701.667,80.87803
701.85,-62.14838
702.033,43.75096
702.215,192.01005
702.398,58.45229
702.581,204.46879
702.763,74.64866
702.946,93.58595
703.129,29.29882
703.311,81.87473
703.494,56.20971
703.677,240.10081
703.859,143.42094
704.042,45.74436
704.224,34.03314
704.407,99.81532
704.589,94.0843
704.772,89.34998
704.954,76.14371
705.137,130.96219
705.319,175.5645
705.502,139.93249
705.684,62.93743
705.866,44.00014
706.049,119.25097
706.231,193.75427
706.414,55.21301
706.596,109.78232
706.778,205.46549
706.961,136.19486
707.143,229.38629
707.325,101.31037
707.507,31.29222
707.69,133.95229
707.872,46.99024
708.054,225.64866
708.236,139.18496
708.418,97.82192
708.601,51.22621
708.783,91.0942
708.965,129.21797
709.147,146.90939
709.329,201.22952
709.511,75.64536
709.693,156.62721
709.875,203.22292
710.057,122.24107
710.239,63.43578
710.421,146.16186
710.603,129.46714
710.785,84.86483
710.967,147.15856
711.149,128.47044
711.331,208.70477
711.513,138.68661
711.695,132.20806
711.877,167.34173
712.059,211.19652
712.24,109.78232
712.422,160.36483
712.604,238.10741
712.786,138.68661
712.968,68.66846
713.149,160.86318
713.331,295.91599
713.513,187.5249
713.695,108.78562
713.876,111.52655
714.058,90.84503
714.24,62.68826
714.421,106.29387
714.603,152.64041
714.785,107.0414
714.966,87.1074
715.148,129.96549
715.329,144.16846
715.511,50.72786
715.692,38.01994
715.874,-77.8464
716.055,110.28067
716.237,62.68826
716.418,35.77737
716.6,-62.89591
716.781,-17.04772
716.963,14.84667
717.144,128.47044
717.325,51.47539
717.507,191.5117
717.688,126.72622
717.87,248.07441
718.051,132.95559
718.232,180.548
718.413,151.14536
718.595,374.15692
718.776,287.9424
718.957,384.87144
719.138,255.79883
719.32,359.4556
719.501,380.13712
719.682,408.29389
719.863,460.12227
720.044,495.50511
720.225,472.08267
720.407,576.48697
720.588,672.91766
720.769,664.69489
720.95,738.94902
721.131,534.62558
721.312,670.92426
721.493,552.317
721.674,587.69984
721.855,723.251
722.036,648.49852
722.217,658.71469
722.398,706.3071
722.579,659.71139
722.76,679.39621
722.94,754.89622
723.121,688.86486
723.302,677.90116
723.483,669.42921
723.664,689.61238
723.845,657.21964
724.025,755.14539
724.206,702.07113
724.387,771.59094
724.568,764.86321
724.748,668.43251
724.929,525.65528
725.11,518.92756
725.29,394.83844
725.471,421.25098
725.652,305.63382
725.832,350.73448
726.013,304.38794
726.194,271.74603
726.374,176.31203
726.555,250.81533
726.735,388.85824
726.916,266.26418
727.096,212.94074
727.277,370.66847
727.457,269.25428
727.638,145.16516
727.818,211.44569
727.999,151.39453
728.179,80.62885
728.359,205.46549
728.54,149.15196
728.72,300.15197
728.9,228.88794
729.081,233.37309
729.261,333.29223
729.441,437.69653
729.622,320.33514
729.802,279.71962
729.982,476.56782
730.162,545.09092
730.343,589.94241
730.523,539.3599
730.703,644.7609
730.883,724.2477
731.063,759.87971
731.243,893.1883
731.424,949.25266
731.604,849.58269
731.784,908.63715
731.964,1106.98039
732.144,997.84177
732.324,1043.44078
732.504,924.08599
732.684,1099.00679
732.864,937.79061
733.044,1067.36158
733.224,1029.23781
733.404,962.20976
733.584,951.99358
733.764,1148.84178
733.943,1097.76092
734.123,1127.66191
734.303,1071.0992
734.483,1200.91934
734.663,1153.5761
734.843,1206.15201
735.022,1067.1124
735.202,1143.35993
735.382,1157.31373
735.562,1056.89623
735.741,1007.55959
735.921,1130.90118
736.101,930.06619
736.281,851.32691
736.46,773.83351
736.64,738.94902
736.819,609.37806
736.999,532.88135
737.179,666.68829
737.358,523.66188
737.538,267.26088
737.717,334.78728
737.897,346.24933
738.076,463.11237
738.256,304.88629
738.435,391.59917
738.615,254.55296
738.794,261.52985
738.974,242.34338
739.153,327.56121
739.332,372.66187
739.512,372.91105
739.691,320.58431
739.871,338.27573
740.05,441.18498
740.229,396.83184
740.408,432.21468
740.588,529.89125
740.767,582.21799
740.946,689.86156
741.126,674.66189
741.305,731.97212
741.484,827.15694
741.663,936.79391
741.842,1021.51339
742.021,1133.14376
742.201,1192.94574
742.38,1333.4804
742.559,1404.99361
742.738,1499.92926
742.917,1617.29065
743.096,1886.39957
743.275,1743.12399
743.454,1868.2098
743.633,1824.85336
743.812,2047.61575
743.991,1898.11079
744.17,1875.1867
744.349,1960.15535
744.528,1874.19
744.707,1870.2032
744.886,1862.72795
745.064,1789.7197
745.243,1823.60749
745.422,1925.27086
745.601,1968.37812
745.78,2070.53985
745.958,2000.27252
746.137,1970.37152
746.316,2021.70156
746.495,2105.67351
746.673,1877.67845
746.852,1882.91112
747.031,1869.2065
747.209,2051.60255
747.388,1953.17845
747.567,1857.99363
747.745,1908.07779
747.924,1653.42101
748.103,1472.02166
748.281,1209.64046
748.46,1156.5662
748.638,1027.49359
748.817,999.33682
748.995,850.33021
749.174,765.11239
749.352,845.34671
749.531,718.2675
749.709,562.78234
749.888,613.61403
750.066,386.61567
750.244,372.16352
750.423,385.36979
750.601,330.30213
750.779,283.20807
750.958,298.65692
751.136,332.79388
751.314,313.35824
751.493,341.51501
751.671,451.40115
751.849,412.28069
752.027,337.52821
752.205,544.3434
752.384,529.14373
752.562,620.34175
752.74,545.58927
752.918,664.94407
753.096,730.72625
753.274,649.74439
753.452,820.18005
753.63,818.685
753.809,933.30547
753.987,1022.26092
754.165,1055.15201
754.343,1237.79723
754.521,1275.67182
754.699,1400.01011
754.876,1531.82365
755.054,1675.84676
755.232,1775.26755
755.41,1777.01178
755.588,1925.02169
755.766,1871.44908
755.944,1909.57284
756.122,1831.08274
756.3,1879.42267
756.477,1783.24115
756.655,1759.81871
756.833,1764.30386
757.011,1875.93423
757.188,1923.02829
757.366,1945.70321
757.544,1812.64379
757.721,1943.46063
757.899,2015.47219
758.077,2065.30717
758.254,2031.66856
758.432,2056.33687
758.61,1999.77417
758.787,1947.94578
758.965,1886.64875
759.142,1887.64545
759.32,1840.30221
759.497,1982.33192
759.675,1900.10419
759.852,1826.34841
760.03,1901.35007
760.207,1522.85335
760.385,1251.0035
760.562,1178.99195
760.74,991.11405
760.917,964.20316
761.094,838.86817
761.272,790.77741
761.449,676.15694
761.626,594.92591
761.804,506.21963
761.981,552.06782
762.158,473.82689
762.335,306.87969
762.513,408.79224
762.69,309.86979
762.867,412.28069
763.044,422.99521
763.221,297.90939
763.399,396.58267
763.576,330.80048
763.753,408.54306
763.93,379.3896
764.107,358.20973
764.284,436.69983
764.461,431.71633
764.638,514.69158
764.815,597.16848
764.992,582.71634
765.169,672.66849
765.346,740.94242
765.523,818.93417
765.7,893.93583
765.877,1117.19656
766.054,1069.85333
766.231,1291.12066
766.408,1220.60416
766.584,1343.4474
766.761,1440.37645
766.938,1564.46556
767.115,1811.39792
767.292,1932.24776
767.468,1987.31542
767.645,1970.86987
767.822,2177.43589
767.999,2208.58276
768.175,2354.84844
768.352,2276.85669
768.529,2362.57286
768.705,2453.77089
768.882,2385.99531
769.059,2201.10751
769.235,2234.74612
769.412,2239.9788
769.588,2255.92599
769.765,2209.08111
769.941,2320.96065
770.118,2253.43424
770.294,2380.26428
770.471,2494.13723
770.647,2651.86496
770.824,2478.19003
771,2647.13063
771.177,2403.9359
771.353,2375.77914
771.529,2277.85339
771.706,2246.45735
771.882,2423.37155
772.058,2378.27088
772.235,2362.32369
772.411,2279.84679
772.587,2242.71972
772.764,1971.86657
772.94,1739.63554
773.116,1351.17182
773.292,1084.80382
773.468,1061.38138
773.645,974.91768
773.821,740.69324
773.997,622.8335
774.173,876.24441
774.349,738.20149
774.525,465.60412
774.701,479.05957
774.877,451.8995
775.053,337.52821
775.229,270.74933
775.405,274.9853
775.581,261.0315
775.757,126.72622
775.933,78.88463
776.109,82.87143
776.285,55.71136
776.461,84.1173
776.637,93.33678
776.813,83.61895
776.989,119.00179
777.165,-53.92561
777.34,-10.56917
777.516,57.70476
777.692,103.80212
777.868,152.88958
778.043,122.98859
778.219,75.14701
778.395,31.04304
778.571,57.70476
778.746,139.68331
778.922,54.71466
779.098,24.31532
779.273,-55.91901
779.449,372.91105
779.624,-37.97841
779.8,88.85163
779.976,51.97374
780.151,107.78892
780.327,43.50179
780.502,117.00839
780.678,25.31202
780.853,71.65856
781.029,101.31037
781.204,227.14371
781.38,28.80047
781.555,48.48529
781.73,121.99189
781.906,160.86318
782.081,133.20476
782.256,66.92423
782.432,17.83677
782.607,7.12225
782.782,178.5546
782.958,166.84338
783.133,126.72622
783.308,176.5612
783.483,122.49024
783.659,-3.84145
783.834,143.91929
784.009,-9.3233
784.184,147.40774
784.359,108.78562
784.534,-7.82825
784.709,65.42918
784.885,21.5744
785.06,68.17011
785.235,86.1107
785.41,218.17342
785.585,45.74436
785.76,34.78067
785.935,136.94239
786.11,25.56119
786.285,-17.54607
786.46,228.14041
786.634,97.0744
786.809,117.00839
786.984,45.24601
787.159,19.33182
787.334,-18.54277
787.509,71.65856
787.684,-31.25069
787.858,-81.08568
788.033,-41.21769
788.208,111.27737
788.383,-68.37775
788.557,19.08265
788.732,1.39123
788.907,5.12885
789.082,-40.22099
789.256,10.6107
789.431,-31.99821
789.605,-27.51307
789.78,-52.43056
789.955,-35.73584
790.129,-10.07082
790.304,-3.59227
790.478,28.55129
790.653,-113.72759
790.827,-79.34145
791.002,-64.39095
791.176,-28.01142
791.351,83.1206
791.525,45.99354
791.7,-50.18798
791.874,-3.3431
792.048,29.79717
792.223,-36.73254
792.397,37.27242
792.572,0.14535
792.746,-40.71934
792.92,-40.96851
793.094,43.50179
793.269,-34.24079
793.443,-66.63353
793.617,1.6404
793.791,35.02984
793.966,90.59585
794.14,34.78067
794.314,-12.56257
794.488,-43.46026
794.662,128.96879
794.836,0.14535
795.01,28.80047
795.185,223.65526
795.359,100.31367
795.533,7.6206
795.707,-42.71274
795.881,-8.82495
796.055,45.74436
796.229,-40.71934
796.403,-29.75564
796.577,87.1074
796.75,13.35162
796.924,-19.53947
797.098,7.37143
797.272,56.95724
797.446,197.24272
797.62,104.0513
797.794,-54.17478
797.967,67.92093
798.141,-81.08568
798.315,-39.97181
798.489,-39.47346
798.663,45.99354
798.836,85.61235
799.01,-39.97181
799.184,-29.50646
799.357,14.09915
799.531,114.76582
799.705,65.67836
799.878,93.83513
800.052,53.71796
800.225,167.84008
800.399,114.51664
800.572,58.45229
800.746,201.97705
800.92,170.33183
801.093,-2.3464
801.266,-5.58567
801.44,93.58595
801.613,63.18661
801.787,42.00674
801.96,-25.76884
802.134,75.39618
802.307,35.52819
802.48,52.22291
802.654,26.80707
802.827,65.67836
803,63.43578
803.174,122.24107
803.347,54.46549
803.52,60.19651
803.693,20.32852
803.867,21.07605
804.04,11.35822
804.213,31.04304
804.386,15.5942
804.559,-10.32
804.732,84.1173
804.906,112.0249
805.079,266.76253
805.252,53.71796
805.425,6.12555
805.598,-13.80844
805.771,-11.81504
805.944,-34.24079
806.117,-89.30845
806.29,348.4919
806.463,150.14866
806.636,59.94734
806.809,34.03314
806.982,-110.98667
807.154,-15.80184
807.327,93.83513
807.5,62.93743
807.673,-31.49986
807.846,47.73776
808.019,-34.24079
808.191,28.30212
808.364,-51.18468
808.537,-16.30019
808.71,-69.12528
808.882,-20.53617
809.055,80.1305
809.228,66.92423
809.4,-37.97841
809.573,-99.02627
809.746,-26.51637
809.918,-31.25069
810.091,-52.43056
810.263,-115.22264
810.436,8.6173
810.609,6.87308
810.781,152.39123
810.954,-23.02792
811.126,-53.42726
811.299,67.17341
811.471,59.44899
811.643,74.89783
811.816,-13.06092
811.988,-71.36785
812.161,36.52489
812.333,-91.30185
812.505,129.71632
812.678,188.02325
812.85,139.18496
813.022,54.71466
813.195,-3.59227
813.367,-48.19458
813.539,-46.69953
813.711,62.43908
813.884,47.98694
814.056,60.69486
814.228,-55.91901
814.4,138.43744
814.572,61.19321
814.744,134.20146
814.917,23.31862
815.089,-17.04772
815.261,-96.03617
815.433,42.00674
815.605,-23.02792
815.777,-30.25399
815.949,72.65526
816.121,163.85328
816.293,-79.59063
816.465,-38.47676
816.637,13.6008
816.809,160.11566
816.98,-41.71604
817.152,89.1008
817.324,21.07605
817.496,29.04964
817.668,18.83347
817.84,103.30377
818.011,-5.3365
818.183,50.97704
818.355,-15.05432
818.527,-8.3266
818.698,-127.68139
818.87,-36.98171
819.042,-81.33485
819.214,-5.3365
819.385,-34.48996
819.557,36.77407
819.728,-43.70944
819.9,-57.41406
820.072,66.67506
820.243,-7.57907
820.415,-47.19788
820.586,-8.07742
820.758,29.54799
820.929,-34.24079
821.101,92.58925
821.272,-67.8794
821.444,85.61235
821.615,184.78398
821.787,85.61235
821.958,-32.74574
822.129,-53.17808
822.301,-66.38435
822.472,-33.24409
822.643,30.29552
822.815,-33.24409
822.986,74.89783
823.157,-109.24244
823.328,41.25922
823.5,56.70806
823.671,52.72126
823.842,-76.8497
824.013,-48.69293
824.184,39.51499
824.356,19.83017
824.527,-12.31339
824.698,61.69156
824.869,34.28232
825.04,73.40278
825.211,-72.11538
825.382,2.88628
825.553,-22.52957
825.724,-41.21769
825.895,66.92423
826.066,-40.47016
826.237,-78.8431
826.408,51.97374
826.579,26.55789
826.75,-84.8233
826.921,-0.60217
827.092,33.53479
827.262,10.11235
827.433,52.22291
827.604,-55.42066
827.775,-5.83485
827.946,89.84833
828.116,-88.8101
828.287,-8.57577
828.458,60.44569
828.629,-41.46686
828.799,22.32192
828.97,17.5876
829.141,146.41104
829.311,-19.29029
829.482,115.01499
829.652,-40.22099
829.823,-10.56917
829.994,103.80212
830.164,8.86647
830.335,-38.22759
830.505,60.19651
830.676,-31.25069
830.846,73.15361
831.017,-89.05927
831.187,25.31202
831.357,6.6239
831.528,-31.00151
831.698,-3.84145
831.869,-0.60217
832.039,7.6206
832.209,-33.99161
832.38,51.22621
832.55,-99.77379
832.72,79.63215
832.89,-57.41406
833.061,11.10905
833.231,-28.75894
833.401,5.6272
833.571,-62.14838
833.742,-19.78864
833.912,37.02324
834.082,59.94734
834.252,-64.64013
834.422,-22.77874
834.592,36.02654
834.762,10.11235
834.932,-15.30349
835.102,-74.60713
835.272,-30.25399
835.442,-118.46191
835.612,37.02324
835.782,54.96384
835.952,42.50509
836.122,-154.09393
836.292,22.07275
836.462,26.30872
836.632,76.14371
836.802,-174.2771
836.972,-42.21439
837.141,-27.26389
837.311,-46.45036
837.481,32.78727
837.651,-43.46026
837.821,0.89288
837.99,11.85657
838.16,17.83677
838.33,-1.10052
838.499,55.71136
838.669,136.44404
838.839,-46.94871
839.008,-61.40086
839.178,-114.72429
839.348,-17.54607
839.517,-13.55927
839.687,-55.91901
839.856,-20.78534
840.026,75.14701
840.195,-84.57412
840.365,-39.47346
840.534,95.57935
840.704,-65.13848
840.873,74.39948
841.042,61.94073
841.212,-106.00317
841.381,102.30707
841.551,104.54965
841.72,-38.97511
841.889,50.72786
842.059,-107.24904
842.228,-38.97511
842.397,-58.90911
842.566,10.36152
842.736,77.14041
842.905,56.20971
843.074,-2.09722
843.243,-21.03452
843.412,71.65856
843.582,-79.09228
843.751,-58.41076
843.92,-22.77874
844.089,17.5876
844.258,-69.37445
844.427,11.35822
844.596,8.11895
844.765,-15.80184
844.934,99.0678
845.103,77.14041
845.272,32.53809
845.441,16.09255
845.61,145.66351
845.779,72.15691
845.948,76.64206
846.117,24.31532
846.286,59.69816
846.454,123.48694
846.623,49.73116
846.792,124.98199
846.961,-28.01142
847.13,29.79717
847.298,134.20146
847.467,69.66516
847.636,200.482
847.805,11.85657
847.973,85.61235
848.142,-27.76224
848.311,108.0381
848.479,44.49849
848.648,97.57275
848.816,29.54799
848.985,-64.8893
849.154,86.35988
849.322,-9.3233
849.491,15.5942
849.659,64.43248
849.828,32.03974
849.996,35.27902
850.165,-15.55267
850.333,106.0447
850.501,54.71466
850.67,1.39123
850.838,53.21961
851.007,30.54469
851.175,46.24271
851.343,130.21467
851.512,19.08265
851.68,-31.00151
851.848,-25.02132
852.016,26.30872
852.185,26.55789
852.353,-3.3431
852.521,49.98034
852.689,14.5975
852.857,94.83183
853.026,101.55955
853.194,-31.74904
853.362,102.0579
853.53,-29.50646
853.698,-63.14508
853.866,4.6305
854.034,-69.62363
854.202,9.36482
854.37,-88.8101
854.538,-40.47016
854.706,3.13545
854.874,-60.40416
855.042,-56.66653
855.21,80.1305
855.378,-38.47676
855.546,-57.66323
855.713,32.03974
855.881,27.55459
856.049,29.04964
856.217,-8.82495
856.385,-82.33155
856.553,-75.853
856.72,-35.73584
856.888,-86.31835
857.056,-13.31009
857.223,111.52655
857.391,-53.92561
857.559,119.25097
857.726,11.10905
857.894,-28.26059
858.062,10.6107
858.229,61.44238
858.397,183.03975
858.564,78.63546
858.732,13.6008
858.899,110.77902
859.067,27.30542
859.234,171.82688
859.402,13.10245
859.569,-52.67973
859.737,-68.37775
859.904,49.73116
860.072,60.44569
860.239,-8.3266
860.406,155.38133
860.574,104.54965
860.741,144.66681
860.908,96.32688
861.076,-2.09722
861.243,189.26912
861.41,-19.29029
861.577,578.72954
861.745,131.46054
861.912,104.54965
862.079,-23.02792
862.246,93.83513
862.413,30.29552
862.58,96.57605
862.748,131.95889
862.915,206.96054
863.082,86.1107
863.249,279.22127
863.416,244.08761
863.583,181.5447
863.75,147.90609
863.917,240.34998
864.084,188.27242
864.251,143.67011
864.418,147.40774
864.585,200.98035
864.751,260.0348
864.918,102.80542
865.085,156.87638
865.252,192.01005
865.419,171.32853
865.586,167.59091
865.752,198.98695
865.919,73.40278
866.086,345.75098
866.253,172.82358
866.419,97.32357
866.586,47.48859
866.753,116.51004
866.919,170.08265
867.086,23.5678
867.253,89.34998
867.419,104.79882
867.586,158.62061
867.752,87.35658
867.919,142.17506
868.085,200.482
868.252,165.59751
868.418,132.20806
868.585,202.97375
868.751,160.11566
868.918,114.76582
869.084,188.02325
869.251,123.23777
869.417,105.048
869.583,209.45229
869.75,130.21467
869.916,134.69981
870.082,187.77407
870.249,197.4919
870.415,206.21302
870.581,161.36153
870.747,155.38133
870.914,119.25097
871.08,116.51004
871.246,143.42094
871.412,-3.59227
871.578,232.12721
871.744,95.57935
871.911,156.37803
872.077,69.66516
872.243,16.34172
872.409,-47.94541
872.575,-21.03452
872.741,50.72786
872.907,96.0777
873.073,-57.66323
873.239,64.18331
873.405,101.55955
873.571,-41.21769
873.737,39.01664
873.902,3.38463
874.068,17.08925
874.234,149.40114
874.4,-54.17478
874.566,5.6272
874.732,76.14371
874.897,-2.59557
875.063,-58.65993
875.229,113.51995
875.395,137.44074
875.56,-86.31835
875.726,-32.99491
875.892,-115.22264
876.057,77.14041
876.223,-3.59227
876.389,112.0249
876.554,-72.36455
876.72,-15.80184
876.885,-34.98831
877.051,102.0579
877.217,-77.34805
877.382,-25.27049
877.548,-9.07412
877.713,-5.58567
877.878,-54.17478
878.044,-20.28699
878.209,-39.97181
878.375,78.13711
878.54,42.50509
878.705,3.88298
878.871,-26.01802
879.036,142.92259
879.201,-52.67973
879.367,25.81037
879.532,5.37803
879.697,35.77737
879.863,-76.8497
880.028,35.27902
880.193,-3.59227
880.358,30.54469
880.523,70.16351
880.688,14.84667
880.854,12.10575
881.019,54.96384
881.184,90.0975
881.349,80.62885
881.514,94.0843
881.679,-22.77874
881.844,110.0315
882.009,-24.27379
882.174,145.41434
882.339,148.90279
882.504,199.73447
882.669,140.18166
882.834,74.39948
882.999,-11.56587
883.163,94.0843
883.328,142.17506
883.493,80.62885
883.658,161.85988
883.823,81.1272
883.988,94.33348
884.152,182.79058
884.317,158.37143
884.482,191.76087
884.646,109.28397
884.811,223.15691
884.976,41.50839
885.14,33.53479
885.305,100.81202
885.47,89.59915
885.634,18.5843
885.799,40.51169
885.963,247.57606
886.128,77.88793
886.292,-50.18798
886.457,102.80542
886.621,2.38793
886.786,177.5579
886.95,-14.55597
887.115,105.54635
887.279,45.24601
887.444,31.54139
887.608,207.95724
887.772,27.30542
887.937,204.71797
888.101,208.95394
888.265,200.482
888.43,66.67506
888.594,64.43248
888.758,157.37473
888.922,92.34008
889.087,112.77242
889.251,124.98199
889.415,119.99849
889.579,25.81037
889.743,11.35822
889.907,90.59585
890.071,65.92753
890.236,42.00674
890.4,-54.42396
890.564,76.39288
890.728,76.64206
890.892,93.83513
891.056,43.00344
891.22,-25.76884
891.384,20.82687
891.548,90.84503
891.711,116.51004
891.875,116.75922
892.039,-127.68139
892.203,99.56615
892.367,54.46549
892.531,-16.30019
892.695,-76.35135
892.858,-29.00811
893.022,-16.30019
893.186,-35.23749
893.35,-39.97181
893.513,-58.41076
893.677,67.42258
893.841,27.05624
894.004,240.59916
894.168,-22.52957
894.332,40.51169
894.495,-80.58733
894.659,77.63876
894.822,26.55789
894.986,43.50179
895.149,-114.22594
895.313,162.60741
895.476,24.5645
895.64,-74.10878
895.803,-11.06752
895.967,90.59585
896.13,-17.79524
896.294,18.33512
896.457,18.33512
