195.513,-4613.00317
195.729,-4613.00317
195.945,-4613.00317
196.161,-4641.57522
196.378,-4632.93716
196.594,-741.15699
196.81,-1835.53328
197.026,-591.65203
197.242,2251.60004
197.458,98.06418
197.674,818.34584
197.89,-282.01065
198.106,898.74629
198.322,-348.4573
198.538,422.32382
198.754,-30.84232
198.97,-659.42761
199.186,-1947.16365
199.402,-118.55189
199.618,1477.49659
199.834,1026.98832
200.049,-588.99416
200.265,639.60436
200.481,1643.61321
200.697,6053.01277
200.913,-1086.01509
201.129,164.51083
201.345,-1660.77859
201.56,3098.13034
201.776,-557.09977
201.992,-1890.01953
202.208,-1220.23732
202.424,157.86616
202.639,383.1203
202.855,-947.1416
203.071,-575.70483
203.287,2859.58687
203.502,-169.71581
203.718,-101.27577
203.934,2310.73756
204.15,-1808.95462
204.365,-177.02494
204.581,545.91459
204.797,51.55152
205.012,302.05539
205.228,-1038.1735
205.444,1609.06095
205.659,-1175.71806
205.875,-1269.40784
206.091,141.2545
206.306,3988.51542
206.522,1219.6836
206.737,2017.70784
206.953,5078.24045
207.168,5065.61558
207.384,2256.91577
207.6,-916.57614
207.815,3703.4593
208.031,-1725.89631
208.246,-752.45292
208.462,164.51083
208.677,-351.11516
208.893,-1527.8853
209.108,121.98497
209.323,-1063.42323
209.539,-2098.66201
209.754,1463.54279
209.97,1112.04003
210.185,1728.66492
210.401,-80.01284
210.616,-114.5651
210.831,2232.99498
211.047,1348.59009
211.262,-231.5112
211.477,863.52956
211.693,470.16541
211.908,1327.32717
212.123,-2359.13287
212.339,925.98941
212.554,1954.58352
212.769,2843.63967
212.985,-1989.02504
213.2,818.34584
213.415,803.06311
213.63,-80.67731
213.846,-549.12617
214.061,-2282.05475
214.276,-175.03155
214.491,714.02461
214.706,693.42614
214.922,-177.02494
215.137,509.36893
215.352,-1475.39245
215.567,-1044.1537
215.782,576.48004
215.997,-771.05798
216.212,-456.76533
216.428,-0.27686
216.643,-684.67734
216.858,-1826.23075
217.073,1223.6704
217.288,890.10822
217.503,-842.82036
217.718,-1194.32313
217.933,2381.171
218.148,201.05648
218.363,-1644.16693
218.578,1910.72874
218.793,800.40525
219.008,-1246.81598
219.223,-99.28237
219.438,-1342.49915
219.653,-153.76862
219.868,863.52956
220.083,-1499.31324
220.298,2145.2854
220.512,193.08288
220.727,-1238.84238
220.942,300.06199
221.157,1312.7089
221.372,197.73415
221.587,781.80019
221.802,1723.34919
222.016,2087.47682
222.231,310.69345
222.446,-1333.86109
222.661,119.32711
222.876,521.32933
223.09,-149.78182
223.305,-99.94683
223.52,-1714.60038
223.735,619.0059
223.949,739.27433
224.164,-335.83243
224.379,-1186.34953
224.594,6734.09091
224.808,-222.20867
225.023,-1338.51235
225.238,-1275.38804
225.452,2843.63967
225.667,579.80238
225.882,1075.49437
226.096,991.10713
226.311,5666.95775
226.525,-191.64321
226.74,1142.60548
226.955,-489.98866
227.169,2484.16331
227.384,-2339.19887
227.598,-3129.24952
227.813,-2614.28799
228.027,86.10378
228.242,530.63186
228.456,-2379.73133
228.671,315.34472
228.885,-1604.96341
229.1,1983.15558
229.314,-325.86544
229.529,-398.29228
229.743,1537.96304
229.958,403.71876
230.172,-578.3627
230.386,21.65053
230.601,2415.72326
230.815,-2032.21536
231.03,498.073
231.244,1318.6891
231.458,1550.5879
231.673,597.74297
231.887,-34.16465
232.101,2767.8905
232.316,-1899.32206
232.53,2037.64183
232.744,-789.66304
232.958,16.99927
233.173,-617.56622
233.387,-2246.83803
233.601,-2371.09326
233.815,4899.49896
234.03,26.96626
234.244,-396.29888
234.458,119.32711
234.672,1906.74194
234.886,1120.67809
235.101,3561.26347
235.315,1812.3877
235.529,552.55925
235.743,-84.6641
235.957,-1159.77087
236.171,2664.23372
236.385,1884.15008
236.599,652.22922
236.814,-1176.38253
237.028,761.20173
237.242,4499.49014
237.456,-992.98978
237.67,-1739.85011
237.884,963.19954
238.098,1050.24464
238.312,-285.99745
238.526,-1316.58496
238.74,-582.3495
238.954,-632.84895
239.168,330.62745
239.382,-175.03155
239.596,2262.2315
239.81,-2232.88423
240.024,-873.38582
240.237,236.93767
240.451,-1297.9799
240.665,-563.07997
240.879,1844.28209
241.093,230.29301
241.307,-1056.1141
241.521,-2002.97883
241.734,617.67697
241.948,-515.90285
242.162,-1258.77637
242.376,2587.15561
242.59,2498.1171
242.803,73.47892
243.017,272.1544
243.231,-1832.21095
243.445,-2614.95246
243.658,-2032.21536
243.872,-1857.46067
244.086,-1404.29453
244.3,2361.90148
244.513,-146.45949
244.727,-778.36711
244.941,-1880.717
245.154,598.40744
245.368,838.9443
245.582,2003.08958
245.795,543.25672
246.009,-34.82912
246.222,677.47895
246.436,-992.32532
246.65,-1363.09761
246.863,1595.77162
247.077,-1196.31653
247.29,1056.22484
247.504,-1666.09433
247.717,1343.27436
247.931,679.47235
248.144,-1058.1075
248.358,-1672.07452
248.571,418.33702
248.785,27.63073
248.998,1624.34368
249.212,2027.01037
249.425,870.17423
249.639,137.2677
249.852,690.10381
250.065,-2555.81494
250.279,474.81667
250.492,-472.71253
250.706,-1282.0327
250.919,-2051.48489
251.132,591.76277
251.346,-1195.65206
251.559,-468.06126
251.772,10067.05478
251.986,1419.68801
252.199,-1018.90398
252.412,-2137.20106
252.625,3868.91145
252.839,868.18083
253.052,-1488.68178
253.265,-26.19105
253.478,632.29523
253.692,308.70005
253.905,361.85737
254.118,-1002.29231
254.331,561.86178
254.544,-2.93473
254.758,370.49543
254.971,-1454.12952
255.184,-773.71584
255.397,7984.61683
255.61,-2623.59052
255.823,1571.85083
256.036,-853.45182
256.249,-261.41219
256.462,2227.01478
256.676,-927.87207
256.889,-175.03155
257.102,5386.55289
257.315,-961.09539
257.528,-1573.73349
257.741,-1321.23622
257.954,88.76165
258.167,606.38104
258.38,-1480.04371
258.593,-413.57501
258.806,-531.85005
259.019,3910.10837
259.231,1362.54389
259.444,499.40193
259.657,951.23914
259.87,1526.66711
260.083,1858.23588
260.296,1549.25897
260.509,935.29194
260.722,1072.8365
260.935,651.56476
261.147,-1127.21201
261.36,-889.33301
261.573,3306.10834
261.786,-976.37812
261.999,-1112.59375
262.211,329.96298
262.424,1838.30189
262.637,278.79906
262.85,-2435.54651
263.062,-1042.82477
263.275,2060.89816
263.488,-1840.18454
263.7,1925.347
263.913,7.03227
264.126,1209.05213
264.338,3837.01706
264.551,68.16319
264.764,357.87057
264.976,2289.47463
265.189,1360.55049
265.402,-1735.86331
265.614,853.56257
265.827,1943.95206
266.039,-400.95015
266.252,-1232.86218
266.465,1135.29635
266.677,-127.85443
266.89,-666.73674
267.102,1679.4944
267.315,-1075.38363
267.527,-1000.96338
267.74,-751.12398
267.952,747.9124
268.165,653.55816
268.377,-322.5431
268.589,522.65826
268.802,-1021.56184
269.014,998.41626
269.227,133.94537
269.439,-2232.21977
269.651,-1861.44747
269.864,412.35682
270.076,271.48993
270.289,1633.64621
270.501,175.14229
270.713,-428.85774
270.926,880.80569
271.138,639.60436
271.35,-1040.1669
271.562,911.37115
271.775,1021.00812
271.987,956.55487
272.199,-420.88414
272.411,-1519.24723
272.624,-724.54532
272.836,1393.77381
273.048,-1333.86109
273.26,-448.79174
273.472,1463.54279
273.685,-76.02604
273.897,662.19622
274.109,1383.14235
274.321,1142.60548
274.533,-879.36601
274.745,979.14673
274.957,677.47895
275.17,187.76715
275.382,-566.4023
275.594,-1151.79727
275.806,217.00368
276.018,-347.12836
276.23,1124.00042
276.442,1444.27327
276.654,-470.05466
276.866,-800.95897
277.078,1718.69792
277.29,-449.4562
277.502,-1514.59597
277.714,-1648.8182
277.926,465.51414
278.138,-993.65425
278.35,2347.28321
278.562,-2042.84682
278.773,222.31941
278.985,-1143.15921
279.197,-658.09868
279.409,-608.92816
279.621,-145.13055
279.833,58.19619
280.045,-1621.57507
280.256,-875.37922
280.468,-1495.32644
280.68,-380.35169
280.892,-229.5178
281.104,-482.01506
281.315,2538.64956
281.527,-1622.23954
281.739,-1004.28571
281.951,1880.82774
282.162,338.60104
282.374,1886.80794
282.586,1928.66933
282.797,50.22259
283.009,-2675.41891
283.221,1757.23698
283.432,321.32492
283.644,-74.03264
283.856,2417.05219
284.067,-1868.09214
284.279,1392.44488
284.49,427.63955
284.702,-20.21086
284.914,1774.51311
285.125,480.79687
285.337,1157.22375
285.548,-1493.99751
285.76,-1029.53544
285.971,950.57467
286.183,516.67806
286.394,-1834.20435
286.606,-244.80053
286.817,732.62967
287.029,37.59773
287.24,-2372.4222
287.452,2871.54727
287.663,5323.42858
287.874,430.29742
288.086,249.56254
288.297,-478.02826
288.509,-552.44851
288.72,731.30073
288.931,611.69677
289.143,2224.35691
289.354,3250.95763
289.565,-1757.7907
289.777,922.00261
289.988,-2119.92493
290.199,129.2941
290.411,-1107.94248
290.622,-1040.1669
290.833,-890.66194
291.044,-1880.05253
291.256,-18.21746
291.467,1540.62091
291.678,1297.42617
291.889,487.44154
292.1,278.13459
292.312,639.60436
292.523,1453.5758
292.734,6014.47372
292.945,-2169.75992
293.156,100.05758
293.367,1099.41516
293.578,-83.99964
293.789,-1247.48044
294.001,59.52512
294.212,-995.64765
294.423,-1463.43205
294.634,-549.79064
294.845,-2068.09655
295.056,923.99601
295.267,375.1467
295.478,594.42064
295.689,898.08182
295.9,-1044.81817
296.111,-1371.07121
296.322,-1357.11741
296.533,-834.18229
296.744,987.12033
296.954,2172.52853
297.165,-2002.97883
297.376,550.56585
297.587,-2332.55421
297.798,2427.01919
298.009,441.59335
298.22,2699.45045
298.431,2512.73537
298.641,1399.75401
298.852,1578.4955
299.063,-51.44078
299.274,2146.61434
299.485,-1309.27583
299.695,1136.62529
299.906,-1539.18123
300.117,407.04109
300.328,1343.93883
300.538,146.57023
300.749,-517.23178
300.96,-296.62891
301.171,1991.12918
301.381,142.58343
301.592,3240.99063
301.803,-1335.19002
302.013,-60.74331
302.224,-850.79396
302.434,-593.64543
302.645,-1511.27364
302.856,3807.78054
303.066,-1352.46615
303.277,1328.6561
303.487,-1574.39795
303.698,-394.30548
303.908,-1496.65537
304.119,76.80125
304.33,-1723.90291
304.54,-10.24386
304.751,-1469.41225
304.961,-1630.8776
305.171,-100.6113
305.382,-2753.16149
305.592,807.04991
305.803,1679.4944
306.013,-216.22847
306.224,1763.21718
306.434,3715.4197
306.644,491.42833
306.855,584.45364
307.065,-2235.5421
307.276,231.62194
307.486,1491.45039
307.696,-2032.21536
307.907,-228.85333
308.117,115.34031
308.327,2329.34262
308.537,2926.03352
308.748,-911.26041
308.958,-979.03599
309.168,-125.86103
309.379,254.2138
309.589,238.93107
309.799,-2776.41781
310.009,-1608.28574
310.219,477.47454
310.43,853.56257
310.64,1466.86513
310.85,-1494.66197
311.06,1710.05986
311.27,-563.07997
311.48,-659.42761
311.69,-1136.51454
311.901,276.80566
312.111,1152.57248
312.321,-149.11735
312.531,20.3216
312.741,-16.88852
312.951,1504.07525
313.161,-1184.35613
313.371,149.2281
313.581,-766.40671
313.791,1035.62638
314.001,-575.70483
314.211,186.43822
314.421,2025.68144
314.631,203.71435
314.841,-1505.29344
315.051,283.45033
315.261,3558.60561
315.47,660.20282
315.68,1644.27768
315.89,-811.59043
316.1,-669.39461
316.31,1359.22156
316.52,-473.37699
316.73,-509.92265
316.939,-1151.1328
317.149,577.80898
317.359,3017.72989
317.569,2988.49337
317.779,1044.92891
317.988,422.32382
318.198,-689.3286
318.408,101.38651
318.618,-1591.67408
318.827,1247.59119
319.037,1545.27217
319.247,1560.5549
319.456,832.96411
319.666,3069.55828
319.876,897.41735
320.085,1601.75182
320.295,-292.64211
320.505,882.79909
320.714,210.35901
320.924,3443.65291
321.133,-781.02498
321.343,2369.21061
321.553,-351.11516
321.762,205.70775
321.972,1068.84971
322.181,1712.71772
322.391,2011.06317
322.6,1623.67922
322.81,404.38323
323.019,992.43606
323.229,1293.43938
323.438,2074.85196
323.648,50.88706
323.857,-1066.0811
324.066,-672.71694
324.276,-1206.94799
324.485,-1016.91058
324.695,2618.38554
324.904,-134.49909
325.113,1571.85083
325.323,1040.27765
325.532,1338.6231
325.741,-1408.9458
325.951,457.54054
326.16,-1507.9513
326.369,-487.33079
326.579,84.11038
326.788,-907.93807
326.997,24.3084
327.206,530.63186
327.416,223.64834
327.625,-463.41
327.834,-998.96998
328.043,-2070.75441
328.252,-1519.9117
328.462,-969.73346
328.671,-2056.80062
328.88,3355.94333
329.089,-1127.21201
329.298,-508.59372
329.507,-3272.10981
329.716,1223.6704
329.926,-145.79502
330.135,-1060.1009
330.344,-2190.35838
330.553,-1703.30445
330.762,791.76718
330.971,-552.44851
331.18,-954.45073
331.389,-895.31321
331.598,-1454.12952
331.807,-821.55743
332.016,372.48883
332.225,-541.15258
332.434,573.82218
332.643,-689.3286
332.852,5.03887
333.06,824.99051
333.269,-802.2879
333.478,-794.97877
333.687,-2791.70054
333.896,-821.55743
334.105,478.80347
334.314,-1722.57398
334.523,-752.45292
334.731,512.0268
334.94,1403.07634
335.149,-790.99197
335.358,-1707.29125
335.567,-1606.29234
335.775,3242.98403
335.984,-945.81266
336.193,-38.15145
336.402,2883.50766
336.61,-1225.55305
336.819,2280.1721
337.028,-1180.36933
337.236,-81.34177
337.445,-530.52111
337.654,187.10269
337.862,56.86726
338.071,1767.20398
338.279,-521.88305
338.488,228.96407
338.697,-200.28127
338.905,1592.44929
339.114,875.48996
339.322,-153.10415
339.531,-1484.69498
339.739,-608.92816
339.948,2310.73756
340.157,-807.60363
340.365,551.89478
340.574,-1116.58055
340.782,86.10378
340.99,-4.92813
341.199,-1502.63557
341.407,-1660.77859
341.616,390.42943
341.824,1186.46027
342.033,-729.86106
342.241,-891.99088
342.449,2729.35144
342.658,-2488.03936
342.866,1591.12036
343.074,2361.90148
343.283,967.8508
343.491,-367.06236
343.699,737.9454
343.908,873.49656
344.116,-89.97984
344.324,-925.2142
344.532,6463.65306
344.741,133.2809
344.949,-157.75542
345.157,-2542.52561
345.365,-605.60582
345.574,-574.3759
345.782,2315.38882
345.99,250.227
346.198,-347.79283
346.406,1203.07193
346.614,-1632.871
346.823,-325.86544
347.031,-150.44629
347.239,-1943.17685
347.447,-1612.93701
347.655,-1973.07784
347.863,1989.80025
348.071,-290.64871
348.279,-384.33849
348.487,-414.90394
348.695,-893.98428
348.903,539.93439
349.111,-540.48811
349.319,883.46356
349.527,935.95641
349.735,957.8838
349.943,200.39202
350.151,284.77926
350.359,4528.0622
350.567,3041.65068
350.775,5277.58039
350.983,-918.56954
351.19,-1630.8776
351.398,3486.17876
351.606,-1097.31102
351.814,461.52734
352.022,135.93877
352.23,3971.23929
352.437,-1574.39795
352.645,-828.2021
352.853,-1250.13831
353.061,-1857.46067
353.269,1755.24358
353.476,-183.00514
353.684,-1158.44194
353.892,-1553.13503
354.099,-1028.87097
354.307,1527.33158
354.515,702.72867
354.722,173.81336
354.93,854.8915
355.138,431.62635
355.345,769.17532
355.553,-860.76095
355.761,-802.95237
355.968,-2514.61802
356.176,-1502.63557
356.383,-626.86875
356.591,329.29851
356.799,-2010.95243
357.006,1510.71991
357.214,404.38323
357.421,1221.01253
357.629,-2898.67965
357.836,980.47566
358.044,819.67478
358.251,2394.46033
358.458,-2224.24617
358.666,-440.81814
358.873,-74.69711
359.081,-907.27361
359.288,-69.38137
359.496,-1171.0668
359.703,-313.90504
359.91,-437.4958
360.118,4648.33063
360.325,-599.62563
360.532,-866.74115
360.74,-392.31208
360.947,-418.22628
361.154,-1331.86769
361.362,-1577.05582
361.569,2538.64956
361.776,-2167.10205
361.983,1290.11704
362.191,-876.04368
362.398,-209.5838
362.605,-1783.70489
362.812,-1202.96119
363.019,680.80128
363.227,-1889.35506
363.434,-946.47713
363.641,-1119.23841
363.848,2057.57583
364.055,-212.90613
364.262,1810.3943
364.469,-1832.87541
364.676,1411.04994
364.883,1395.10275
365.091,15.67033
365.298,899.41075
365.505,2082.82555
365.712,6741.40005
365.919,893.43055
366.126,1772.51971
366.333,-214.89953
366.54,351.22591
366.747,-197.62341
366.954,-773.71584
367.16,-761.75545
367.367,106.03778
367.574,112.68244
367.781,1139.28315
367.988,-1642.838
368.195,1977.83985
368.402,2015.71444
368.609,518.00699
368.816,-286.66191
369.022,-715.90726
369.229,-2591.69613
369.436,1870.19628
369.643,-1474.06351
369.85,-801.62344
370.056,-438.16027
370.263,-2744.52342
370.47,2707.42405
370.677,373.81777
370.883,476.14561
371.09,604.38764
371.297,355.21271
371.503,251.55593
371.71,-2351.82373
371.917,-1812.27695
372.123,1392.44488
372.33,319.33152
372.537,-1439.51126
372.743,-874.05028
372.95,-246.79393
373.156,-1686.69279
373.363,261.52293
373.57,-1357.78188
373.776,5357.98083
373.983,673.49215
374.189,-851.45842
374.396,-1076.71256
374.602,1278.15665
374.809,510.0334
375.015,-216.22847
375.222,-1128.54094
375.428,40.25559
375.634,1022.33705
375.841,-2203.64771
376.047,-476.03486
376.254,460.19841
376.46,1254.23585
376.666,1411.71441
376.873,-676.70374
377.079,-1238.17791
377.286,1241.61099
377.492,-1082.02829
377.698,1975.84645
377.904,1355.89922
378.111,1162.53948
378.317,-559.75764
378.523,-2577.07787
378.73,2503.43284
378.936,968.51527
379.142,-1937.86112
379.348,316.67365
379.554,1627.00155
379.761,241.58894
379.967,2312.73096
380.173,537.94099
380.379,-465.4034
380.585,-535.17238
380.791,156.53723
380.997,42.24899
381.204,-1271.40124
381.41,4000.47582
381.616,-2862.13399
381.822,-308.58931
382.028,692.09721
382.234,-2745.18789
382.44,-651.45401
382.646,1488.12805
382.852,-2090.68841
383.058,-800.95897
383.264,1846.93995
383.47,-2158.46399
383.676,-505.27139
383.882,-2115.27367
384.088,-390.31868
384.294,-877.37261
384.5,-1629.54867
384.705,502.72426
384.911,-1043.48923
385.117,211.02348
385.323,486.1126
385.529,-434.83794
385.735,568.50645
385.941,-2448.83584
386.146,-563.07997
386.352,-1853.47387
386.558,1266.86072
386.764,-895.97768
386.969,-1975.07124
387.175,-2282.05475
387.381,-1709.94911
387.587,-717.23619
387.792,-771.05798
387.998,-2308.63341
388.204,-1578.38475
388.409,1244.26886
388.615,452.22481
388.821,-262.07665
389.026,-499.29119
389.232,-656.76974
389.438,-538.49471
389.643,165.83976
389.849,-144.46609
390.054,-1121.89628
390.26,-2222.25277
390.465,-1642.17353
390.671,-1444.16252
390.876,-2090.02394
391.082,912.70008
391.287,-1056.1141
391.493,-2301.32428
391.698,-1174.38913
391.904,-858.10309
392.109,-556.4353
392.315,-2852.16699
392.52,-612.25049
392.726,1135.96082
392.931,-729.19659
393.136,-144.46609
393.342,675.48555
393.547,-1577.72028
393.752,236.93767
393.958,2641.64186
394.163,-439.4892
394.368,-1098.63995
394.574,-1027.54204
394.779,-1212.26372
394.984,2455.59125
395.19,-1630.21314
395.395,-214.89953
395.6,1023.66598
395.805,-1179.0404
396.01,-1377.05141
396.216,833.62857
396.421,-1270.73677
396.626,975.15993
396.831,2587.82008
397.036,-1905.96673
397.241,-1926.56519
397.447,226.30621
397.652,272.1544
397.857,912.03562
398.062,639.60436
398.267,-1641.50907
398.472,-2719.93816
398.677,1575.17316
398.882,-1063.42323
399.087,100.72204
399.292,591.76277
399.497,-141.80822
399.702,2015.04997
399.907,-766.40671
400.112,1175.16434
400.317,-669.39461
400.522,-952.45733
400.727,1058.88271
400.932,90.09058
401.137,-1103.29122
401.341,-3059.48054
401.546,-636.83575
401.751,593.09171
401.956,1889.46581
402.161,-725.87426
402.366,-1015.58164
402.57,-550.45511
402.775,821.00371
402.98,314.68025
403.185,-663.41441
403.39,1583.81123
403.594,-92.6377
403.799,-64.06564
404.004,191.75395
404.208,-2358.4684
404.413,1098.7507
404.618,177.80016
404.822,64.84085
405.027,758.54386
405.232,50.88706
405.436,752.56366
405.641,-1671.41006
405.846,-634.17788
406.05,1764.54611
406.255,-74.03264
406.459,-813.58383
406.664,-999.63445
406.868,-1559.77969
407.073,10568.72697
407.277,1796.4405
407.482,76.80125
407.686,528.63846
407.891,-2057.46508
408.095,-766.40671
408.3,319.99598
408.504,226.30621
408.709,152.55043
408.913,-416.23288
409.118,-1247.48044
409.322,2893.47466
409.526,4463.60895
409.731,1947.27439
409.935,-1793.67189
410.139,-1179.70486
410.344,109.36011
410.548,725.985
410.752,316.00918
410.957,-183.66961
411.161,-1701.31105
411.365,-1456.78739
411.569,1656.90254
411.774,2662.90479
411.978,1724.01365
412.182,773.16212
412.386,225.64174
412.59,-222.87313
412.795,-1715.92931
412.999,-124.53209
413.203,-826.2087
413.407,3625.05225
413.611,1228.98613
413.815,29.62413
414.019,-614.24389
414.223,-291.31318
414.427,920.67368
414.632,6570.63216
414.836,-367.06236
415.04,-268.72132
415.244,486.77707
415.448,-1821.57948
415.652,987.78479
415.856,537.94099
416.06,1727.33599
416.264,-987.67405
416.467,2670.21392
416.671,-630.19108
416.875,2842.31074
417.079,1135.96082
417.283,576.48004
417.487,1068.84971
417.691,1100.07963
417.895,-1297.31543
418.099,-135.16356
418.302,1547.93004
418.506,-1128.54094
418.71,323.98278
418.914,-1352.46615
419.118,-2592.3606
419.321,-1436.85339
419.525,276.14119
419.729,1348.59009
419.933,747.24793
420.136,-2593.68953
420.34,675.48555
420.544,721.9982
420.747,-1082.69276
420.951,-952.45733
421.155,-1242.82918
421.358,-309.91824
421.562,97.39971
421.766,1845.61102
421.969,-889.99748
422.173,842.26664
422.376,2523.36683
422.58,-408.25928
422.783,204.37881
422.987,-739.16359
423.19,817.68138
423.394,-1495.99091
423.597,695.41954
423.801,-547.79724
424.004,4839.03251
424.208,-826.2087
424.411,-509.92265
424.615,2444.29532
424.818,-1578.38475
425.022,-994.31872
425.225,-497.29779
425.428,-1717.25825
425.632,-165.72901
425.835,36.2688
426.038,1579.82443
426.242,1627.66602
426.445,-1254.12511
426.648,-786.34071
426.852,-1614.93041
427.055,-1110.60035
427.258,2308.07969
427.461,-659.42761
427.665,337.93658
427.868,1104.7309
428.071,763.19512
428.274,1042.27105
428.477,2973.8751
428.681,16649.9242
428.884,-553.77744
429.087,830.30624
429.29,-1274.72357
429.493,957.21934
429.696,2110.73315
429.899,597.0785
430.102,741.9322
430.306,1943.28759
430.509,765.18852
430.712,2654.26673
430.915,-1074.05469
431.118,-366.39789
431.321,333.28531
431.524,-753.78185
431.727,-961.75986
431.93,-1127.21201
432.133,2151.2656
432.336,2146.61434
432.538,1306.72871
432.741,-1842.17794
432.944,1789.13137
433.147,1973.85305
433.35,6080.92036
433.553,-58.74991
433.756,1729.99385
433.959,-166.39348
434.161,-217.5574
434.364,2098.77275
434.567,1292.77491
434.77,1090.7771
434.973,465.51414
435.175,709.37334
435.378,3641.66392
435.581,1373.17535
435.784,125.3073
435.986,382.45583
436.189,939.27874
436.392,2003.75404
436.594,-311.24717
436.797,-337.82583
437,2671.54286
437.202,2552.60336
437.405,842.26664
437.607,2533.99829
437.81,2480.84098
438.013,2134.65394
438.215,-1274.0591
438.418,230.95747
438.62,352.55484
438.823,1984.48452
439.025,-125.19656
439.228,2302.09949
439.43,240.26
439.633,317.33812
439.835,-19.54639
440.038,1998.43831
440.24,2530.67596
440.443,36.2688
440.645,690.10381
440.847,181.12249
441.05,-1189.67186
441.252,1171.84201
441.455,2973.21064
441.657,664.18962
441.859,3288.83222
442.062,880.14123
442.264,882.13462
442.466,4303.47253
442.668,3476.87623
442.871,1820.36129
443.073,1639.62641
443.275,1707.40199
443.477,71.48552
443.68,4209.78276
443.882,-427.52881
444.084,10.3546
444.286,-438.82474
444.488,1670.19187
444.69,2081.49662
444.893,1057.55378
445.095,1746.60552
445.297,422.32382
445.499,812.36564
445.701,303.38432
445.903,2387.81567
446.105,1477.49659
446.307,1307.39317
446.509,1617.03455
446.711,2201.76505
446.913,531.96079
447.115,2192.46252
447.317,333.28531
447.519,797.74738
447.721,585.11811
447.923,-780.36051
448.125,1013.69899
448.327,319.33152
448.529,1252.90692
448.731,94.07738
448.933,1023.66598
449.134,-56.75651
449.336,-151.77522
449.538,599.73637
449.74,458.86948
449.942,-1315.25603
450.144,2733.33824
450.345,2149.93667
450.547,420.33042
450.749,3797.14907
450.951,831.63517
451.152,1260.88052
451.354,-1094.65315
451.556,369.1665
451.757,731.9652
451.959,494.0862
452.161,149.2281
452.362,2600.44494
452.564,-311.91164
452.766,1054.89591
452.967,-107.92043
453.169,1017.68579
453.37,253.54933
453.572,-24.86212
453.774,2268.2117
453.975,1105.39536
454.177,-1503.30004
454.378,34.93986
454.58,817.68138
454.781,1122.00702
454.983,2173.85746
455.184,990.44266
455.386,-1303.9601
455.587,-782.35391
455.788,-452.11407
455.99,-1234.85558
456.191,-748.46612
456.393,-333.17457
456.594,-878.03708
456.795,490.0994
456.997,565.18411
457.198,1028.98172
457.399,-777.70264
457.601,-1379.04481
457.802,-2550.49921
458.003,886.78589
458.205,1001.73859
458.406,-1452.80059
458.607,-864.74775
458.808,-1821.57948
459.009,-709.2626
459.211,-584.3429
459.412,1809.06536
459.613,806.38545
459.814,-38.15145
460.015,-442.14707
460.217,1377.16215
460.418,11105.61589
460.619,5728.08866
460.82,1180.48007
461.021,-762.41991
461.222,3365.91033
461.423,630.9663
461.624,-2002.97883
461.825,197.73415
462.026,-1879.38807
462.227,-1230.20432
462.428,-2100.6554
462.629,-1888.02613
462.83,555.21712
463.031,-1043.48923
463.232,1342.6099
463.433,-385.00295
463.634,358.53504
463.835,-1535.19443
464.036,-850.12949
464.236,135.2743
464.437,-1888.6906
464.638,609.0389
464.839,-880.69495
465.04,696.08401
465.241,824.99051
465.441,-889.99748
465.642,3180.52418
465.843,647.57796
466.044,-1400.30773
466.244,-790.99197
466.445,-2474.75003
466.646,-206.92594
466.847,-447.4628
467.047,2615.72767
467.248,1599.09396
467.449,-394.30548
467.649,486.1126
467.85,909.37775
468.05,-1307.94689
468.251,-1235.52005
468.452,-824.2153
468.652,117.99817
468.853,-1253.46064
469.053,1752.58571
469.254,-1995.6697
469.454,-542.48151
469.655,-1376.38694
469.855,725.32054
470.056,369.83097
470.256,286.10819
470.457,1558.5615
470.657,747.24793
470.858,1770.52631
471.058,2977.8619
471.259,-866.07668
471.459,-1178.37593
471.659,250.89147
471.86,-790.99197
472.06,-1817.59268
472.26,-511.91605
472.461,550.56585
472.661,-1760.44857
472.861,-2498.00636
473.062,-1187.01399
473.262,383.1203
473.462,218.99708
473.662,5223.09414
473.863,-513.24498
474.063,207.70115
474.263,-101.94023
474.463,34.93986
474.663,576.48004
474.864,507.37553
475.064,-877.37261
475.264,-1711.94251
475.464,298.73306
475.664,-2537.20988
475.864,-333.83903
476.064,-1448.81379
476.264,3108.7618
476.464,-1495.32644
476.664,60.85406
476.864,-148.45289
477.064,-1266.74997
477.265,433.61975
477.464,139.92557
477.664,-1392.9986
477.864,48.22919
478.064,-282.67512
478.264,-1417.58386
478.464,3103.44607
478.664,-1714.60038
478.864,-305.26698
479.064,-1456.12292
479.264,-438.16027
479.464,-1949.15705
479.663,-52.10525
479.863,217.66814
480.063,3545.31628
480.263,932.63408
480.463,7999.89956
480.663,-1274.0591
480.862,-1040.83137
481.062,-44.13165
481.262,42.24899
481.461,-1119.23841
481.661,-1297.9799
481.861,-1222.89518
482.061,646.91349
482.26,-248.78732
482.46,-874.71475
482.66,2615.72767
482.859,4103.46812
483.059,-1622.23954
483.258,1545.27217
483.458,-1080.69936
483.658,1333.30736
483.857,765.18852
484.057,-115.22956
484.256,1144.59888
484.456,3548.63861
484.655,1165.19735
484.855,818.34584
485.054,-270.71472
485.254,-1536.52336
485.453,813.03011
485.653,-1262.09871
485.852,778.47785
486.051,-1853.47387
486.251,-1213.59265
486.45,834.29304
486.649,2061.56263
486.849,-218.22187
487.048,-1748.48817
487.248,265.50973
487.447,-695.97327
487.646,-674.71034
487.845,-1721.24504
488.045,-1614.93041
488.244,91.41951
488.443,1391.78041
488.642,-2436.21098
488.842,-462.08106
489.041,-533.84344
489.24,-486.00186
489.439,638.93989
489.638,482.1258
489.838,-1289.34183
490.037,-267.39239
490.236,-2275.41009
490.435,-2210.95684
490.634,518.67146
490.833,-2082.71481
491.032,-2077.39908
491.231,-545.13937
491.43,461.52734
491.629,457.54054
491.828,434.94868
492.027,-1773.07343
492.226,-137.15696
492.425,290.09499
492.624,1676.17207
492.823,2526.68916
493.022,-448.12727
493.221,912.03562
493.42,-755.11078
493.619,-201.6102
493.818,-721.22299
494.017,805.72098
494.216,48.22919
494.414,32.94646
494.613,-1099.30442
494.812,-1026.87757
495.011,-262.74112
495.21,187.10269
495.408,32.282
495.607,-1175.71806
495.806,-819.56403
496.005,-812.91937
496.203,1021.00812
496.402,-152.43968
496.601,-228.18886
496.799,-1551.14163
496.998,-753.11738
497.197,-167.05795
497.395,-2051.48489
497.594,510.0334
497.793,-1351.13722
497.991,2631.67487
498.19,1506.73312
498.388,7.03227
498.587,1690.12586
498.785,1823.68363
498.984,385.77816
499.182,1170.51308
499.381,1499.42398
499.579,-772.38691
499.778,1118.68469
499.976,-1882.04593
500.175,719.34034
500.373,-652.78294
500.572,-1108.60695
500.77,1327.32717
500.968,362.52184
501.167,-1323.22962
501.365,870.17423
501.564,-202.27467
501.762,2567.88608
501.96,2869.55387
502.159,1542.61431
502.357,-46.78951
502.555,-68.05244
502.753,2019.70124
502.952,1442.27987
503.15,90.75505
503.348,995.09393
503.546,1922.68913
503.745,-1052.79177
503.943,837.61537
504.141,662.86069
504.339,6272.95118
504.537,9.69014
504.735,-930.52993
504.933,1178.48667
505.132,66.83425
505.33,-1048.80497
505.528,914.69348
505.726,694.75508
505.924,-235.49799
506.122,2696.12812
506.32,-535.17238
506.518,-1547.15483
506.716,-1729.88311
506.914,1856.90695
507.112,44.90686
507.31,3435.67931
507.508,2195.78486
507.706,640.26883
507.904,779.14232
508.101,3362.58799
508.299,591.76277
508.497,-753.78185
508.695,539.93439
508.893,2450.27552
509.091,3046.96642
509.289,-693.3154
509.486,120.65604
509.684,641.59776
509.882,733.9586
510.08,-846.14269
510.277,2197.77826
510.475,-610.92156
510.673,24.3084
510.871,-1241.50025
511.068,16.3348
511.266,-596.96776
511.464,264.1808
511.661,1421.68141
511.859,628.30843
512.056,1369.85302
512.254,378.46903
512.452,-103.93363
512.649,1579.15996
512.847,747.24793
513.044,2936.66498
513.242,1922.02467
513.439,-421.54861
513.637,472.82327
513.834,-840.16249
514.032,2439.64405
514.229,86.10378
514.427,-180.34728
514.624,-865.41222
514.822,1026.98832
515.019,3990.50882
515.217,331.95638
515.414,1546.6011
515.611,2033.65503
515.809,2173.85746
516.006,-327.85884
516.203,1872.18968
516.401,2911.41525
516.598,2078.17429
516.795,3343.31847
516.993,2660.91139
517.19,684.78808
517.387,-166.39348
517.584,1909.3998
517.781,436.27762
517.979,609.70337
518.176,1502.08185
518.373,-25.52659
518.57,414.35022
518.767,-493.97546
518.964,867.51636
519.162,1159.88161
519.359,3100.7882
519.556,1139.94762
519.753,1958.57032
519.95,-19.54639
520.147,706.71547
520.344,2866.896
520.541,2262.2315
520.738,-1233.52665
520.935,198.39862
521.132,116.66924
521.329,2163.89046
521.526,1971.19519
521.723,1278.15665
521.92,-1384.36054
522.117,613.69017
522.314,904.72648
522.511,8.3612
522.707,3437.00824
522.904,2014.38551
523.101,1127.98722
523.298,1678.16547
523.495,3391.16005
523.692,-2222.25277
523.888,-810.92597
524.085,-1618.91721
524.282,253.54933
524.479,1335.30076
524.675,559.86838
524.872,483.45474
525.069,132.61643
525.266,1072.17204
525.462,4443.01049
525.659,3276.20735
525.856,1029.64618
526.052,-2080.05694
526.249,564.51965
526.445,-476.69933
526.642,908.71328
526.839,828.97731
527.035,1417.03014
527.232,589.76937
527.428,1709.39539
527.625,284.77926
527.821,2738.65397
528.018,993.76499
528.214,1182.47347
528.411,-163.73562
528.607,1708.73093
528.804,-812.2549
529,-1372.40014
529.196,653.55816
529.393,1943.95206
529.589,1846.27549
529.786,-851.45842
529.982,959.8772
530.178,-145.13055
530.375,179.79356
530.571,373.81777
530.767,1907.4064
530.963,486.1126
531.16,1068.18524
531.356,-262.07665
531.552,-1237.51345
531.748,1050.24464
531.945,1007.05432
532.141,1437.6286
532.337,-694.64433
532.533,-622.88195
532.729,-591.65203
532.926,678.80788
533.122,2605.76067
533.318,3975.22609
533.514,2013.05657
533.71,3423.05444
533.906,-377.69382
534.102,280.79246
534.298,1293.43938
534.494,2085.48342
534.69,-1.60579
534.886,1971.85965
535.082,1327.99163
535.278,3872.89825
535.474,2674.20072
535.67,-172.37368
535.866,3048.29535
536.062,981.14013
536.258,-5.59259
536.454,-417.56181
536.65,2533.99829
536.846,4173.2371
537.041,2429.01259
537.237,3696.15017
537.433,-202.93914
537.629,3874.22718
537.825,662.86069
538.02,1012.37005
538.216,3520.73102
538.412,2759.25243
538.608,-1876.06573
538.803,-139.15036
538.999,255.54273
539.195,-721.22299
539.39,1852.25569
539.586,2077.50982
539.782,-1288.67737
539.977,-73.36817
540.173,947.91681
540.369,786.45145
540.564,541.26332
540.76,-798.96557
540.955,256.87167
541.151,408.37002
541.347,-113.23616
541.542,16.3348
541.738,-239.48479
541.933,961.20614
542.129,-1515.9249
542.324,375.1467
542.519,2609.74747
542.715,2656.92459
542.91,-101.94023
543.106,903.39755
543.301,860.8717
543.497,1267.52518
543.692,1555.23917
543.887,-313.90504
544.083,-1119.23841
544.278,1186.46027
544.473,866.18743
544.669,3425.04784
544.864,1613.71222
545.059,5245.686
545.254,1432.97734
545.45,-210.24827
545.645,62.18299
545.84,661.53175
546.035,66.83425
546.23,-161.74222
546.426,1116.02683
546.621,-319.88524
546.816,748.57686
547.011,367.83757
547.206,1232.97293
547.401,-150.44629
547.596,-339.81923
547.791,104.04438
547.986,1213.7034
548.181,256.2072
548.376,2135.31841
548.572,-1102.62675
548.767,-2465.4475
548.961,-190.97874
549.156,-640.15808
549.351,426.97509
549.546,-1015.58164
549.741,-917.90507
549.936,-824.87976
550.131,2080.16769
550.326,1164.53288
550.521,2210.40312
550.716,4734.71128
550.911,1849.59782
551.105,1450.91793
551.3,-787.00517
551.495,3402.45598
551.69,-556.4353
551.885,3644.32178
552.079,4348.65625
552.274,942.60107
552.469,-34.16465
552.664,1021.00812
552.858,1666.20507
553.053,1009.71219
553.248,452.22481
553.442,285.44373
553.637,1478.16106
553.832,3007.76289
554.026,1280.81451
554.221,325.31171
554.415,3288.16775
554.61,722.66267
554.804,944.59447
554.999,2532.00489
555.194,846.9179
555.388,3173.87951
555.583,2710.74638
555.777,347.23911
555.972,1892.78814
556.166,-165.72901
556.36,2358.57914
556.555,-983.68725
556.749,-331.18117
556.944,2658.91799
557.138,-1020.23291
557.332,-1044.1537
557.527,713.36014
557.721,-478.69273
557.915,893.43055
558.11,156.53723
558.304,725.32054
558.498,2457.58465
558.693,693.42614
558.887,104.70884
559.081,-348.4573
559.275,2862.24474
559.47,-204.26807
559.664,-953.78626
559.858,-799.63004
560.052,-309.91824
560.246,2274.85637
560.44,1568.5285
560.635,360.52844
560.829,922.66708
561.023,-604.27689
561.217,1646.27108
561.411,1975.18198
561.605,-1174.38913
561.799,-954.45073
561.993,549.23692
562.187,1486.79912
562.381,-48.11845
562.575,-285.99745
562.769,3069.55828
562.963,309.36452
563.157,1226.32826
563.351,1870.19628
563.545,-392.31208
563.739,-374.37149
563.933,2763.23923
564.126,-30.17785
564.32,2203.75845
564.514,-1412.26813
564.708,1598.42949
564.902,522.65826
565.096,884.12802
565.289,1722.02026
565.483,-2249.4959
565.677,1894.78154
565.871,1369.85302
566.064,15.67033
566.258,334.61424
566.452,-549.79064
566.645,-73.36817
566.839,1644.27768
567.033,1735.30959
567.226,74.14338
567.42,1834.97956
567.614,2142.62754
567.807,-312.57611
568.001,926.65388
568.194,270.82546
568.388,3050.28875
568.581,1021.67259
568.775,-636.83575
568.969,-931.1944
569.162,281.45693
569.355,1205.06533
569.549,-1890.01953
569.742,-192.97214
569.936,765.85299
570.129,-1133.85668
570.323,336.60764
570.516,-372.37809
570.709,586.44704
570.903,-313.90504
571.096,1316.03124
571.289,-32.83572
571.483,450.23141
571.676,2603.76727
571.869,-495.30439
572.063,1740.62532
572.256,4340.68265
572.449,2217.04778
572.642,1125.99382
572.836,363.1863
573.029,-390.98315
573.222,24.97287
573.415,-1318.57836
573.608,2082.16109
573.802,946.58787
573.995,-1762.44197
574.188,2324.69135
574.381,-400.28568
574.574,1467.52959
574.767,2118.70674
574.96,-547.13277
575.153,510.69786
575.346,2187.81126
575.539,2561.90589
575.732,-800.2945
575.925,3062.91361
576.118,-167.72241
576.311,72.81445
576.504,583.12471
576.697,-682.01947
576.89,1762.55271
577.083,580.46684
577.276,-432.84454
577.469,1447.5956
577.661,-644.14488
577.854,-214.23507
578.047,-206.92594
578.24,-780.36051
578.433,-828.86656
578.626,149.2281
578.818,727.31393
579.011,-143.80162
579.204,-956.44413
579.397,2115.38441
579.589,-1018.23951
579.782,1027.65278
579.975,-1466.75438
580.167,1926.01146
580.36,-37.48698
580.553,277.47013
580.745,1141.27655
580.938,1744.61212
581.13,312.68685
581.323,76.80125
581.516,403.05429
581.708,-16.22406
581.901,-965.74666
582.093,-1044.1537
582.286,1950.59672
582.478,4773.9148
582.671,854.8915
582.863,-364.40449
583.056,553.22372
583.248,1075.49437
583.44,-626.20429
583.633,-620.22409
583.825,-424.20648
584.018,-741.82145
584.21,856.22043
584.402,2021.69464
584.595,-1028.20651
584.787,-479.35719
584.979,2805.76508
585.172,-323.20757
585.364,1300.08404
585.556,5902.84335
585.748,-427.52881
585.941,-177.68941
586.133,393.75176
586.325,2665.56266
586.517,-798.96557
586.709,3393.81792
586.901,-175.69601
587.094,-179.68281
587.286,-501.28459
587.478,-1111.26482
587.67,-817.57063
587.862,1501.41738
588.054,-770.39351
588.246,1009.71219
588.438,682.79468
588.63,1060.87611
588.822,509.36893
589.014,567.17751
589.206,783.79359
589.398,1059.54717
589.59,-1075.38363
589.782,-879.36601
589.974,1904.74854
590.166,632.29523
590.358,-482.01506
590.55,1443.6088
590.741,707.37994
590.933,1629.65941
591.125,-121.20976
591.317,173.81336
591.509,241.58894
591.701,2442.30192
591.892,300.06199
592.084,6429.1008
592.276,1046.25785
592.468,1617.03455
592.659,-2840.2066
592.851,-182.34068
593.043,-96.6245
593.234,1251.57799
593.426,-345.13496
593.618,778.47785
593.809,355.87717
594.001,1745.27658
594.193,-22.86872
594.384,1594.44269
594.576,-428.19327
594.767,-1735.86331
594.959,574.48664
595.15,-1241.50025
595.342,1129.98062
595.533,1987.14238
595.725,526.64506
595.916,1442.94433
596.108,1561.21937
596.299,192.41842
596.491,351.22591
596.682,1143.93442
596.873,2059.56923
597.065,1609.72542
597.256,-20.87532
597.447,108.69564
597.639,1959.23479
597.83,1082.13904
598.021,1714.04666
598.213,1858.90035
598.404,-1018.23951
598.595,1005.72539
598.786,16.3348
598.978,-943.81926
599.169,-1103.95568
599.36,899.41075
599.551,-822.2219
599.742,-894.64874
599.934,3221.7211
600.125,954.56147
600.316,815.02351
600.507,2542.63636
600.698,283.45033
600.889,-1941.84792
601.08,268.1676
601.271,741.26773
601.462,1011.70559
601.653,1420.35247
601.844,-632.84895
602.035,413.02129
602.226,-529.19218
602.417,533.28972
602.608,-649.46061
602.799,1741.95425
602.99,-1465.42545
603.181,-796.3077
603.372,15163.51268
603.563,-747.80165
603.754,-871.39242
603.944,933.29854
604.135,844.26004
604.326,3086.83441
604.517,-1837.52668
604.708,-2298.00195
604.898,-1440.84019
605.089,102.71544
605.28,1657.56701
605.471,627.64396
605.661,737.9454
605.852,67.49872
606.043,-772.38691
606.233,-1381.70267
606.424,-76.02604
606.615,76.13678
606.805,3567.24367
606.996,-1216.25052
607.186,-2012.28136
607.377,3326.7068
607.568,-721.22299
607.758,-414.90394
607.949,10609.25943
608.139,-469.3902
608.33,482.1258
608.52,1370.51749
608.711,755.88599
608.901,1147.25675
609.092,16.99927
609.282,237.60214
609.472,-2177.73352
609.663,2700.77938
609.853,1074.8299
610.044,-1130.53434
610.234,765.85299
610.424,944.59447
610.615,3024.37456
610.805,-1234.19111
610.995,-289.98425
611.185,-1250.80278
611.376,1308.05764
611.566,2798.45595
611.756,3580.533
611.946,212.35241
612.137,5643.70142
612.327,-181.67621
612.517,1504.07525
612.707,1395.10275
612.897,423.65275
613.087,1761.22378
613.277,1502.08185
613.468,-16.22406
613.658,721.33374
613.848,654.22262
614.038,-1831.54648
614.228,402.38983
614.418,778.47785
614.608,4605.80478
614.798,1518.02905
614.988,777.14892
615.178,-502.61352
615.368,-1858.12514
615.558,371.82437
615.748,3093.47907
615.937,6647.71027
616.127,-1005.61465
616.317,685.45255
616.507,32.94646
616.697,-2.93473
616.887,3690.16997
617.077,-1995.6697
617.266,4295.49893
617.456,1494.10825
617.646,-426.86434
617.836,1192.44047
618.025,-506.60032
618.215,-1.60579
618.405,-464.07446
618.595,1288.12364
618.784,-724.54532
618.974,-1628.8842
619.164,2009.06977
619.353,463.52074
619.543,-808.93257
619.732,-1107.27802
619.922,354.54824
620.112,1747.93445
620.301,211.68795
620.491,-1295.9865
620.68,-2523.25609
620.87,-646.80275
621.059,605.71657
621.249,250.227
621.438,-260.08325
621.628,8577.32093
621.817,-2012.94583
622.006,2176.51533
622.196,490.76387
622.385,636.28203
622.575,-133.83462
622.764,-299.95124
622.953,-1181.69826
623.143,-1674.06792
623.332,1406.39868
623.521,1970.53072
623.711,-1523.23403
623.9,2282.82996
624.089,-2032.21536
624.278,-349.78623
624.468,399.06749
624.657,484.78367
624.846,460.86288
625.035,894.09502
625.224,1660.88934
625.413,2928.69138
625.603,888.77929
625.792,687.44595
625.981,1684.81013
626.17,1991.12918
626.359,-340.4837
626.548,-1097.31102
626.737,7960.69604
626.926,1230.31506
627.115,-788.33411
627.304,50.22259
627.493,1506.73312
627.682,1747.26998
627.871,1960.56372
628.06,-568.3957
628.249,-102.6047
628.438,1206.39427
628.627,-842.15589
628.816,-796.3077
629.004,-235.49799
629.193,2222.36351
629.382,1376.49769
629.571,-40.14485
629.76,734.62307
629.949,-307.92484
630.137,2213.72545
630.326,3094.14354
630.515,2444.29532
630.704,-1320.57176
630.892,-154.43308
631.081,-1798.32316
631.27,-917.90507
631.458,486.77707
631.647,-1396.9854
631.836,1998.43831
632.024,127.96517
632.213,2623.70127
632.401,2215.05438
632.59,-533.84344
632.779,1209.05213
632.967,-301.94464
633.156,-3095.36173
633.344,-760.42651
633.533,1884.15008
633.721,-226.19546
633.91,2102.75955
634.098,1351.91243
634.286,-211.5772
634.475,510.69786
634.663,500.73086
634.852,-1530.54316
635.04,-511.25158
635.228,-1679.38366
635.417,2116.71334
635.605,-1123.88968
635.793,228.29961
635.982,909.37775
636.17,-21.53979
636.358,1803.74963
636.547,1963.88605
636.735,-1753.13944
636.923,-217.5574
637.111,1351.24796
637.299,2563.89929
637.488,-235.49799
637.676,-693.97987
637.864,203.04988
638.052,1657.56701
638.24,1294.76831
638.428,928.64728
638.616,-410.91715
638.804,1034.29745
638.992,1745.27658
639.18,229.62854
639.369,240.92447
639.557,2494.79477
639.745,-873.38582
639.933,724.65607
640.12,-804.94577
640.308,469.50094
640.496,2151.93007
640.684,336.60764
640.872,10349.45303
641.06,-204.93254
641.248,1247.59119
641.436,-1901.31546
641.624,-512.58052
641.811,-1799.65209
641.999,-1581.04262
642.187,1724.01365
642.375,-378.35829
642.563,612.36123
642.75,707.37994
642.938,2458.24912
643.126,518.67146
643.314,603.0587
643.501,1448.26007
643.689,-272.70812
643.877,84.77485
644.064,-142.47269
644.252,992.43606
644.439,2236.98178
644.627,-514.57392
644.815,753.22813
645.002,-50.11185
645.19,-2771.76655
645.377,1308.05764
645.565,-583.01396
645.752,30.95306
645.94,-1443.49806
646.127,-501.28459
646.315,1824.34809
646.502,1401.08295
646.69,-874.05028
646.877,240.26
647.064,1244.26886
647.252,-2168.43099
647.439,-15.55959
647.627,599.0719
647.814,407.04109
648.001,-764.41331
648.189,-874.71475
648.376,293.41732
648.563,-1901.31546
648.75,2292.1325
648.938,-56.09205
649.125,819.67478
649.312,-504.60692
649.499,1514.04225
649.686,-1774.40236
649.874,1492.11485
650.061,-1216.91499
650.248,668.84088
650.435,-217.5574
650.622,-43.46718
650.809,-1361.76868
650.996,-287.32638
651.183,269.49653
651.37,-535.83684
651.557,-666.73674
651.744,890.77269
651.931,-1290.67077
652.118,-2173.74672
652.305,931.30514
652.492,1197.7562
652.679,581.13131
652.866,55.53832
653.053,-825.54423
653.24,-1091.99529
653.427,-2274.74562
653.614,5612.4715
653.801,1727.33599
653.987,962.53507
654.174,-1722.57398
654.361,1899.43281
654.548,2058.90476
654.735,54.20939
654.921,-2598.3408
655.108,-984.35172
655.295,546.57905
655.481,1646.93554
655.668,543.92119
655.855,-858.10309
656.041,-525.20538
656.228,-1128.54094
656.415,258.2006
656.601,-870.06348
656.788,272.1544
656.975,-809.59703
657.161,-1189.00739
657.348,-389.65422
657.534,2173.193
657.721,145.2413
657.907,763.19512
658.094,1226.32826
658.28,287.43712
658.467,413.68576
658.653,1470.85193
658.84,-13.56619
659.026,1064.86291
659.212,3155.93892
659.399,676.81448
659.585,-181.67621
659.771,-551.78404
659.958,74.14338
660.144,-583.01396
660.33,5746.69373
660.517,-50.77631
660.703,1064.86291
660.889,-1129.86988
661.075,4012.43621
661.262,2252.26451
661.448,128.62964
661.634,2267.54724
661.82,78.13018
662.006,34.93986
662.193,-339.81923
662.379,-1695.99532
662.565,1615.70562
662.751,-781.68944
662.937,4154.63204
663.123,622.9927
663.309,2091.46362
663.495,2761.9103
663.681,51.55152
663.867,552.55925
664.053,38.92666
664.239,2592.47134
664.425,-854.11629
664.611,-1781.04703
664.797,607.0455
664.983,-1098.63995
665.169,-1373.72908
665.355,-928.53653
665.541,967.18633
665.726,-325.86544
665.912,-1378.38034
666.098,-1012.25931
666.284,-1042.1603
666.47,1195.7628
666.655,1644.27768
666.841,-742.48592
667.027,-89.97984
667.213,-608.92816
667.398,361.1929
667.584,1207.7232
667.77,3966.58803
667.955,1375.16875
668.141,-999.63445
668.327,540.59885
668.512,937.28534
668.698,1806.4075
668.884,-317.89184
669.069,920.67368
669.255,-1353.79508
669.44,613.0257
669.626,42.91346
669.811,-1482.70158
669.997,-614.90836
670.182,-636.17128
670.368,43.57793
670.553,-1730.54758
670.739,-1066.0811
670.924,-2827.58173
671.109,-486.00186
671.295,125.3073
671.48,-132.50569
671.665,1192.44047
671.851,1336.6297
672.036,2370.53954
672.221,-340.4837
672.407,2827.69248
672.592,-941.82586
672.777,-64.73011
672.962,718.67587
673.148,319.33152
673.333,1376.49769
673.518,-343.80603
673.703,804.39205
673.888,-1891.34846
674.074,-1545.82589
674.259,-2408.30338
674.444,28.2952
674.629,-1187.67846
674.814,896.08842
674.999,-1037.50904
675.184,-840.82696
675.369,304.71325
675.554,949.91021
675.739,-2659.47171
675.924,-210.91274
676.109,1455.5692
676.294,-1278.0459
676.479,96.73525
676.664,-74.03264
676.849,-589.65863
677.034,1323.34037
677.219,495.41513
677.404,-2703.99097
677.588,1907.4064
677.773,5412.46709
677.958,1251.57799
678.143,-1236.84898
678.328,-2101.98434
678.512,458.86948
678.697,266.1742
678.882,-117.88743
679.067,1474.83872
679.251,343.91678
679.436,-1208.27692
679.621,-487.33079
679.805,-257.42539
679.99,-1163.0932
680.175,193.08288
680.359,-689.3286
680.544,21.65053
680.729,-377.69382
680.913,4148.65184
681.098,-1826.23075
681.282,478.80347
681.467,-429.52221
681.651,-2198.99644
681.836,-150.44629
682.02,465.51414
682.205,1159.88161
682.389,1514.04225
682.573,811.03671
682.758,2128.67374
682.942,-1925.90072
683.127,223.64834
683.311,696.74848
683.495,561.19731
683.68,639.60436
683.864,1981.82665
684.048,479.46794
684.233,697.41294
684.417,413.02129
684.601,-60.74331
684.785,-119.21636
684.97,34.93986
685.154,1591.12036
685.338,1564.5417
685.522,-45.46058
685.706,401.72536
685.89,-478.02826
686.075,-11.57279
686.259,66.83425
686.443,2146.61434
686.627,-2154.47719
686.811,-258.08986
686.995,1688.13246
687.179,-1418.24833
687.363,2702.10831
687.547,-298.62231
687.731,-1771.7445
687.915,3057.59788
688.099,-1165.0866
688.283,-1022.89077
688.467,997.08733
688.651,-1004.28571
688.835,-371.71362
689.018,-709.2626
689.202,919.34475
689.386,-53.43418
689.57,1676.17207
689.754,-2284.71262
689.938,-994.31872
690.121,-600.29009
690.305,-2676.74784
690.489,357.20611
690.673,2357.91468
690.856,-379.68722
691.04,2252.26451
691.224,270.82546
691.407,-1630.21314
691.591,-557.09977
691.775,-438.82474
691.958,-1546.49036
692.142,593.75617
692.325,1444.93773
692.509,1526.00264
692.693,-1754.46837
692.876,42.24899
693.06,-244.80053
693.243,-830.19549
693.427,1351.91243
693.61,-640.82255
693.794,-337.82583
693.977,524.65166
694.16,20.98607
694.344,149.89256
694.527,1102.7375
694.711,-1791.67849
694.894,-1174.38913
695.077,-1467.41885
695.261,-266.72792
695.444,292.08839
695.627,-923.88527
695.811,1874.84755
695.994,-1847.49368
696.177,-806.93917
696.36,-129.84782
696.543,2666.89159
696.727,3537.34268
696.91,3522.05995
697.093,-434.17347
697.276,-39.48038
697.459,-1950.48598
697.642,3946.65403
697.826,-1437.51786
698.009,-2411.62572
698.192,-751.12398
698.375,1013.69899
698.558,-769.72904
698.741,653.55816
698.924,2869.55387
699.107,-957.10859
699.29,-1339.17682
699.473,971.8376
699.656,2062.22709
699.839,-149.78182
700.022,-1415.59046
700.205,5755.33179
700.387,-379.68722
700.57,411.69236
700.753,-806.93917
700.936,-788.33411
701.119,2412.40093
701.302,-2422.25718
701.484,-464.07446
701.667,3151.28765
701.85,-1660.11413
702.033,-230.18226
702.215,738.60986
702.398,1056.88931
702.581,282.12139
702.763,-978.37152
702.946,-1125.21861
703.129,1215.6968
703.311,-1291.33523
703.494,-1579.04922
703.677,555.21712
703.859,-529.19218
704.042,-1622.23954
704.224,-352.4441
704.407,-712.58493
704.589,1023.00152
704.772,-1337.18342
704.954,1682.81673
705.137,-983.02279
705.319,868.18083
705.502,827.64837
705.684,-1123.22521
705.866,-1157.113
706.049,2131.33161
706.231,-1888.02613
706.414,25.63733
706.596,1785.14457
706.778,151.2215
706.961,702.72867
707.143,2716.72658
707.325,1462.21386
707.507,-935.1812
707.69,-755.11078
707.872,-1711.27805
708.054,-208.25487
708.236,-768.40011
708.418,-1484.69498
708.601,-2624.25499
708.783,1098.7507
708.965,-70.04584
709.147,320.66045
709.329,259.52953
709.511,-1044.1537
709.693,647.57796
709.875,-379.02275
710.057,-60.07884
710.239,-2147.16806
710.421,1191.776
710.603,-2141.85233
710.785,-2315.94254
710.967,557.21052
711.149,-1552.47056
711.331,943.93001
711.513,213.01688
711.695,-2148.49699
711.877,-1432.86659
712.059,673.49215
712.24,-1367.74888
712.422,-163.07115
712.604,-402.94355
712.786,1068.18524
712.968,-1048.1405
713.149,-1436.85339
713.331,1094.09943
713.513,-983.68725
713.695,181.78695
713.876,516.01359
714.058,1051.57358
714.24,-1650.8116
714.421,-83.99964
714.603,2174.52193
714.785,-699.2956
714.966,-1624.8974
715.148,-960.43092
715.329,1667.534
715.511,791.76718
715.692,183.78035
715.874,-2750.50362
716.055,890.77269
716.237,-503.27799
716.418,-863.41882
716.6,-1200.30332
716.781,-1395.65647
716.963,-343.14156
717.144,575.15111
717.325,-183.00514
717.507,2917.39545
717.688,-238.15586
717.87,395.74516
718.051,169.16209
718.232,-117.22296
718.413,220.99048
718.595,697.41294
718.776,-1439.51126
718.957,1660.22487
719.138,213.68135
719.32,-1241.50025
719.501,3176.53738
719.682,-893.31981
719.863,217.00368
720.044,-1553.13503
720.225,-16.22406
720.407,-817.57063
720.588,-1293.9931
720.769,-87.32197
720.95,-753.11738
721.131,-3389.05591
721.312,-1095.98209
721.493,-1941.18345
721.674,-1846.16474
721.855,688.77488
722.036,-1104.62015
722.217,-2488.03936
722.398,-891.32641
722.579,-2293.35068
722.76,-364.40449
722.94,-623.54642
723.121,556.54605
723.302,121.98497
723.483,882.13462
723.664,-1074.05469
723.845,-2507.30889
724.025,6.3678
724.206,1298.09064
724.387,473.48774
724.568,813.03011
724.748,-101.94023
724.929,630.30183
725.11,844.26004
725.29,-1977.72911
725.471,-1486.02391
725.652,-860.09649
725.832,-186.32748
726.013,474.81667
726.194,-154.43308
726.374,-895.97768
726.555,-905.94467
726.735,1149.25015
726.916,227.63514
727.096,80.12358
727.277,66.16979
727.457,1687.468
727.638,-1977.72911
727.818,501.39533
727.999,1302.07744
728.179,-368.39129
728.359,-1641.50907
728.54,-751.12398
728.72,2090.79915
728.9,-1800.98102
729.081,-2244.18016
729.261,72.14999
729.441,1181.80901
729.622,-472.71253
729.802,-1839.52008
729.982,-583.01396
730.162,366.50864
730.343,14.3414
730.523,-1204.29012
730.703,-542.48151
730.883,-755.77525
731.063,139.2611
731.243,-159.74882
731.424,489.43493
731.604,-985.68065
731.784,-504.60692
731.964,-1128.54094
732.144,2215.05438
732.324,-2023.57729
732.504,-1963.11084
732.684,-980.36492
732.864,32.94646
733.044,1092.7705
733.224,-196.95894
733.404,-1082.69276
733.584,-1571.07562
733.764,2918.72439
733.943,110.02457
734.123,776.48445
734.303,1113.36896
734.483,308.70005
734.663,2549.94549
734.843,46.90026
735.022,-438.82474
735.202,1162.53948
735.382,1190.44707
735.562,-1607.62128
735.741,-747.80165
735.921,529.30292
736.101,62.84745
736.281,-1706.62678
736.46,466.17861
736.64,1556.5681
736.819,1017.02132
736.999,-483.34399
737.179,44.24239
737.358,-896.64214
737.538,-1111.92928
737.717,-721.22299
737.897,-1478.71478
738.076,-973.72025
738.256,1068.84971
738.435,-475.37039
738.615,-641.48701
738.794,874.82549
738.974,-282.67512
739.153,31.61753
739.332,1268.18965
739.512,3114.07753
739.691,-1268.74337
739.871,913.36455
740.05,-1194.98759
740.229,-329.18777
740.408,-358.42429
740.588,-579.69163
740.767,258.2006
740.946,-204.26807
741.126,-207.5904
741.305,-511.91605
741.484,2126.01588
741.663,-1442.16912
741.842,-490.65312
742.021,1445.6022
742.201,617.67697
742.38,2341.30301
742.559,60.85406
742.738,-1128.54094
742.917,2676.19412
743.096,-1044.1537
743.275,-1450.14272
743.454,-215.564
743.633,340.59444
743.812,2064.88496
743.991,-1745.8303
744.17,-624.87535
744.349,2224.35691
744.528,-255.43199
744.707,-583.67843
744.886,-94.6311
745.064,102.05098
745.243,1108.71769
745.422,-787.66964
745.601,-858.76755
745.78,2903.44166
745.958,813.03011
746.137,-1149.80387
746.316,121.98497
746.495,-422.87754
746.673,-2004.30777
746.852,529.96739
747.031,-1005.61465
747.209,-28.18445
747.388,-218.22187
747.567,-870.72795
747.745,1546.6011
747.924,582.46024
748.103,-175.03155
748.281,1449.589
748.46,1681.4878
748.638,1413.70781
748.817,2173.85746
748.995,-707.2692
749.174,1058.21824
749.352,2776.52856
749.531,1894.78154
749.709,2355.25681
749.888,2908.09292
750.066,67.49872
750.244,-911.92487
750.423,-828.2021
750.601,-801.62344
750.779,-282.01065
750.958,3526.04675
751.136,-575.70483
751.314,34.2754
751.493,-297.29338
751.671,2318.71115
751.849,1378.49109
752.027,-1308.61136
752.205,87.43271
752.384,389.1005
752.562,-1421.57066
752.74,-1105.94908
752.918,2963.90811
753.096,-54.09865
753.274,-799.63004
753.452,1042.93551
753.63,1739.29638
753.809,964.52847
753.987,2310.73756
754.165,177.13569
754.343,2038.97077
754.521,5.03887
754.699,-1660.11413
754.876,-179.01834
755.054,637.61096
755.232,3630.36799
755.41,3979.87735
755.588,-869.39902
755.766,3708.11056
755.944,-930.52993
756.122,-1507.28684
756.3,2470.87398
756.477,51.55152
756.655,354.54824
756.833,-904.61574
757.011,2628.35253
757.188,2157.2458
757.366,3241.6551
757.544,-1244.82258
757.721,248.89807
757.899,2458.24912
758.077,-226.85993
758.254,530.63186
758.432,1325.99823
758.61,355.21271
758.787,1154.56588
758.965,576.48004
759.142,-1180.36933
759.32,-1636.8578
759.497,2179.17319
759.675,-326.5299
759.852,-927.87207
760.03,8055.71474
760.207,-421.54861
760.385,826.31944
760.562,2204.42292
760.74,1240.94652
760.917,907.38435
761.094,-83.33517
761.272,-559.75764
761.449,388.43603
761.626,1023.00152
761.804,942.60107
761.981,-68.05244
762.158,319.99598
762.335,-1872.7434
762.513,-458.75873
762.69,38.92666
762.867,-525.20538
763.044,-608.26369
763.221,-155.09755
763.399,-247.45839
763.576,1927.3404
763.753,1603.08076
763.93,1383.14235
764.107,-1985.03824
764.284,-719.22959
764.461,-155.76202
764.638,-377.69382
764.815,-413.57501
764.992,525.31612
765.169,151.2215
765.346,142.58343
765.523,-302.60911
765.7,5102.16124
765.877,391.0939
766.054,-1684.03492
766.231,7352.04474
766.408,335.94318
766.584,-1060.1009
766.761,773.16212
766.938,-1312.59816
767.115,797.08292
767.292,-214.23507
767.468,-1201.63226
767.645,648.24242
767.822,3444.31737
767.999,-950.46393
768.175,1390.45148
768.352,-682.01947
768.529,-1194.32313
768.705,-235.49799
768.882,45.57133
769.059,545.91459
769.235,2076.18089
769.412,637.61096
769.588,-684.01287
769.765,-1078.04149
769.941,118.66264
770.118,1157.22375
770.294,1603.08076
770.471,2316.71776
770.647,838.9443
770.824,627.64396
771,3875.55612
771.177,-1895.33526
771.353,-1073.39023
771.529,787.78038
771.706,-583.67843
771.882,293.41732
772.058,-24.86212
772.235,-1339.84128
772.411,347.23911
772.587,1573.84423
772.764,-489.98866
772.94,1428.99054
773.116,-1619.58167
773.292,-1178.37593
773.468,3224.37897
773.645,223.64834
773.821,-1145.15261
773.997,-2452.82264
774.173,3597.80913
774.349,1890.79474
774.525,259.52953
774.701,256.2072
774.877,633.62416
775.053,816.35244
775.229,-207.5904
775.405,549.23692
775.581,2745.29863
775.757,1431.6484
775.933,-1759.11963
776.109,-845.47822
776.285,1066.19184
776.461,927.31835
776.637,1674.84314
776.813,345.24571
776.989,39.59113
777.165,-1307.94689
777.34,-801.62344
777.516,866.18743
777.692,1098.7507
777.868,1194.43387
778.043,1886.80794
778.219,2025.68144
778.395,1351.24796
778.571,-734.51232
778.746,1941.29419
778.922,1102.7375
779.098,1139.94762
779.273,1285.46578
779.449,18192.1509
779.624,-1607.62128
779.8,-163.73562
779.976,960.54167
780.151,-691.322
780.327,-783.68284
780.502,-280.01725
780.678,1382.47788
780.853,-210.24827
781.029,1177.82221
781.204,2361.23701
781.38,601.72977
781.555,218.99708
781.73,2244.29091
781.906,2682.83879
782.081,613.0257
782.256,1803.08517
782.432,-1001.62785
782.607,-1000.29891
782.782,1104.06643
782.958,185.10929
783.133,429.63295
783.308,1888.80134
783.483,-715.90726
783.659,-761.09098
783.834,1224.33486
784.009,-893.98428
784.184,1199.08514
784.359,1995.11598
784.534,-1045.48263
784.709,652.89369
784.885,-1528.54977
785.06,312.68685
785.235,1535.96964
785.41,2926.69798
785.585,459.53394
785.76,16.99927
785.935,-840.82696
786.11,-437.4958
786.285,-1599.64768
786.46,-264.73452
786.634,366.50864
786.809,2405.0918
786.984,79.45912
787.159,-462.08106
787.334,674.82108
787.509,1570.5219
787.684,74.14338
787.858,-921.2274
788.033,802.39865
788.208,1989.13578
788.383,-527.86325
788.557,1227.65719
788.732,1339.95203
788.907,321.32492
789.082,-451.4496
789.256,-261.41219
789.431,-831.52443
789.605,2343.96088
789.78,-901.29341
789.955,-356.43089
790.129,-462.08106
790.304,2074.85196
790.478,2567.22162
790.653,-994.98318
790.827,1737.96745
791.002,642.26223
791.176,1389.78702
791.351,1868.20288
791.525,1787.80244
791.7,-1585.69388
791.874,544.58565
792.048,-958.43753
792.223,-1709.28465
792.397,1045.59338
792.572,-482.01506
792.746,1452.24686
792.92,-588.3297
793.094,-18.88192
793.269,1436.96414
793.443,-189.64981
793.617,287.43712
793.791,676.81448
793.966,3324.04894
794.14,292.75286
794.314,-582.3495
794.488,-840.16249
794.662,1608.39649
794.836,672.82768
795.01,2784.50216
795.185,9855.08997
795.359,3745.98515
795.533,1510.71991
795.707,-1032.85777
795.881,1351.91243
796.055,1727.33599
796.229,-838.83356
796.403,-1546.49036
796.577,-151.77522
796.75,41.58453
796.924,314.01578
797.098,1137.95422
797.272,670.83428
797.446,4357.95878
797.62,1453.5758
797.794,-790.99197
797.967,-357.75983
798.141,-880.69495
798.315,1112.70449
798.489,-1423.56406
798.663,-416.89734
798.836,-62.07224
799.01,-1591.67408
799.184,-943.1548
799.357,240.92447
799.531,510.0334
799.705,-386.33189
799.878,-542.48151
800.052,-1343.82808
800.225,3416.40978
800.399,280.12799
800.572,828.31284
800.746,584.45364
800.92,3026.36796
801.093,764.52406
801.266,370.49543
801.44,131.95197
801.613,-849.46502
801.787,844.26004
801.96,-803.61684
802.134,1374.50429
802.307,1171.84201
802.48,1771.19077
802.654,-1105.94908
802.827,-285.33298
803,2144.62094
803.174,1162.53948
803.347,-140.47929
803.52,1853.58462
803.693,3633.69032
803.867,446.24461
804.04,-818.2351
804.213,999.08073
804.386,1976.51092
804.559,460.86288
804.732,979.8112
804.906,2819.71888
805.079,12330.89208
805.252,274.81226
805.425,432.29082
805.598,-609.59262
805.771,2440.97299
805.944,239.59554
806.117,505.38213
806.29,16285.1321
806.463,2130.66714
806.636,822.99711
806.809,1166.52628
806.982,-1022.22631
807.154,1271.51198
807.327,1356.56369
807.5,1051.57358
807.673,-250.78072
807.846,909.37775
808.019,-1218.24392
808.191,1448.92453
808.364,930.64068
808.537,2626.35913
808.71,-1700.64658
808.882,331.95638
809.055,2882.8432
809.228,1944.61653
809.4,-2139.19446
809.573,-1592.33855
809.746,-1311.93369
809.918,106.03778
810.091,-354.43749
810.263,555.21712
810.436,2417.05219
810.609,-157.75542
810.781,68.16319
810.954,-1418.9128
811.126,1341.94543
811.299,1898.10387
811.471,3056.93341
811.643,1717.36899
811.816,155.2083
811.988,-369.72022
812.161,152.55043
812.333,1698.09946
812.505,2775.86409
812.678,3664.25578
812.85,1889.46581
813.022,1569.19296
813.195,3366.57479
813.367,401.72536
813.539,-1260.76977
813.711,955.8904
813.884,-396.96335
814.056,1088.11923
814.228,1092.10603
814.4,1129.31616
814.572,2162.56153
814.744,223.64834
814.917,-794.3143
815.089,1542.61431
815.261,72.81445
815.433,2202.42952
815.605,84.11038
815.777,-331.84563
815.949,941.27214
816.121,1591.78483
816.293,519.33593
816.465,615.68357
816.637,-464.07446
816.809,1562.5483
816.98,62.18299
817.152,4807.13812
817.324,586.44704
817.496,-49.44738
817.668,-17.55299
817.84,15.00587
818.011,-964.41772
818.183,1799.76283
818.355,2072.19409
818.527,-277.35938
818.698,-2504.65102
818.87,-634.84235
819.042,72.14999
819.214,-303.27358
819.385,1648.26448
819.557,-709.2626
819.728,-266.06345
819.9,1474.17426
820.072,729.9718
820.243,992.43606
820.415,-1459.44525
820.586,-1355.78848
820.758,-80.67731
820.929,791.10272
821.101,3098.13034
821.272,-2282.05475
821.444,2509.41303
821.615,2494.13031
821.787,1390.45148
821.958,-1246.15151
822.129,1928.00486
822.301,-1810.28355
822.472,-1148.47494
822.643,204.37881
822.815,1129.31616
822.986,3452.95544
823.157,645.58456
823.328,-674.04587
823.5,1258.22265
823.671,438.27102
823.842,-743.15039
824.013,774.49105
824.184,-1499.97771
824.356,954.56147
824.527,817.68138
824.698,1928.66933
824.869,967.8508
825.04,1123.33596
825.211,989.77819
825.382,-1494.66197
825.553,215.67475
825.724,-1156.44854
825.895,2278.84317
826.066,-1050.79837
826.237,-254.76752
826.408,745.25453
826.579,3926.72004
826.75,-1239.50685
826.921,-441.4826
827.092,1205.06533
827.262,-19.54639
827.433,1407.06314
827.604,-518.56072
827.775,-1302.63116
827.946,1026.32385
828.116,-1412.26813
828.287,2658.25353
828.458,-424.20648
828.629,1280.81451
828.799,-76.02604
828.97,1139.28315
829.141,4504.80587
829.311,-744.47932
829.482,1696.77053
829.652,-265.39899
829.823,1549.25897
829.994,995.75839
830.164,969.8442
830.335,-423.54201
830.505,222.98388
830.676,-333.83903
830.846,-517.23178
831.017,-54.76311
831.187,2680.18092
831.357,876.81889
831.528,-2042.18235
831.698,-205.597
831.869,60.18959
832.039,912.03562
832.209,-773.05138
832.38,-88.6509
832.55,-606.93476
832.72,2896.13253
832.89,-1559.11522
833.061,1755.24358
833.231,312.68685
833.401,2981.18424
833.571,-1155.1196
833.742,-224.20206
833.912,448.23801
834.082,415.01469
834.252,-666.73674
834.422,-954.45073
834.592,1187.12474
834.762,2026.3459
834.932,625.65056
835.102,940.60767
835.272,-1341.83468
835.442,-1078.70596
835.612,933.29854
835.782,716.018
835.952,1619.69242
836.122,-1672.07452
836.292,403.71876
836.462,1344.60329
836.632,3232.35256
836.802,-3146.52564
836.972,-328.5233
837.141,-418.22628
837.311,-724.54532
837.481,3001.7827
837.651,1117.35576
837.821,542.59225
837.99,801.06971
838.16,2525.36023
838.33,1625.00815
838.499,4791.19093
838.669,161.85296
838.839,-87.32197
839.008,-1729.88311
839.178,-161.74222
839.348,-725.20979
839.517,-969.73346
839.687,-1860.11854
839.856,898.74629
840.026,2530.0115
840.195,508.70446
840.365,-718.56513
840.534,1359.88602
840.704,88.76165
840.873,1740.62532
841.042,3419.73211
841.212,-1016.91058
841.381,2348.61215
841.551,-250.78072
841.72,221.65494
841.889,771.16872
842.059,-1345.82148
842.228,1500.75292
842.397,84.11038
842.566,563.85518
842.736,2872.8762
842.905,-357.09536
843.074,-1771.7445
843.243,899.41075
843.412,436.94208
843.582,-1602.97001
843.751,-625.53982
843.92,-55.42758
844.089,-1265.42104
844.258,-1575.72689
844.427,-977.04259
844.596,842.9311
844.765,2721.37784
844.934,-109.24936
845.103,-984.35172
845.272,2553.93229
845.441,201.72095
845.61,95.40631
845.779,-1230.86878
845.948,520.00039
846.117,111.35351
846.286,-1359.77528
846.454,1129.98062
846.623,763.85959
846.792,2259.57364
846.961,-996.97658
847.13,139.92557
847.298,4224.40102
847.467,-30.17785
847.636,2779.18643
847.805,-922.55634
847.973,-725.87426
848.142,-525.86985
848.311,4765.9412
848.479,1490.12145
848.648,-324.5365
848.816,1848.26889
848.985,-679.3616
849.154,2168.54173
849.322,-698.63113
849.491,-720.55853
849.659,2167.87726
849.828,1481.48339
849.996,-157.09095
850.165,15.67033
850.333,309.36452
850.501,98.72864
850.67,-1266.08551
850.838,977.15333
851.007,595.74957
851.175,626.31503
851.343,-586.3363
851.512,-658.09868
851.68,-504.60692
851.848,601.72977
852.016,-1049.46943
852.185,445.58015
852.353,-1278.0459
852.521,-746.47272
852.689,-51.44078
852.857,2466.22271
853.026,-311.91164
853.194,-141.14375
853.362,40.25559
853.53,945.25894
853.698,-2422.92165
853.866,-42.13825
854.034,-701.95346
854.202,-1167.74447
854.37,-1599.64768
854.538,-350.4507
854.706,626.9795
854.874,-626.20429
855.042,1026.32385
855.21,-811.59043
855.378,50.22259
855.546,-1260.10531
855.713,-668.06567
855.881,1908.07087
856.049,454.88268
856.217,-1606.95681
856.385,387.77156
856.553,-1126.54754
856.72,658.87389
856.888,-1066.74556
857.056,-418.22628
857.223,1167.85521
857.391,863.52956
857.559,4344.00499
857.726,-1049.46943
857.894,-1301.9667
858.062,123.3139
858.229,-249.45179
858.397,1024.99492
858.564,2977.19744
858.732,1246.26226
858.899,428.30402
859.067,-1121.89628
859.234,1200.41407
859.402,2095.45042
859.569,-1249.47384
859.737,-654.77634
859.904,-87.32197
860.072,945.92341
860.239,-881.35941
860.406,3150.62319
860.574,1080.8101
860.741,3368.56819
860.908,1947.93886
861.076,-74.03264
861.243,877.48336
861.41,-366.39789
861.577,31412.37599
861.745,-461.4166
861.912,1032.30405
862.079,-1478.05031
862.246,1290.78151
862.413,-1256.78297
862.58,-292.64211
862.748,-1430.87319
862.915,3862.26679
863.082,425.64615
863.249,3108.09733
863.416,1194.43387
863.583,-658.76314
863.75,-364.40449
863.917,401.72536
864.084,-87.32197
864.251,-119.21636
864.418,1613.04775
864.585,1048.25124
864.751,2215.05438
864.918,-1252.79618
865.085,-1393.66307
865.252,-1471.40565
865.419,260.85847
865.586,-751.78845
865.752,-374.37149
865.919,-2289.36389
866.086,3029.02582
866.253,391.75836
866.419,996.42286
866.586,-1241.50025
866.753,-59.41438
866.919,-1796.32976
867.086,-896.64214
867.253,-2861.46952
867.419,-1370.40674
867.586,-1287.34843
867.752,99.39311
867.919,-952.45733
868.085,2551.93889
868.252,1597.76502
868.418,922.66708
868.585,-1137.17901
868.751,-988.33852
868.918,-522.54751
869.084,981.8046
869.251,-554.44191
869.417,-1154.45514
869.583,1567.86403
869.75,359.86397
869.916,-1304.62456
870.082,1708.06646
870.249,-981.69385
870.415,533.28972
870.581,391.0939
870.747,2274.1919
870.914,181.12249
871.08,1112.70449
871.246,-634.17788
871.412,-735.17679
871.578,5547.35378
871.744,52.88046
871.911,2579.84648
872.077,540.59885
872.243,1011.04112
872.409,-2586.3804
872.575,-794.3143
872.741,983.798
872.907,452.22481
873.073,-590.98756
873.239,2083.49002
873.405,-666.07227
873.571,1482.81232
873.737,1685.4746
873.902,-1274.0591
874.068,209.69455
874.234,2269.54064
874.4,-454.77193
874.566,-1217.57945
874.732,1489.45699
874.897,1070.17864
875.063,513.35573
875.229,-614.24389
875.395,4239.01928
875.56,-1935.86772
875.726,-1024.21971
875.892,-1632.20654
876.057,-238.82033
876.223,1078.15224
876.389,1960.56372
876.554,139.92557
876.72,-493.31099
876.885,-1760.44857
877.051,1060.87611
877.217,-1923.90732
877.382,-1299.30883
877.548,1716.04006
877.713,-1341.17022
877.878,-426.19987
878.044,478.80347
878.209,1909.3998
878.375,-539.82364
878.54,1620.35688
878.705,-1821.57948
878.871,-191.64321
879.036,1932.65613
879.201,-553.11297
879.367,1805.07857
879.532,-1298.64436
879.697,3850.97086
879.863,-1907.29566
880.028,1428.99054
880.193,983.13353
880.358,-379.68722
880.523,-751.12398
880.688,-914.58274
880.854,1188.45367
881.019,2530.0115
881.184,2227.01478
881.349,-648.13168
881.514,548.57245
881.679,-3136.55865
881.844,1387.12915
882.009,-729.19659
882.174,-947.80606
882.339,325.97618
882.504,1377.82662
882.669,2220.37012
882.834,691.43274
882.999,-668.06567
883.163,-1175.71806
883.328,-328.5233
883.493,1884.81454
883.658,3870.24039
883.823,141.91897
883.988,2259.57364
884.152,3040.98622
884.317,1943.95206
884.482,-181.01174
884.646,338.60104
884.811,-105.26256
884.976,-422.87754
885.14,1141.27655
885.305,987.12033
885.47,1111.37556
885.634,-1391.0052
885.799,-1240.17131
885.963,-218.88633
886.128,2869.55387
886.292,-1948.49258
886.457,1434.97074
886.621,631.63076
886.786,1447.5956
886.95,-677.3682
887.115,2527.35363
887.279,225.64174
887.444,-1197.64546
887.608,2343.96088
887.772,-1307.94689
887.937,290.75946
888.101,1180.48007
888.265,1213.7034
888.43,1656.90254
888.594,3112.08413
888.758,1416.36567
888.922,852.8981
889.087,238.26661
889.251,3347.96973
889.415,1966.54392
889.579,171.15549
889.743,256.2072
889.907,2620.37894
890.071,86.76825
890.236,599.0719
890.4,-1801.64549
890.564,1519.35798
890.728,-927.2076
890.892,178.46462
891.056,-1697.98872
891.22,-858.76755
891.384,402.38983
891.548,2991.15123
891.711,4440.35263
891.875,131.95197
892.039,-2143.84573
892.203,1375.83322
892.367,129.2941
892.531,-477.36379
892.695,-788.99857
892.858,307.37112
893.022,666.84748
893.186,-1013.58824
893.35,-589.65863
893.513,2573.86628
893.677,-1026.87757
893.841,-1014.25271
894.004,3191.15564
894.168,149.89256
894.332,2322.03349
894.495,1707.40199
894.659,-802.95237
894.822,2995.8025
894.986,2647.62206
895.149,-509.92265
895.313,3083.51207
895.476,1015.69239
895.64,-2593.02507
895.803,955.22594
895.967,3760.60342
896.13,757.21493
896.294,1796.4405
896.457,1796.4405
