195.513,-324.94487
195.729,-324.94487
195.945,-324.94487
196.161,-368.79966
196.378,-314.7287
196.594,-35.65278
196.81,-94.95641
197.026,49.56505
197.242,-30.91846
197.458,-44.12473
197.674,78.22016
197.89,-24.68908
198.106,127.5568
198.322,-28.67588
198.538,15.42808
198.754,-32.66268
198.97,20.90993
199.186,-18.21053
199.402,35.61125
199.618,-35.15443
199.834,57.04029
200.049,24.1492
200.265,-14.47291
200.481,18.41818
200.697,280.30103
200.913,35.86043
201.129,13.93303
201.345,-62.56367
201.56,54.0502
201.776,-66.3013
201.992,4.21521
202.208,30.37858
202.424,-105.42176
202.639,-10.23694
202.855,46.0766
203.071,-5.75179
203.287,32.1228
203.502,-60.07192
203.718,51.55845
203.934,43.58485
204.15,-22.94486
204.365,-85.98612
204.581,42.83732
204.797,-83.74354
205.012,-8.24354
205.228,-69.54057
205.444,-103.67754
205.659,-46.3673
205.875,38.85052
206.091,-20.95146
206.306,58.53534
206.522,63.76802
206.737,-31.91516
206.953,43.0865
207.168,-7.74519
207.384,103.13766
207.6,27.63765
207.815,115.09805
208.031,-67.298
208.246,-17.96136
208.462,-31.91516
208.677,-34.4069
208.893,-42.13133
209.108,-26.93166
209.323,-88.47786
209.539,-53.3442
209.754,55.29607
209.97,39.59805
210.185,13.93303
210.401,-108.91021
210.616,92.42313
210.831,-7.49601
211.047,-51.59998
211.262,-49.3574
211.477,45.32907
211.693,-48.3607
211.908,48.07
212.123,-75.76994
212.339,21.40828
212.554,-33.16103
212.769,62.27297
212.985,-50.60328
213.2,-65.80295
213.415,24.39838
213.63,-67.04882
213.846,-88.22869
214.061,-131.33595
214.276,36.60795
214.491,-73.27819
214.706,-54.83925
214.922,-57.82935
215.137,17.67066
215.352,-105.17259
215.567,-52.84585
215.782,17.42148
215.997,-31.66598
216.212,-59.3244
216.428,-52.09832
216.643,-20.20393
216.858,-115.13958
217.073,39.34887
217.288,-85.23859
217.503,-43.3772
217.718,-96.94981
217.933,19.66405
218.148,32.87033
218.363,-48.3607
218.578,117.09145
218.793,-55.58677
219.008,-68.79305
219.223,6.95613
219.438,-168.71219
219.653,-81.00262
219.868,9.69706
220.083,-51.84915
220.298,-20.95146
220.512,-55.58677
220.727,-98.44486
220.942,29.38188
221.157,0.72676
221.372,-86.73364
221.587,10.44458
221.802,38.103
222.016,17.17231
222.231,13.93303
222.446,3.71686
222.661,48.07
222.876,8.94953
223.09,-9.24024
223.305,-9.73859
223.52,-0.76829
223.735,-4.00756
223.949,55.79442
224.164,21.40828
224.379,-34.65608
224.594,83.95119
224.808,-22.69568
225.023,-16.21714
225.238,-34.90525
225.452,149.23502
225.667,1.97263
225.882,12.43798
226.096,78.96769
226.311,-22.94486
226.525,-74.77324
226.74,20.66075
226.955,72.23997
227.169,23.90003
227.384,-31.91516
227.598,-152.01747
227.813,-62.81285
228.027,27.38848
228.242,-1.76499
228.456,-99.44156
228.671,-28.17753
228.885,4.71356
229.1,62.52214
229.314,-30.66928
229.529,-49.10823
229.743,-12.47951
229.958,63.51884
230.172,-81.25179
230.386,13.18551
230.601,71.24327
230.815,-35.4036
231.03,41.84062
231.244,-24.43991
231.458,6.45778
231.673,-56.83265
231.887,-72.28149
232.101,46.57495
232.316,-92.71384
232.53,75.72841
232.744,-180.92176
232.958,77.47264
233.173,-28.67588
233.387,-65.05542
233.601,-73.77654
233.815,120.08155
234.03,54.79772
234.244,-41.88215
234.458,-144.29305
234.672,52.30597
234.886,28.136
235.101,19.16571
235.315,-6.25014
235.529,35.86043
235.743,58.53534
235.957,-88.22869
236.171,-17.96136
236.385,62.27297
236.599,196.82743
236.814,-14.22374
237.028,-81.75014
237.242,109.6162
237.456,-31.16763
237.67,-34.65608
237.884,25.64425
238.098,-57.58017
238.312,-90.96961
238.526,-124.8574
238.74,21.65745
238.954,-48.85905
239.168,80.46274
239.382,14.92973
239.596,-8.24354
239.81,6.45778
240.024,38.60135
240.237,-53.59337
240.451,-29.42341
240.665,-68.54387
240.879,-16.46631
241.093,-90.96961
241.307,-91.21879
241.521,22.1558
241.734,-2.01416
241.948,47.82082
242.162,-31.41681
242.376,39.59805
242.59,8.20201
242.803,59.28287
243.017,-22.94486
243.231,-60.3211
243.445,-90.72044
243.658,-41.13463
243.872,-105.17259
244.086,69.49904
244.3,41.59145
244.513,-85.98612
244.727,-99.44156
244.941,26.39178
245.154,-78.76004
245.368,59.78122
245.582,82.45614
245.795,-82.99602
246.009,11.69046
246.222,110.36373
246.436,-22.69568
246.65,-110.15608
246.863,89.43304
247.077,-38.64288
247.29,-21.69898
247.504,-32.41351
247.717,8.20201
247.931,31.62445
248.144,31.37528
248.358,-41.63298
248.571,156.46109
248.785,-58.07852
248.998,-53.84255
249.212,25.64425
249.425,-65.3046
249.639,85.94459
249.852,-37.14783
250.065,-161.23694
250.279,120.82908
250.492,105.87858
250.706,-80.50427
250.919,-79.75674
251.132,16.92313
251.346,-67.54717
251.559,-15.96796
251.772,153.47099
251.986,42.58815
252.199,20.66075
252.412,-37.89535
252.625,-9.48941
252.839,-50.3541
253.052,-33.41021
253.265,-95.45476
253.478,-40.63628
253.692,-43.62638
253.905,-47.11483
254.118,-9.73859
254.331,-24.19073
254.544,-102.18249
254.758,21.1591
254.971,1.97263
255.184,-53.3442
255.397,127.5568
255.61,-4.25674
255.823,-69.04222
256.036,-5.50261
256.249,77.72181
256.462,59.28287
256.676,-50.3541
256.889,-24.19073
257.102,77.72181
257.315,-61.56697
257.528,23.65085
257.741,-88.72704
257.954,-40.13793
258.167,-6.74849
258.38,62.52214
258.593,10.94293
258.806,-108.16268
259.019,59.28287
259.231,33.1195
259.444,81.21026
259.657,-23.19403
259.87,79.71521
260.083,36.60795
260.296,209.53535
260.509,-72.53067
260.722,150.97924
260.935,-13.22704
261.147,-8.24354
261.36,11.44128
261.573,62.52214
261.786,-60.81945
261.999,-0.26994
262.211,-9.98776
262.424,-4.00756
262.637,-135.07358
262.85,-44.3739
263.062,-125.35575
263.275,32.62115
263.488,-53.59337
263.7,39.59805
263.913,-107.91351
264.126,55.79442
264.338,110.36373
264.551,-87.48117
264.764,13.18551
264.976,70.24657
265.189,-5.75179
265.402,-5.25344
265.614,-13.47621
265.827,5.95943
266.039,-173.94487
266.252,5.95943
266.465,3.71686
266.677,12.68716
266.89,-0.76829
267.102,-51.84915
267.315,-6.74849
267.527,92.17396
267.74,-72.53067
267.952,-93.95971
268.165,-52.59667
268.377,-69.78974
268.589,-4.50591
268.802,57.04029
269.014,58.28617
269.227,91.67561
269.439,100.39673
269.651,-92.96301
269.864,-24.93826
270.076,26.89013
270.289,19.91323
270.501,-72.03232
270.713,77.47264
270.926,265.10136
271.138,-9.24024
271.35,17.17231
271.562,-21.69898
271.775,43.58485
271.987,55.79442
272.199,-77.01582
272.411,-51.10163
272.624,73.23666
272.836,-80.50427
273.048,-52.59667
273.26,-125.8541
273.472,1.47429
273.685,-31.91516
273.897,1.97263
274.109,-2.01416
274.321,-83.99272
274.533,84.20036
274.745,-29.17423
274.957,-16.21714
275.17,-74.02572
275.382,-80.00592
275.594,-21.94816
275.806,-78.76004
276.018,-111.15278
276.23,-23.19403
276.442,-82.74684
276.654,-40.13793
276.866,35.86043
277.078,150.97924
277.29,-63.3112
277.502,-35.4036
277.714,-32.41351
277.926,-30.66928
278.138,-86.98282
278.35,37.60465
278.562,-77.51417
278.773,-71.78314
278.985,-26.18413
279.197,9.94623
279.409,11.69046
279.621,-33.41021
279.833,3.71686
280.045,-55.3376
280.256,-54.09172
280.468,-80.00592
280.68,-15.71879
280.892,-14.72209
281.104,-12.47951
281.315,-13.22704
281.527,-36.64948
281.739,-22.44651
281.951,16.17561
282.162,42.33897
282.374,103.13766
282.586,-22.69568
282.797,-62.56367
283.009,-42.13133
283.221,48.31917
283.432,47.0733
283.644,-107.66433
283.856,25.1459
284.067,-47.11483
284.279,44.0832
284.49,-8.74189
284.702,-131.8343
284.914,74.98089
285.125,32.87033
285.337,-109.40856
285.548,-11.48281
285.76,9.19871
285.971,52.30597
286.183,93.66901
286.394,-91.71714
286.606,-43.87555
286.817,-39.14123
287.029,64.26637
287.24,-123.61153
287.452,66.50894
287.663,141.26142
287.874,-35.65278
288.086,16.92313
288.297,44.58155
288.509,-17.71218
288.72,-111.65113
288.931,165.68056
289.143,64.26637
289.354,22.90333
289.565,-77.76334
289.777,100.39673
289.988,78.22016
290.199,-6.25014
290.411,-1.76499
290.622,-51.10163
290.833,-72.28149
291.044,-79.50757
291.256,-32.41351
291.467,-3.75839
291.678,-62.3145
291.889,-2.01416
292.1,21.40828
292.312,2.22181
292.523,74.48254
292.734,174.15251
292.945,-86.73364
293.156,-63.80955
293.367,42.33897
293.578,31.37528
293.789,-40.63628
294.001,47.32247
294.212,-16.71548
294.423,-103.42836
294.634,-25.43661
294.845,69.99739
295.056,-82.74684
295.267,-89.97291
295.478,82.45614
295.689,-46.86565
295.9,667.02052
296.111,-100.93661
296.322,-55.58677
296.533,-70.28809
296.744,-48.60988
296.954,13.18551
297.165,-101.43496
297.376,12.18881
297.587,-59.07522
297.798,-2.26334
298.009,-14.22374
298.22,33.36868
298.431,53.0535
298.641,-64.3079
298.852,12.68716
299.063,-50.85245
299.274,57.28947
299.485,-62.81285
299.695,53.55185
299.906,-95.45476
300.117,-81.25179
300.328,17.91983
300.538,10.44458
300.749,-85.73694
300.96,-41.63298
301.171,35.61125
301.381,-76.26829
301.592,-12.47951
301.803,-17.21383
302.013,-130.58843
302.224,-2.51251
302.434,27.38848
302.645,-58.82605
302.856,28.63435
303.066,-43.3772
303.277,27.1393
303.487,-55.58677
303.698,-71.03562
303.908,-121.61813
304.119,-27.67918
304.33,-51.59998
304.54,-47.61318
304.751,-101.18579
304.961,-33.16103
305.171,-49.60658
305.382,-144.04387
305.592,61.02709
305.803,-36.64948
306.013,-11.48281
306.224,69.49904
306.434,169.41819
306.644,5.46108
306.855,-59.3244
307.065,-67.54717
307.276,47.82082
307.486,-13.22704
307.696,-17.96136
307.907,27.1393
308.117,-108.16268
308.327,79.96439
308.537,-22.69568
308.748,-24.43991
308.958,-88.22869
309.168,-82.49767
309.379,-1.26664
309.589,-27.43001
309.799,-111.15278
310.009,-32.91186
310.219,94.16736
310.43,-19.95476
310.64,-2.01416
310.85,-47.364
311.06,55.54524
311.27,34.86373
311.48,16.67396
311.69,49.0667
311.901,-0.02076
312.111,53.55185
312.321,-32.16433
312.531,24.64755
312.741,-78.51087
312.951,33.61785
313.161,17.91983
313.371,-0.02076
313.581,27.1393
313.791,-27.43001
314.001,-44.12473
314.211,26.89013
314.421,61.02709
314.631,62.02379
314.841,-14.47291
315.051,-9.98776
315.261,32.37198
315.47,-41.3838
315.68,0.72676
315.89,-56.83265
316.1,-122.86401
316.31,51.30927
316.52,-41.88215
316.73,-39.88875
316.939,63.76802
317.149,2.72016
317.359,-23.44321
317.569,-5.50261
317.779,94.91488
317.988,11.19211
318.198,-69.2914
318.408,98.15416
318.618,-76.51747
318.827,73.48584
319.037,-58.07852
319.247,68.25317
319.456,38.35217
319.666,43.0865
319.876,29.63105
320.085,61.27627
320.295,8.70036
320.505,26.89013
320.714,27.1393
320.924,106.87528
321.133,-14.47291
321.343,-10.23694
321.553,-37.89535
321.762,-34.15773
321.972,-84.24189
322.181,52.30597
322.391,-6.49931
322.6,20.1624
322.81,-35.90195
323.019,-34.65608
323.229,6.95613
323.438,165.68056
323.648,104.88188
323.857,-36.15113
324.066,-65.05542
324.276,-96.20229
324.485,16.67396
324.695,-41.3838
324.904,7.45448
325.113,43.0865
325.323,2.72016
325.532,29.88023
325.741,-55.83595
325.951,36.85713
326.16,58.03699
326.369,47.57165
326.579,59.03369
326.788,-61.81615
326.997,-22.19733
327.206,42.0898
327.416,0.97594
327.625,-62.56367
327.834,-108.91021
328.043,-71.53397
328.252,-112.14948
328.462,-39.63958
328.671,-62.81285
328.88,153.22182
329.089,-17.96136
329.298,-103.42836
329.507,-84.24189
329.716,22.90333
329.926,-15.71879
330.135,-19.45641
330.344,-67.54717
330.553,-79.50757
330.762,75.47924
330.971,7.70366
331.18,22.65415
331.389,-82.99602
331.598,95.16406
331.807,-42.3805
332.016,16.42478
332.225,-80.75344
332.434,91.67561
332.643,31.1261
332.852,13.68386
333.06,-19.95476
333.269,-65.55377
333.478,-102.93001
333.687,-92.96301
333.896,-45.12143
334.105,-16.71548
334.314,52.30597
334.523,-17.46301
334.731,-63.80955
334.94,93.91818
335.149,-43.87555
335.358,-40.63628
335.567,-3.01086
335.775,138.02215
335.984,-72.77984
336.193,31.1261
336.402,15.67726
336.61,-70.03892
336.819,-35.4036
337.028,-54.3409
337.236,54.0502
337.445,-35.15443
337.654,-13.97456
337.862,-52.3475
338.071,7.95283
338.279,-24.19073
338.488,-15.96796
338.697,29.38188
338.905,4.71356
339.114,107.37363
339.322,40.59475
339.531,-54.09172
339.739,-63.80955
339.948,85.44624
340.157,-42.62968
340.365,2.47098
340.574,-16.71548
340.782,-36.64948
340.99,-112.89701
341.199,-89.47456
341.407,-57.08182
341.616,-43.12803
341.824,-34.90525
342.033,-2.26334
342.241,20.41158
342.449,-8.24354
342.658,42.0898
342.866,18.16901
343.074,-21.44981
343.283,36.85713
343.491,59.78122
343.699,-55.58677
343.908,78.96769
344.116,-10.48611
344.324,-4.25674
344.532,147.98914
344.741,-10.98446
344.949,-73.77654
345.157,-51.3508
345.365,-69.2914
345.574,-66.05212
345.782,71.74162
345.99,0.97594
346.198,-56.83265
346.406,96.40993
346.614,-49.3574
346.823,7.20531
347.031,-18.21053
347.239,-18.95806
347.447,-66.55047
347.655,-136.8178
347.863,59.03369
348.071,30.1294
348.279,-53.59337
348.487,-21.20063
348.695,-41.3838
348.903,-34.90525
349.111,-37.64618
349.319,31.87363
349.527,-76.01912
349.735,21.40828
349.943,102.63931
350.151,-42.13133
350.359,81.21026
350.567,2.47098
350.775,12.68716
350.983,14.18221
351.19,11.93963
351.398,36.1096
351.606,-68.79305
351.814,-41.88215
352.022,15.42808
352.23,103.63601
352.437,14.68056
352.645,55.29607
352.853,-128.09668
353.061,92.17396
353.269,16.67396
353.476,-43.12803
353.684,18.91653
353.892,-50.3541
354.099,16.67396
354.307,175.14921
354.515,86.19376
354.722,-67.298
354.93,-4.50591
355.138,-65.80295
355.345,-17.46301
355.553,-142.798
355.761,59.78122
355.968,-107.16598
356.176,-63.06202
356.383,19.41488
356.591,66.50894
356.799,-0.02076
357.006,-64.05872
357.214,-5.50261
357.421,54.29937
357.629,-12.23034
357.836,-83.49437
358.044,-40.13793
358.251,42.83732
358.458,-83.99272
358.666,-99.19239
358.873,-101.43496
359.081,38.85052
359.288,-12.23034
359.496,-37.14783
359.703,-32.91186
359.91,-92.21549
360.118,-14.22374
360.325,-124.10988
360.532,30.37858
360.74,-12.97786
360.947,53.80102
361.154,-22.19733
361.362,-108.41186
361.569,-7.24684
361.776,-85.48777
361.983,80.21356
362.191,-12.47951
362.398,-84.98942
362.605,-62.06532
362.812,-60.07192
363.019,-43.3772
363.227,-66.55047
363.434,-117.38216
363.641,101.89178
363.848,69.99739
364.055,59.78122
364.262,33.36868
364.469,-92.96301
364.676,54.79772
364.883,-53.3442
365.091,-98.19569
365.298,-15.22044
365.505,68.75152
365.712,171.16241
365.919,-83.49437
366.126,66.50894
366.333,735.04528
366.54,2.72016
366.747,-18.21053
366.954,83.20366
367.16,-19.20723
367.367,-3.75839
367.574,177.14261
367.781,-14.47291
367.988,-1.51581
368.195,-61.06862
368.402,-12.47951
368.609,-48.60988
368.816,-74.02572
369.022,-55.83595
369.229,-211.81946
369.436,39.84722
369.643,-83.49437
369.85,-88.97621
370.056,70.24657
370.263,-16.71548
370.47,110.6129
370.677,-43.62638
370.883,-7.74519
371.09,8.94953
371.297,-36.89865
371.503,-21.94816
371.71,10.44458
371.917,-122.11648
372.123,129.79937
372.33,-56.08512
372.537,-82.49767
372.743,-109.65773
372.95,72.73831
373.156,3.71686
373.363,22.90333
373.57,-71.28479
373.776,162.19211
373.983,-53.09502
374.189,-106.91681
374.396,16.67396
374.602,-6.00096
374.809,55.29607
375.015,-14.22374
375.222,-139.30955
375.428,-23.44321
375.634,-49.85575
375.841,-7.24684
376.047,-74.52407
376.254,56.29277
376.46,91.67561
376.666,20.1624
376.873,-11.73199
377.079,-16.21714
377.286,-57.08182
377.492,-3.75839
377.698,33.86703
377.904,82.70531
378.111,116.09475
378.317,-91.71714
378.523,-136.8178
378.73,-39.63958
378.936,-36.89865
379.142,-10.23694
379.348,-34.15773
379.554,78.22016
379.761,-33.16103
379.967,37.35547
380.173,-33.16103
380.379,-58.3277
380.585,-33.65938
380.791,55.29607
380.997,-31.66598
381.204,-68.2947
381.41,79.46604
381.616,-23.69238
381.822,-73.27819
382.028,-7.99436
382.234,-43.62638
382.44,-102.43166
382.646,-30.17093
382.852,-111.15278
383.058,-46.61648
383.264,46.57495
383.47,-92.21549
383.676,-65.3046
383.882,-152.51582
384.088,20.41158
384.294,-78.76004
384.5,-48.11153
384.705,-74.02572
384.911,13.18551
385.117,-63.56037
385.323,62.52214
385.529,-42.13133
385.735,-22.19733
385.941,0.22841
386.146,87.68881
386.352,-2.51251
386.558,40.0964
386.764,-67.298
386.969,0.22841
387.175,-33.16103
387.381,91.42643
387.587,-50.85245
387.792,-60.3211
387.998,42.33897
388.204,-54.09172
388.409,-12.72869
388.615,9.94623
388.821,133.03865
389.026,-11.23364
389.232,-87.48117
389.438,39.59805
389.643,-41.3838
389.849,37.35547
390.054,-78.76004
390.26,-86.23529
390.465,-44.87225
390.671,-97.44816
390.876,-113.89371
391.082,99.64921
391.287,-109.65773
391.493,-64.55707
391.698,53.30267
391.904,107.87198
392.109,178.63766
392.315,-140.8046
392.52,-2.26334
392.726,-70.03892
392.931,29.63105
393.136,29.88023
393.342,-103.42836
393.547,-26.93166
393.752,94.41653
393.958,24.1492
394.163,-29.17423
394.368,-123.36235
394.574,63.51884
394.779,-126.60163
394.984,164.93304
395.19,-68.54387
395.395,-14.22374
395.6,72.73831
395.805,58.53534
396.01,-77.26499
396.216,213.27298
396.421,-0.26994
396.626,-4.50591
396.831,45.0799
397.036,-95.20559
397.241,-138.56203
397.447,53.80102
397.652,7.20531
397.857,4.46438
398.062,19.16571
398.267,-107.91351
398.472,-64.80625
398.677,36.60795
398.882,31.37528
399.087,29.88023
399.292,-83.99272
399.497,166.67726
399.702,-17.96136
399.907,-2.26334
400.112,50.31257
400.317,-28.92506
400.522,3.21851
400.727,-11.98116
400.932,71.24327
401.137,-95.70394
401.341,79.96439
401.546,-4.25674
401.751,59.78122
401.956,-19.70558
402.161,2.22181
402.366,3.96603
402.57,29.1327
402.775,37.35547
402.98,88.68551
403.185,41.84062
403.39,158.70367
403.594,88.68551
403.799,55.29607
404.004,12.18881
404.208,-38.3937
404.413,6.95613
404.618,-18.21053
404.822,38.85052
405.027,-67.79635
405.232,85.69541
405.436,53.80102
405.641,34.1162
405.846,-28.17753
406.05,188.60466
406.255,15.92643
406.459,124.5667
406.664,144.50069
406.868,17.91983
407.073,369.75483
407.277,228.47265
407.482,99.15086
407.686,196.57826
407.891,20.66075
408.095,135.5304
408.3,164.43469
408.504,170.91324
408.709,124.06835
408.913,222.24327
409.118,120.5799
409.322,270.08486
409.526,266.09806
409.731,339.60467
409.935,228.22347
410.139,243.42314
410.344,370.50236
410.548,258.37364
410.752,383.45945
410.957,313.19212
411.161,324.15582
411.365,281.04856
411.569,500.82084
411.774,520.00731
411.978,417.09807
412.182,439.77299
412.386,411.61622
412.59,493.84395
412.795,449.24163
412.999,534.45946
413.203,562.61623
413.407,694.18059
413.611,575.07497
413.815,634.87696
414.019,696.67234
414.223,748.7499
414.427,632.38521
414.632,792.10634
414.836,672.75155
415.04,777.65419
415.244,780.89347
415.448,829.73175
415.652,820.26311
415.856,917.19215
416.06,936.6278
416.264,1017.60965
416.467,1124.75487
416.671,1064.20536
416.875,1245.60471
417.079,1211.9661
417.283,1242.36544
417.487,1223.67732
417.691,1337.05191
417.895,1353.24828
418.099,1276.00405
418.302,1415.29284
418.506,1485.56017
418.71,1586.47601
418.914,1530.91001
419.118,1626.344
419.321,1644.2846
419.525,1796.28131
419.729,1922.86217
419.933,1991.38528
420.136,1996.61795
420.34,2066.38693
420.544,2178.51565
420.747,2258.5008
420.951,2279.68067
421.155,2292.88694
421.358,2413.23843
421.562,2509.17078
421.766,2566.73019
421.969,2733.42822
422.173,2738.91007
422.376,2787.00083
422.58,2938.74836
422.783,2939.74506
422.987,3099.96454
423.19,3260.68237
423.394,3288.09161
423.597,3362.59492
423.801,3353.87379
424.004,3748.31771
424.208,3816.34246
424.411,3767.255
424.615,3894.08504
424.818,3982.79132
425.022,4275.57186
425.225,4177.89529
425.428,4396.92005
425.632,4583.05372
425.835,4685.21544
426.038,4705.64779
426.242,4864.12304
426.445,4915.45308
426.648,5245.11151
426.852,5284.9795
427.055,5497.77489
427.258,5680.17094
427.461,5783.32936
427.665,6027.52079
427.868,6282.17757
428.071,6368.89045
428.274,6615.57363
428.477,6654.69409
428.681,7023.97134
428.884,6813.6677
429.087,7006.52909
429.29,7263.42845
429.493,7664.10173
429.696,7883.62485
429.899,8078.72882
430.102,8241.68922
430.306,8467.44171
430.509,8756.7338
430.712,8855.65625
430.915,9046.52425
431.118,9351.26518
431.321,9606.42031
431.524,9819.2157
431.727,10293.89395
431.93,10481.27349
432.133,10795.2339
432.336,11167.9996
432.538,11355.8775
432.741,11851.23726
432.944,12071.75707
433.147,12651.33796
433.35,13087.89244
433.553,13189.80498
433.756,13593.21919
433.959,13875.78356
434.161,14361.92385
434.364,14936.52124
434.567,15358.12522
434.77,15621.00477
434.973,15938.95199
435.175,16765.46523
435.378,17001.18471
435.581,17458.17153
435.784,18110.26233
435.986,18052.95209
436.189,18796.49008
436.392,19361.12047
436.594,19737.37462
436.797,20193.61392
437,20505.08258
437.202,21421.04962
437.405,21542.39781
437.607,22154.37144
437.81,22462.85
438.013,23012.5299
438.215,23415.94411
438.418,24003.00025
438.62,24457.49532
438.823,25135.00195
439.025,25423.04817
439.228,25575.04488
439.43,26195.98881
439.633,26247.56802
439.835,26815.93603
440.038,27416.94596
440.24,27659.14399
440.443,27614.29251
440.645,28204.83709
440.847,28162.72653
441.05,27946.94104
441.252,28926.94604
441.455,28774.45098
441.657,28994.72162
441.859,29446.22659
442.062,28943.88993
442.264,29146.71833
442.466,29337.33715
442.668,29120.80413
442.871,29107.34869
443.073,28992.22987
443.275,29099.87344
443.477,28635.90972
443.68,28665.31236
443.882,28224.52191
444.084,27923.26942
444.286,27906.5747
444.488,27732.15225
444.69,26928.5631
444.893,27257.22483
445.095,26535.11589
445.297,25790.83037
445.499,25898.97229
445.701,25037.57456
445.903,25051.27918
446.105,24999.45079
446.307,24056.32368
446.509,24032.90124
446.711,23599.33686
446.913,22904.88633
447.115,22258.77574
447.317,22154.62062
447.519,21440.73444
447.721,20947.1189
447.923,20831.00339
448.125,20448.27069
448.327,20079.24262
448.529,19461.03962
448.731,18894.66501
448.933,18591.91747
449.134,18356.19798
449.336,18008.84813
449.538,17191.55436
449.74,17038.0626
449.942,16474.17974
450.144,16292.53121
450.345,16164.4553
450.547,15694.01303
450.749,15889.86452
450.951,15306.54601
451.152,14820.6549
451.354,14589.91891
451.556,14326.04266
451.757,14155.10866
451.959,13824.20435
452.161,13578.01952
452.362,13524.69609
452.564,13028.09045
452.766,12803.83302
452.967,12587.3
453.169,12391.69768
453.37,12369.27194
453.572,12143.27028
453.774,11947.66796
453.975,11845.25706
454.177,11550.73229
454.378,11370.08047
454.58,11273.64977
454.781,11077.79828
454.983,10834.35437
455.184,10769.81806
455.386,10763.58869
455.587,10424.21243
455.788,10309.09362
455.99,10200.45335
456.191,10082.34443
456.393,9962.74046
456.594,9739.23055
456.795,9681.92032
456.997,9664.2289
457.198,9395.11997
457.399,9092.87078
457.601,9100.84438
457.802,8922.43513
458.003,8960.80807
458.205,8601.99617
458.406,8491.11333
458.607,8458.96976
458.808,8336.87404
459.009,8211.28988
459.211,8042.34928
459.412,8225.24368
459.613,7879.38887
459.814,7707.209
460.015,7528.55057
460.217,7437.60172
460.418,7371.57037
460.619,7162.26342
460.82,6930.53074
461.021,6924.79972
461.222,6854.53239
461.423,6624.04558
461.624,6444.39045
461.825,6465.57032
462.026,6173.78648
462.227,6040.72706
462.428,6025.52739
462.629,5747.94652
462.83,5866.80296
463.031,5602.92671
463.232,5492.29304
463.433,5517.95806
463.634,5313.38544
463.835,5184.31283
464.036,5115.0422
464.236,4980.23856
464.437,4785.13459
464.638,4798.34086
464.839,4692.69069
465.04,4624.66594
465.241,4562.62138
465.441,4476.40685
465.642,4409.62797
465.843,4318.67912
466.044,4213.5273
466.244,4042.34413
466.445,4017.42663
466.646,4082.95964
466.847,3954.38538
467.047,3816.59164
467.248,3792.42167
467.449,3703.7154
467.649,3774.48108
467.85,3573.64608
468.05,3577.63288
468.251,3448.56027
468.452,3396.48271
468.652,3379.04046
468.853,3386.26653
469.053,3412.92825
469.254,3157.52395
469.454,3192.40844
469.655,3207.35893
469.855,3190.91339
470.056,3078.5355
470.256,3118.40348
470.457,2994.81272
470.657,3012.50414
470.858,2891.6543
471.058,3065.82757
471.259,2751.11964
471.459,2660.66914
471.659,2687.08168
471.86,2644.72194
472.06,2687.33086
472.26,2711.99917
472.461,2675.61963
472.661,2650.20379
472.861,2652.44637
473.062,2542.31105
473.262,2676.61633
473.462,2503.68893
473.662,2629.52227
473.863,2447.87375
474.063,2422.70708
474.263,2469.80114
474.463,2394.79949
474.663,2438.65428
474.864,2453.10642
475.064,2303.10311
475.264,2259.99585
475.464,2437.15923
475.664,2296.12622
475.864,2388.81929
476.064,2089.06185
476.264,2245.79288
476.464,2141.13941
476.664,2220.62621
476.864,2204.67902
477.064,2016.55194
477.265,2051.93478
477.464,2148.61466
477.664,2069.12785
477.864,2053.42983
478.064,2046.20376
478.264,2126.43809
478.464,2125.69056
478.664,2039.97439
478.864,1995.1229
479.064,2014.30937
479.264,1885.48593
479.464,1949.02554
479.663,2049.44304
479.863,1898.19385
480.063,1894.7054
480.263,1943.79286
480.463,2044.45954
480.663,1811.48098
480.862,1900.6856
481.062,1911.15095
481.262,1923.85887
481.461,1784.07173
481.661,1780.83246
481.861,1850.10309
482.061,1816.71365
482.26,1846.86382
482.46,1810.73345
482.66,1914.6394
482.859,1967.46448
483.059,1751.92817
483.258,1898.44303
483.458,1927.34732
483.658,1818.95622
483.857,1923.36052
484.057,1794.78626
484.256,1935.81927
484.456,2002.84732
484.655,1932.08164
484.855,1947.77966
485.054,1905.6691
485.254,1955.75326
485.453,1929.34072
485.653,1957.24831
485.852,2000.35557
486.051,1927.34732
486.251,1977.43148
486.45,2007.0833
486.649,2176.52225
486.849,1982.91333
487.048,1995.62125
487.248,2115.47439
487.447,2127.43479
487.646,2219.87869
487.845,2203.43314
488.045,2225.85889
488.244,2296.87374
488.443,2275.94305
488.642,2187.48595
488.842,2319.54866
489.041,2244.79618
489.24,2345.71203
489.439,2326.77473
489.638,2423.70378
489.838,2505.18398
490.037,2527.36055
490.236,2549.28794
490.435,2514.65263
490.634,2563.74009
490.833,2543.30775
491.032,2580.43481
491.231,2705.52063
491.43,2740.90347
491.629,2788.99423
491.828,2818.64604
492.027,2733.92657
492.226,2911.58829
492.425,2976.87212
492.624,3053.11965
492.823,3057.10645
493.022,2911.33912
493.221,3139.33418
493.42,3043.65101
493.619,3198.13946
493.818,3231.03055
494.017,3225.79788
494.216,3263.67247
494.414,3459.77314
494.613,3356.86389
494.812,3494.9068
495.011,3442.58007
495.21,3499.39195
495.408,3463.01241
495.607,3718.41672
495.806,3642.66754
496.005,3767.75335
496.203,3810.36227
496.402,3741.09164
496.601,3863.18735
496.799,3832.04048
496.998,3996.99429
497.197,3884.11804
497.395,3972.0768
497.594,4067.01244
497.793,4011.69561
497.991,4312.9481
498.19,4370.00916
498.388,4282.05041
498.587,4279.06031
498.785,4479.64613
498.984,4636.12798
499.182,4443.26659
499.381,4547.17253
499.579,4518.01907
499.778,4556.39201
499.976,4538.20224
500.175,4547.67088
500.373,4879.07354
500.572,4671.76
500.77,4780.89862
500.968,4902.99433
501.167,4733.55538
501.365,4864.62139
501.564,4920.1874
501.762,5038.29632
501.96,5086.38708
502.159,5152.41844
502.357,5136.47124
502.555,5237.13792
502.753,5196.02405
502.952,5240.62636
503.15,5221.19072
503.348,5250.34419
503.546,5320.61152
503.745,5213.96465
503.943,5299.43165
504.141,5568.04222
504.339,5412.55707
504.537,5552.84255
504.735,5306.65772
504.933,5397.60657
505.132,5426.51086
505.33,5386.64287
505.528,5435.48116
505.726,5475.8475
505.924,5433.23858
506.122,5569.2881
506.32,5433.98611
506.518,5562.06202
506.716,5504.75179
506.914,5444.20228
507.112,5466.62803
507.31,5675.68579
507.508,5606.91351
507.706,5584.48777
507.904,5680.91847
508.101,5597.69404
508.299,5727.76335
508.497,5508.98776
508.695,5618.62473
508.893,5602.17919
509.091,5610.15279
509.289,5558.57357
509.486,5471.61152
509.684,5546.364
509.882,5483.8211
510.08,5459.40195
510.277,5625.10328
510.475,5576.26499
510.673,5477.8409
510.871,5470.11647
511.068,5435.23198
511.266,5339.54881
511.464,5389.3838
511.661,5391.12802
511.859,5455.16598
512.056,5401.34419
512.254,5287.72043
512.452,5261.30788
512.649,5408.81944
512.847,5255.57686
513.044,5300.9267
513.242,5396.11152
513.439,5334.31614
513.637,5216.95475
513.834,5304.9135
514.032,5364.21713
514.229,5003.91018
514.427,5105.82273
514.624,5084.14451
514.822,5006.6511
515.019,5090.12471
515.217,4966.03559
515.414,4933.1445
515.611,4932.39698
515.809,4921.68245
516.006,4823.75671
516.203,5033.31282
516.401,4880.81777
516.598,4875.58509
516.795,4871.34912
516.993,4721.84416
517.19,4798.34086
517.387,4702.65769
517.584,4666.7765
517.781,4644.59993
517.979,4535.21214
518.176,4509.54712
518.373,4467.68573
518.57,4361.78639
518.767,4324.9085
518.964,4486.12468
519.162,4374.74348
519.359,4340.35734
519.556,4233.4613
519.753,4317.43325
519.95,4274.57516
520.147,4139.77152
520.344,4231.21872
520.541,4174.90519
520.738,4095.91674
520.935,4051.5636
521.132,4073.98934
521.329,4081.46459
521.526,4054.05535
521.723,3973.07349
521.92,3809.61474
522.117,3948.65435
522.314,3870.6626
522.511,3916.26161
522.707,3772.48768
522.904,3689.7616
523.101,3775.72695
523.298,3652.38536
523.495,3614.01242
523.692,3440.58667
523.888,3409.19063
524.085,3448.56027
524.282,3493.9101
524.479,3484.44146
524.675,3524.30945
524.872,3367.32924
525.069,3266.66257
525.266,3469.24179
525.462,3273.88864
525.659,3261.18072
525.856,3189.91669
526.052,3018.73351
526.249,3128.37048
526.445,3069.5652
526.642,3077.04045
526.839,3025.46124
527.035,2906.10644
527.232,2992.57015
527.428,2947.71866
527.625,2804.69225
527.821,2948.21701
528.018,2858.76321
528.214,2894.89357
528.411,2734.92327
528.607,2778.77806
528.804,2731.43482
529,2648.21039
529.196,2604.85395
529.393,2550.53382
529.589,2550.28464
529.786,2463.07342
529.982,2539.07177
530.178,2386.82589
530.375,2415.97936
530.571,2397.78959
530.767,2349.44965
530.963,2296.37539
531.16,2350.9447
531.356,2292.38859
531.552,2150.10971
531.748,2264.481
531.945,2218.88199
532.141,2108.99584
532.337,2054.92488
532.533,2007.83082
532.729,2041.22026
532.926,2026.02059
533.122,1986.90013
533.318,2077.5998
533.514,1870.78461
533.71,2011.81762
533.906,1955.75326
534.102,1827.179
534.298,1844.87042
534.494,1887.72851
534.69,1897.94468
534.886,1679.66744
535.082,1736.7285
535.278,1789.05523
535.474,1790.05193
535.67,1667.70704
535.866,1611.39351
536.062,1559.56512
536.258,1518.70043
536.454,1505.74334
536.65,1491.78954
536.846,1486.30769
537.041,1403.83079
537.237,1409.31264
537.433,1435.72518
537.629,1339.54366
537.825,1500.26149
538.02,1440.70868
538.216,1317.86544
538.412,1254.57501
538.608,1213.95949
538.803,1153.90834
538.999,1187.0486
539.195,1059.72021
539.39,1112.79447
539.586,1084.63771
539.782,1137.96114
539.977,1057.72681
540.173,1027.32747
540.369,986.46278
540.564,961.29612
540.76,885.04859
540.955,948.33902
541.151,868.10469
541.347,935.6311
541.542,838.45288
541.738,772.67069
541.933,809.79776
542.129,728.31756
542.324,770.92647
542.519,833.46938
542.715,645.84065
542.91,691.68884
543.106,809.79776
543.301,725.32746
543.497,704.89511
543.692,698.41656
543.887,648.08323
544.083,578.56342
544.278,657.05353
544.473,669.2631
544.669,613.94626
544.864,622.66739
545.059,592.76639
545.254,516.51887
545.45,476.4017
545.645,625.15913
545.84,603.23174
546.035,420.83569
546.23,415.85219
546.426,477.3984
546.621,474.15913
546.816,515.52217
547.011,364.02381
547.206,426.56672
547.401,405.38685
547.596,441.26804
547.791,381.46605
547.986,460.70368
548.181,305.4677
548.376,435.28784
548.572,304.471
548.767,305.21852
548.961,299.4875
549.156,418.59312
549.351,288.77298
549.546,308.70697
549.741,308.70697
549.936,217.75812
550.131,302.97595
550.326,233.95449
550.521,317.92645
550.716,435.28784
550.911,295.5007
551.105,249.65252
551.3,234.95119
551.495,286.77958
551.69,130.04855
551.885,358.29278
552.079,269.33733
552.274,261.11456
552.469,140.26472
552.664,178.38849
552.858,129.30102
553.053,253.88849
553.248,156.21192
553.442,247.16077
553.637,194.83403
553.832,271.33073
554.026,149.73337
554.221,149.23502
554.415,156.71027
554.61,231.71192
554.804,259.61951
554.999,240.43304
555.194,44.0832
555.388,184.36868
555.583,152.97264
555.777,143.25482
555.972,300.98255
556.166,162.19211
556.36,201.81093
556.555,67.75482
556.749,30.1294
556.944,135.77957
557.138,58.03699
557.332,90.18056
557.527,247.90829
557.721,171.66076
557.915,66.50894
558.11,141.01225
558.304,163.18881
558.498,196.07991
558.693,202.30928
558.887,100.39673
559.081,67.00729
559.275,231.21357
559.47,52.0568
559.664,99.64921
559.858,40.59475
560.052,134.5337
560.246,106.62611
560.44,165.68056
560.635,53.0535
560.829,97.65581
561.023,145.99574
561.217,146.74327
561.411,72.48914
561.605,104.88188
561.799,17.91983
561.993,13.43468
562.187,55.54524
562.381,14.18221
562.575,23.40168
562.769,115.5964
562.963,-27.92836
563.157,175.39839
563.351,148.98584
563.545,21.90663
563.739,-47.86235
563.933,289.27133
564.126,25.1459
564.32,108.37033
564.514,15.42808
564.708,127.5568
564.902,1.22511
565.096,49.81422
565.289,73.98419
565.483,-5.00426
565.677,145.74657
565.871,107.37363
566.064,74.98089
566.258,118.83568
566.452,56.29277
566.645,-1.26664
566.839,82.20696
567.033,139.76637
567.226,16.67396
567.42,70.74492
567.614,118.5865
567.807,44.83072
568.001,-0.51911
568.194,55.04689
568.388,137.27462
568.581,-17.71218
568.775,72.98749
568.969,84.44954
569.162,12.43798
569.355,108.6195
569.549,61.52544
569.742,106.87528
569.936,81.45944
570.129,-29.42341
570.323,74.48254
570.516,90.18056
570.709,30.1294
570.903,26.89013
571.096,101.39343
571.289,27.1393
571.483,34.36538
571.676,83.70201
571.869,76.97429
572.063,28.63435
572.256,154.46769
572.449,86.94129
572.642,78.96769
572.836,36.60795
573.029,-3.50921
573.222,-27.92836
573.415,-47.11483
573.608,105.38023
573.802,26.89013
573.995,22.1558
574.188,104.38353
574.381,90.92808
574.574,129.05185
574.767,92.92148
574.96,-60.07192
575.153,-23.69238
575.346,24.1492
575.539,137.5238
575.732,-18.45971
575.925,74.48254
576.118,37.35547
576.311,53.0535
576.504,6.95613
576.697,-57.82935
576.89,62.27297
577.083,100.89508
577.276,-18.21053
577.469,48.07
577.661,69.24987
577.854,-30.17093
578.047,44.33237
578.24,-27.43001
578.433,-10.48611
578.626,26.1426
578.818,5.21191
579.011,51.80762
579.204,-26.43331
579.397,32.62115
579.589,9.44788
579.782,0.72676
579.975,-69.04222
580.167,30.87693
580.36,73.73501
580.553,4.21521
580.745,125.31423
580.938,95.66241
581.13,-19.70558
581.323,-17.71218
581.516,57.53864
581.708,38.60135
581.901,91.92478
582.093,63.76802
582.286,-2.26334
582.478,188.35548
582.671,12.18881
582.863,-14.72209
583.056,68.50234
583.248,110.6129
583.44,65.51224
583.633,40.84392
583.825,91.17726
584.018,-37.14783
584.21,70.74492
584.402,79.21686
584.595,103.88518
584.787,42.33897
584.979,130.79607
585.172,-7.49601
585.364,46.82412
585.556,88.68551
585.748,25.1459
585.941,-24.43991
586.133,-14.47291
586.325,89.93139
586.517,-51.84915
586.709,101.89178
586.901,-32.16433
587.094,-88.72704
587.286,-58.07852
587.478,-55.08842
587.67,72.23997
587.862,45.0799
588.054,53.80102
588.246,30.87693
588.438,27.88683
588.63,109.11785
588.822,-46.86565
589.014,-29.92176
589.206,155.71357
589.398,-3.75839
589.59,-64.80625
589.782,-23.69238
589.974,61.02709
590.166,7.45448
590.358,124.06835
590.55,6.45778
590.741,55.79442
590.933,54.54855
591.125,-32.41351
591.317,-80.25509
591.509,-30.42011
591.701,73.23666
591.892,-38.89205
592.084,118.5865
592.276,-66.05212
592.468,-45.86895
592.659,-83.99272
592.851,-64.3079
593.043,51.80762
593.234,85.19706
593.426,-51.59998
593.618,99.89838
593.809,27.88683
594.001,-1.01746
594.193,55.79442
594.384,21.40828
594.576,-52.59667
594.767,-21.20063
594.959,-30.91846
595.15,-42.62968
595.342,11.44128
595.533,65.76142
595.725,28.136
595.916,-13.97456
596.108,52.80432
596.299,95.16406
596.491,30.1294
596.682,89.68221
596.873,112.35713
597.065,14.18221
597.256,36.85713
597.447,38.103
597.639,10.19541
597.83,-8.24354
598.021,-7.49601
598.213,82.45614
598.404,31.1261
598.595,64.76472
598.786,-30.17093
598.978,-89.97291
599.169,-77.76334
599.36,9.94623
599.551,-13.72539
599.742,-48.3607
599.934,85.19706
600.125,-29.92176
600.316,6.45778
600.507,-46.11813
600.698,122.32413
600.889,-38.3937
601.08,140.76307
601.271,2.96933
601.462,-34.4069
601.653,62.77132
601.844,29.88023
602.035,14.68056
602.226,-24.68908
602.417,1.47429
602.608,-63.3112
602.799,44.83072
602.99,31.87363
603.181,-4.50591
603.372,250.15087
603.563,-13.22704
603.754,97.65581
603.944,65.76142
604.135,48.81752
604.326,111.36043
604.517,24.89673
604.708,-83.99272
604.898,0.72676
605.089,38.35217
605.28,131.5436
605.471,61.52544
605.661,24.39838
605.852,-39.63958
606.043,29.88023
606.233,78.96769
606.424,-57.58017
606.615,273.07496
606.805,85.44624
606.996,-29.17423
607.186,-68.2947
607.377,18.91653
607.568,15.42808
607.758,63.51884
607.949,275.06836
608.139,-93.21219
608.33,87.93799
608.52,-18.70888
608.711,86.69211
608.901,75.97759
609.092,-35.4036
609.282,128.5535
609.472,-43.12803
609.663,74.23336
609.853,149.98254
610.044,-0.76829
610.234,-27.18083
610.424,-59.57357
610.615,203.80433
610.805,-60.81945
610.995,-5.50261
611.185,2.47098
611.376,61.77462
611.566,97.40663
611.756,116.34393
611.946,25.1459
612.137,242.17727
612.327,68.75152
612.517,-11.98116
612.707,55.54524
612.897,-2.51251
613.087,39.84722
613.277,-51.59998
613.468,-49.85575
613.658,17.42148
613.848,49.81422
614.038,23.40168
614.228,18.41818
614.418,52.55515
614.608,72.48914
614.798,-38.14453
614.988,-68.04552
615.178,15.17891
615.368,-44.87225
615.558,110.6129
615.748,7.70366
615.937,175.14921
616.127,-73.02902
616.317,-30.17093
616.507,-103.92671
616.697,25.64425
616.887,142.25812
617.077,-25.93496
617.266,85.19706
617.456,0.97594
617.646,-61.3178
617.836,-36.4003
618.025,20.66075
618.215,-30.42011
618.405,-15.46961
618.595,-42.62968
618.784,33.61785
618.974,-18.21053
619.164,39.84722
619.353,18.41818
619.543,12.68716
619.732,-17.21383
619.922,158.95284
620.112,6.70696
620.301,5.21191
620.491,-9.98776
620.68,-111.15278
620.87,6.95613
621.059,4.46438
621.249,-43.62638
621.438,26.64095
621.628,168.67066
621.817,20.41158
622.006,53.80102
622.196,-56.58347
622.385,-9.98776
622.575,52.30597
622.764,0.47759
622.953,9.69706
623.143,-66.55047
623.332,193.08981
623.521,91.42643
623.711,59.28287
623.9,75.97759
624.089,-41.3838
624.278,-6.49931
624.468,60.27957
624.657,57.78782
624.846,17.17231
625.035,18.16901
625.224,57.28947
625.413,87.43964
625.603,75.97759
625.792,-103.42836
625.981,51.55845
626.17,34.61455
626.359,-21.94816
626.548,41.34227
626.737,247.65912
626.926,-51.59998
627.115,-23.69238
627.304,-22.69568
627.493,25.64425
627.682,38.35217
627.871,-26.68248
628.06,33.36868
628.249,-0.76829
628.438,34.86373
628.627,38.103
628.816,35.86043
629.004,32.62115
629.193,-12.72869
629.382,-31.91516
629.571,75.23006
629.76,9.94623
629.949,-45.61978
630.137,92.17396
630.326,64.26637
630.515,67.50564
630.704,-0.26994
630.892,70.99409
631.081,-108.41186
631.27,19.66405
631.458,7.70366
631.647,-47.86235
631.836,49.56505
632.024,7.95283
632.213,43.58485
632.401,118.33733
632.59,152.72347
632.779,150.73007
632.967,17.17231
633.156,56.04359
633.344,53.30267
633.533,167.92314
633.721,-43.62638
633.91,71.49244
634.098,29.63105
634.286,-46.86565
634.475,48.81752
634.663,87.19046
634.852,-17.71218
635.04,43.0865
635.228,-56.3343
635.417,16.92313
635.605,53.30267
635.793,713.36706
635.982,-33.41021
636.17,136.77627
636.358,3.71686
636.547,10.44458
636.735,-35.15443
636.923,3.96603
637.111,42.33897
637.299,74.73171
637.488,-1.76499
637.676,74.98089
637.864,6.45778
638.052,28.136
638.24,7.20531
638.428,3.21851
638.616,-16.71548
638.804,80.46274
638.992,71.49244
639.18,-1.76499
639.369,66.75812
639.557,28.136
639.745,1.72346
639.933,5.21191
640.12,-1.01746
640.308,45.57825
640.496,95.66241
640.684,-30.91846
640.872,204.30268
641.06,10.69376
641.248,-15.46961
641.436,78.46934
641.624,-43.12803
641.811,-51.59998
641.999,33.86703
642.187,57.28947
642.375,-4.00756
642.563,38.103
642.75,23.90003
642.938,55.79442
643.126,121.07825
643.314,24.39838
643.501,78.46934
643.689,-22.94486
643.877,25.89343
644.064,-9.24024
644.252,-49.10823
644.439,81.70861
644.627,5.71026
644.815,69.24987
645.002,-0.76829
645.19,-48.60988
645.377,94.66571
645.565,-5.75179
645.752,77.72181
645.94,37.60465
646.127,-30.17093
646.315,13.68386
646.502,142.75647
646.69,-42.62968
646.877,85.19706
647.064,32.87033
647.252,-60.07192
647.439,-24.43991
647.627,-33.16103
647.814,-79.75674
648.001,21.90663
648.189,-24.43991
648.376,-85.48777
648.563,-143.54552
648.75,59.78122
648.938,89.93139
649.125,28.63435
649.312,-50.3541
649.499,11.44128
649.686,36.85713
649.874,72.48914
650.061,70.49574
650.248,141.5106
650.435,130.79607
650.622,-68.2947
650.809,-32.91186
650.996,-84.98942
651.183,12.68716
651.37,-42.3805
651.557,56.79112
651.744,-5.75179
651.931,9.69706
652.118,-31.41681
652.305,142.25812
652.492,21.1591
652.679,-18.95806
652.866,12.93633
653.053,73.73501
653.24,9.19871
653.427,14.43138
653.614,94.91488
653.801,39.0997
653.987,-67.04882
654.174,-64.55707
654.361,-13.47621
654.548,33.36868
654.735,0.22841
654.921,4.96273
655.108,-24.43991
655.295,6.20861
655.481,26.89013
655.668,-20.70228
655.855,-37.397
656.041,-25.68578
656.228,33.36868
656.415,-53.84255
656.601,-50.3541
656.788,-37.89535
656.975,0.72676
657.161,-19.20723
657.348,59.53204
657.534,82.70531
657.721,-72.53067
657.907,-23.44321
658.094,28.63435
658.28,147.98914
658.467,-60.07192
658.653,21.1591
658.84,-41.88215
659.026,87.19046
659.212,98.15416
659.399,3.96603
659.585,-81.25179
659.771,101.89178
659.958,-35.15443
660.144,-8.24354
660.33,608.71359
660.517,-39.88875
660.703,-14.72209
660.889,-32.91186
661.075,69.49904
661.262,-2.26334
661.448,10.69376
661.634,67.00729
661.82,-71.28479
662.006,-51.59998
662.193,-2.26334
662.379,-0.76829
662.565,75.97759
662.751,-44.3739
662.937,100.14756
663.123,-8.24354
663.309,-23.69238
663.495,156.95944
663.681,69.74822
663.867,54.0502
664.053,46.57495
664.239,55.04689
664.425,-39.3904
664.611,-54.09172
664.797,-2.51251
664.983,39.59805
665.169,59.53204
665.355,-83.24519
665.541,93.91818
665.726,11.93963
665.912,-109.90691
666.098,-4.00756
666.284,23.40168
666.47,-10.23694
666.655,-84.24189
666.841,-89.97291
667.027,10.69376
667.213,35.36208
667.398,96.90828
667.584,78.71851
667.77,54.54855
667.955,-6.00096
668.141,19.16571
668.327,32.1228
668.512,186.61126
668.698,89.18386
668.884,-25.18743
669.069,21.1591
669.255,-10.48611
669.44,-44.87225
669.626,144.99904
669.811,-47.61318
669.997,-45.12143
670.182,-27.18083
670.368,-56.83265
670.553,-102.18249
670.739,-1.01746
670.924,-3.26004
671.109,-42.87885
671.295,-12.47951
671.48,-13.97456
671.665,-37.14783
671.851,31.1261
672.036,55.04689
672.221,-47.61318
672.407,-9.48941
672.592,0.22841
672.777,50.0634
672.962,-101.68414
673.148,-23.94156
673.333,31.37528
673.518,-41.63298
673.703,48.56835
673.888,28.136
674.074,-75.52077
674.259,-20.70228
674.444,-9.24024
674.629,-96.45146
674.814,46.0766
674.999,-75.52077
675.184,-9.48941
675.369,-6.99766
675.554,19.66405
675.739,-62.56367
675.924,-45.12143
676.109,22.1558
676.294,-62.3145
676.479,22.65415
676.664,5.46108
676.849,-54.83925
677.034,17.42148
677.219,20.1624
677.404,-30.17093
677.588,-13.72539
677.773,20.66075
677.958,45.57825
678.143,-88.72704
678.328,8.45118
678.512,58.28617
678.697,62.77132
678.882,50.81092
679.067,-31.41681
679.251,-53.09502
679.436,-75.52077
679.621,78.22016
679.805,124.81588
679.99,-14.22374
680.175,-49.3574
680.359,-70.53727
680.544,-79.25839
680.729,-52.59667
680.913,110.11455
681.098,-130.33925
681.282,28.63435
681.467,-14.72209
681.651,-74.02572
681.836,-23.44321
682.02,-38.3937
682.205,26.64095
682.389,76.47594
682.573,26.64095
682.758,-20.95146
682.942,-47.364
683.127,14.43138
683.311,29.63105
683.495,43.58485
683.68,55.79442
683.864,-18.95806
684.048,-0.02076
684.233,-105.17259
684.417,109.11785
684.601,27.1393
684.785,-6.74849
684.97,-39.63958
685.154,55.54524
685.338,34.86373
685.522,16.17561
685.706,3.46768
685.89,-73.52737
686.075,-3.75839
686.259,-106.66763
686.443,97.90498
686.627,-88.97621
686.811,35.1129
686.995,13.18551
687.179,-54.59007
687.363,5.21191
687.547,5.71026
687.731,14.92973
687.915,90.42974
688.099,-88.47786
688.283,-26.43331
688.467,71.74162
688.651,-92.96301
688.835,-13.22704
689.018,-18.70888
689.202,-14.47291
689.386,-47.61318
689.57,92.17396
689.754,-70.53727
689.938,-58.57687
690.121,-143.54552
690.305,-68.2947
690.489,-37.397
690.673,-23.94156
690.856,-11.23364
691.04,121.5766
691.224,-69.78974
691.407,-131.58513
691.591,51.80762
691.775,-81.50097
691.958,24.89673
692.142,-0.51911
692.325,-12.47951
692.509,144.74987
692.693,-90.72044
692.876,-8.24354
693.06,-86.98282
693.243,-55.58677
693.427,-83.74354
693.61,-65.05542
693.794,-119.87391
693.977,-61.3178
694.16,-3.50921
694.344,20.66075
694.527,53.55185
694.711,-15.96796
694.894,-99.93991
695.077,-38.3937
695.261,-74.77324
695.444,-45.61978
695.627,-72.77984
695.811,38.60135
695.994,-62.81285
696.177,-65.80295
696.36,-50.10493
696.543,-19.70558
696.727,53.80102
696.91,9.19871
697.093,-92.21549
697.276,-39.14123
697.459,-42.62968
697.642,35.36208
697.826,-76.76664
698.009,-5.50261
698.192,-60.07192
698.375,-31.41681
698.558,-66.55047
698.741,59.28287
698.924,71.24327
699.107,-49.10823
699.29,-94.20889
699.473,89.68221
699.656,44.33237
699.839,-20.20393
700.022,-18.70888
700.205,115.5964
700.387,-121.61813
700.57,-30.66928
700.753,-55.83595
700.936,-58.3277
701.119,19.16571
701.302,-129.34255
701.484,-41.88215
701.667,-11.98116
701.85,-143.7947
702.033,-60.57027
702.215,116.84228
702.398,-6.49931
702.581,101.39343
702.763,-43.12803
702.946,-13.47621
703.129,-119.12638
703.311,-44.3739
703.494,-78.76004
703.677,77.97099
703.859,-50.10493
704.042,-101.43496
704.224,-108.16268
704.407,-27.67918
704.589,-53.3442
704.772,-46.86565
704.954,-72.77984
705.137,-45.3706
705.319,57.53864
705.502,9.44788
705.684,-89.47456
705.866,-57.82935
706.049,-48.11153
706.231,0.72676
706.414,-48.60988
706.596,-4.00756
706.778,93.66901
706.961,6.45778
707.143,71.49244
707.325,-18.70888
707.507,-98.19569
707.69,-1.76499
707.872,-81.99932
708.054,49.56505
708.236,-26.68248
708.418,-32.91186
708.601,-101.43496
708.783,-71.78314
708.965,-22.19733
709.147,-24.93826
709.329,-7.74519
709.511,-121.11978
709.693,-39.63958
709.875,29.1327
710.057,-87.48117
710.239,-174.94157
710.421,-48.11153
710.603,-89.97291
710.785,-132.831
710.967,-77.01582
711.149,-62.56367
711.331,27.63765
711.513,-106.66763
711.695,-87.73034
711.877,-3.50921
712.059,19.66405
712.24,-87.73034
712.422,-71.53397
712.604,17.91983
712.786,-61.56697
712.968,-112.89701
713.149,-24.68908
713.331,55.54524
713.513,-18.70888
713.695,-95.95311
713.876,-46.86565
714.058,-85.48777
714.24,-79.50757
714.421,-53.84255
714.603,-14.97126
714.785,-44.62308
714.966,-18.95806
715.148,-3.50921
715.329,41.34227
715.511,-67.54717
715.692,-30.17093
715.874,-174.69239
716.055,-22.19733
716.237,-52.84585
716.418,-81.00262
716.6,-176.68579
716.781,-134.32605
716.963,-49.85575
717.144,20.1624
717.325,-84.24189
717.507,-5.00426
717.688,-2.51251
717.87,42.58815
718.051,-69.78974
718.232,-55.83595
718.413,-72.28149
718.595,110.86208
718.776,-36.4003
718.957,74.73171
719.138,-87.23199
719.32,-15.71879
719.501,-29.67258
719.682,-93.46136
719.863,-59.57357
720.044,-46.86565
720.225,-107.41516
720.407,-101.18579
720.588,31.37528
720.769,-29.17423
720.95,61.52544
721.131,-176.93496
721.312,-13.72539
721.493,-124.10988
721.674,-84.49107
721.855,22.65415
722.036,-50.3541
722.217,-6.49931
722.398,-61.56697
722.579,-75.52077
722.76,-102.68084
722.94,6.95613
723.121,-86.48447
723.302,-108.41186
723.483,-91.96631
723.664,-51.10163
723.845,-108.66103
724.025,-42.13133
724.206,-56.83265
724.387,14.68056
724.568,72.23997
724.748,21.90663
724.929,-58.07852
725.11,-26.93166
725.29,-112.64783
725.471,-81.00262
725.652,-157.25015
725.832,-46.3673
726.013,1.97263
726.194,-81.00262
726.374,-123.11318
726.555,-76.51747
726.735,119.08485
726.916,-0.26994
727.096,-55.83595
727.277,132.78947
727.457,39.59805
727.638,-70.28809
727.818,-32.16433
727.999,-64.80625
728.179,-159.24354
728.359,-55.08842
728.54,-113.89371
728.72,28.88353
728.9,-76.76664
729.081,-71.78314
729.261,-30.91846
729.441,57.28947
729.622,-126.35245
729.802,-128.59503
729.982,-39.14123
730.162,-7.99436
730.343,10.94293
730.523,-130.8376
730.703,-89.47456
730.883,-13.72539
731.063,-42.62968
731.243,-26.18413
731.424,-6.00096
731.604,-99.19239
731.784,-101.68414
731.964,26.64095
732.144,-54.59007
732.324,-45.3706
732.504,-135.8211
732.684,11.19211
732.864,-103.42836
733.044,-1.26664
733.224,-75.76994
733.404,-112.64783
733.584,-138.8112
733.764,25.89343
733.943,-45.61978
734.123,-28.67588
734.303,-74.27489
734.483,-5.00426
734.663,-12.23034
734.843,64.01719
735.022,-49.3574
735.202,-21.94816
735.382,-15.22044
735.562,-93.95971
735.741,-119.87391
735.921,48.56835
736.101,-72.03232
736.281,-105.17259
736.46,10.94293
736.64,10.44458
736.819,-56.08512
736.999,-54.3409
737.179,104.38353
737.358,7.20531
737.538,-157.99767
737.717,-75.27159
737.897,-46.61648
738.076,84.20036
738.256,-77.26499
738.435,47.0733
738.615,-58.3277
738.794,-56.58347
738.974,-70.28809
739.153,-35.65278
739.332,18.91653
739.512,10.19541
739.691,-77.01582
739.871,-94.70724
740.05,25.39508
740.229,-74.52407
740.408,-81.00262
740.588,-33.16103
740.767,-44.12473
740.946,4.46438
741.126,-67.54717
741.305,-74.27489
741.484,-8.99106
741.663,-10.73529
741.842,-42.3805
742.021,46.32577
742.201,-20.95146
742.38,5.46108
742.559,-56.3343
742.738,-102.93001
742.917,-59.07522
743.096,143.75317
743.275,-105.92011
743.454,-59.07522
743.633,-77.26499
743.812,105.13106
743.991,-55.08842
744.17,-71.28479
744.349,28.136
744.528,-7.74519
744.707,-59.3244
744.886,-55.08842
745.064,-85.23859
745.243,-65.05542
745.422,-49.3574
745.601,-59.82275
745.78,31.37528
745.958,-10.48611
746.137,-43.12803
746.316,-64.3079
746.495,113.10465
746.673,-107.41516
746.852,-52.59667
747.031,-123.36235
747.209,77.72181
747.388,-38.89205
747.567,-92.96301
747.745,5.71026
747.924,-46.3673
748.103,25.89343
748.281,-41.13463
748.46,-7.99436
748.638,6.45778
748.817,39.34887
748.995,19.16571
749.174,-27.67918
749.352,93.41983
749.531,18.91653
749.709,-24.19073
749.888,23.40168
750.066,-90.47126
750.244,-29.92176
750.423,-50.85245
750.601,-88.72704
750.779,-120.37226
750.958,-30.17093
751.136,-31.66598
751.314,-88.97621
751.493,-50.3541
751.671,3.21851
751.849,-20.45311
752.027,-130.33925
752.205,19.41488
752.384,15.92643
752.562,31.87363
752.74,-44.12473
752.918,-35.15443
753.096,4.21521
753.274,-117.88051
753.452,-27.18083
753.63,-104.17589
753.809,-55.08842
753.987,-26.18413
754.165,-105.92011
754.343,-46.3673
754.521,-87.97951
754.699,-85.48777
754.876,-39.14123
755.054,14.18221
755.232,-8.99106
755.41,-85.98612
755.588,35.86043
755.766,-42.13133
755.944,-82.49767
756.122,-102.43166
756.3,-17.46301
756.477,-74.02572
756.655,-58.57687
756.833,-29.17423
757.011,18.66736
757.188,50.31257
757.366,32.87033
757.544,-57.08182
757.721,-33.41021
757.899,35.86043
758.077,25.1459
758.254,-59.07522
758.432,33.36868
758.61,-11.48281
758.787,6.20861
758.965,-6.99766
759.142,-48.60988
759.32,-72.28149
759.497,-20.70228
759.675,-60.57027
759.852,-74.27489
760.03,113.35383
760.207,-41.13463
760.385,-28.92506
760.562,11.44128
760.74,22.1558
760.917,32.87033
761.094,-7.74519
761.272,6.20861
761.449,-46.3673
761.626,-59.82275
761.804,-78.26169
761.981,1.97263
762.158,-9.73859
762.335,-141.05377
762.513,-8.74189
762.69,-108.16268
762.867,11.44128
763.044,62.52214
763.221,-53.09502
763.399,-8.24354
763.576,-58.82605
763.753,3.46768
763.93,-43.87555
764.107,-122.61483
764.284,-45.86895
764.461,-83.99272
764.638,-87.73034
764.815,-34.90525
764.992,-79.50757
765.169,-36.89865
765.346,-16.46631
765.523,-53.59337
765.7,-6.74849
765.877,164.93304
766.054,1.22511
766.231,112.6063
766.408,-114.89041
766.584,-82.99602
766.761,-130.09008
766.938,-64.80625
767.115,-30.17093
767.292,4.21521
767.468,-36.15113
767.645,-136.31945
767.822,-49.10823
767.999,-138.56203
768.175,-102.68084
768.352,-122.36566
768.529,-85.23859
768.705,28.88353
768.882,12.43798
769.059,-64.80625
769.235,-23.44321
769.412,34.86373
769.588,-41.13463
769.765,-96.20229
769.941,-6.00096
770.118,-65.55377
770.294,62.02379
770.471,16.42478
770.647,129.5502
770.824,-51.10163
771,121.07825
771.177,-79.50757
771.353,-64.55707
771.529,-112.14948
771.706,-22.44651
771.882,78.46934
772.058,-71.03562
772.235,-87.73034
772.411,-50.85245
772.587,7.45448
772.764,-82.49767
772.94,-91.21879
773.116,-138.56203
773.292,-203.84586
773.468,-71.53397
773.645,-20.45311
773.821,-157.99767
773.997,-202.84916
774.173,153.72017
774.349,86.69211
774.525,-133.32935
774.701,-43.87555
774.877,-23.44321
775.053,-54.09172
775.229,-18.45971
775.405,41.84062
775.581,23.1525
775.757,-84.74024
775.933,-88.97621
776.109,-67.298
776.285,-70.53727
776.461,-13.72539
776.637,-18.70888
776.813,-20.95146
776.989,25.89343
777.165,-143.7947
777.34,-72.03232
777.516,-48.3607
777.692,-0.02076
777.868,46.57495
778.043,50.56175
778.219,-32.41351
778.395,-71.03562
778.571,-51.10163
778.746,40.84392
778.922,-66.3013
779.098,-62.81285
779.273,-114.14288
779.449,296.4974
779.624,-126.60163
779.8,-41.63298
779.976,-70.53727
780.151,-35.15443
780.327,-68.79305
780.502,-17.21383
780.678,-97.94651
780.853,-36.15113
781.029,-28.92506
781.204,116.84228
781.38,-93.21219
781.555,-65.55377
781.73,-6.49931
781.906,52.55515
782.081,-5.00426
782.256,-63.3112
782.432,-105.67093
782.607,-107.16598
782.782,22.1558
782.958,57.53864
783.133,-28.92506
783.308,93.66901
783.483,22.90333
783.659,-107.41516
783.834,11.69046
784.009,-128.8442
784.184,28.136
784.359,31.37528
784.534,-103.17919
784.709,-24.68908
784.885,-59.57357
785.06,-39.3904
785.235,-0.26994
785.41,95.41323
785.585,-45.61978
785.76,-54.09172
785.935,58.53534
786.11,-32.41351
786.285,-97.94651
786.46,143.504
786.634,14.68056
786.809,53.0535
786.984,5.46108
787.159,-64.05872
787.334,-76.51747
787.509,14.18221
787.684,-45.12143
787.858,-151.26995
788.033,-129.59173
788.208,61.52544
788.383,-116.88381
788.557,-18.95806
788.732,-45.12143
788.907,5.95943
789.082,-53.84255
789.256,2.47098
789.431,-64.55707
789.605,-76.76664
789.78,-51.3508
789.955,-52.09832
790.129,-26.93166
790.304,-38.14453
790.478,-13.72539
790.653,-139.55873
790.827,-116.63463
791.002,-71.78314
791.176,-63.3112
791.351,23.1525
791.525,-38.3937
791.7,-73.77654
791.874,-17.21383
792.048,2.47098
792.223,-38.3937
792.397,63.76802
792.572,-49.3574
792.746,-72.03232
792.92,-71.78314
793.094,23.1525
793.269,-86.98282
793.443,-128.59503
793.617,-45.3706
793.791,-7.99436
793.966,72.73831
794.14,-14.22374
794.314,-37.89535
794.488,-40.3871
794.662,62.52214
794.836,-81.99932
795.01,7.95283
795.185,144.25152
795.359,31.87363
795.533,-79.25839
795.707,-160.98777
795.881,-50.3541
796.055,-25.93496
796.229,-118.87721
796.403,-92.71384
796.577,-3.26004
796.75,-68.2947
796.924,-95.95311
797.098,-92.71384
797.272,-14.47291
797.446,116.34393
797.62,23.65085
797.794,-152.51582
797.967,-14.72209
798.141,-131.58513
798.315,-98.19569
798.489,-97.19899
798.663,-60.07192
798.836,-23.44321
799.01,-147.53232
799.184,-115.88711
799.357,-91.21879
799.531,13.18551
799.705,-10.98446
799.878,18.91653
800.052,-41.63298
800.225,131.5436
800.399,21.1591
800.572,-20.20393
800.746,108.37033
800.92,33.61785
801.093,-73.77654
801.266,-85.23859
801.44,27.1393
801.613,-39.88875
801.787,-15.46961
801.96,-84.49107
802.134,-33.90856
802.307,-51.59998
802.48,-8.24354
802.654,-62.3145
802.827,-31.41681
803,9.94623
803.174,69.24987
803.347,9.19871
803.52,-6.25014
803.693,-3.01086
803.867,-43.87555
804.04,-52.84585
804.213,-16.71548
804.386,-24.93826
804.559,-68.04552
804.732,45.32907
804.906,37.60465
805.079,227.47595
805.252,45.82742
805.425,-26.93166
805.598,-56.3343
805.771,-33.90856
805.944,-46.86565
806.117,-145.7881
806.29,289.02215
806.463,132.04195
806.636,33.61785
806.809,20.66075
806.982,-108.16268
807.154,-39.14123
807.327,24.1492
807.5,70.74492
807.673,-90.47126
807.846,18.16901
808.019,-68.04552
808.191,-2.51251
808.364,-72.03232
808.537,-33.65938
808.71,-65.05542
808.882,-64.3079
809.055,83.20366
809.228,70.49574
809.4,-74.52407
809.573,-132.08348
809.746,-54.3409
809.918,-53.59337
810.091,-53.3442
810.263,-159.49272
810.436,-28.92506
810.609,-32.16433
810.781,126.5601
810.954,-55.3376
811.126,-56.83265
811.299,42.33897
811.471,-8.99106
811.643,82.20696
811.816,-40.13793
811.988,-81.50097
812.161,-7.99436
812.333,-79.75674
812.505,109.86538
812.678,165.18221
812.85,84.94789
813.022,17.91983
813.195,-5.75179
813.367,-94.70724
813.539,-77.01582
813.711,83.20366
813.884,31.37528
814.056,59.28287
814.228,-58.07852
814.4,95.41323
814.572,52.30597
814.744,75.23006
814.917,-18.21053
815.089,-42.3805
815.261,-110.65443
815.433,21.40828
815.605,-50.10493
815.777,-82.49767
815.949,38.85052
816.121,145.74657
816.293,-114.64123
816.465,-5.25344
816.637,-47.61318
816.809,101.39343
816.98,-68.2947
817.152,86.94129
817.324,-23.19403
817.496,1.22511
817.668,-17.96136
817.84,53.55185
818.011,-9.73859
818.183,19.66405
818.355,-49.85575
818.527,-32.16433
818.698,-118.12968
818.87,-91.21879
819.042,-84.24189
819.214,-45.12143
819.385,-87.48117
819.557,2.72016
819.728,-72.77984
819.9,-68.2947
820.072,17.67066
820.243,-12.72869
820.415,-53.84255
820.586,1.22511
820.758,-12.72869
820.929,-54.3409
821.101,61.77462
821.272,-82.49767
821.444,-16.71548
821.615,131.04525
821.787,17.42148
821.958,-48.60988
822.129,-60.57027
822.301,-75.76994
822.472,-49.10823
822.643,-26.93166
822.815,-76.01912
822.986,75.47924
823.157,-145.7881
823.328,23.65085
823.5,38.60135
823.671,33.1195
823.842,-84.74024
824.013,-77.01582
824.184,-2.01416
824.356,-6.49931
824.527,-26.43331
824.698,8.94953
824.869,15.67726
825.04,60.27957
825.211,-91.46796
825.382,-42.3805
825.553,-66.05212
825.724,-56.3343
825.895,59.53204
826.066,-38.89205
826.237,-100.68744
826.408,29.63105
826.579,-45.12143
826.75,-77.26499
826.921,-62.56367
827.092,13.93303
827.262,-25.43661
827.433,-8.99106
827.604,-70.03892
827.775,-31.91516
827.946,51.55845
828.116,-128.59503
828.287,-11.23364
828.458,2.96933
828.629,-64.55707
828.799,-14.47291
828.97,-50.10493
829.141,93.91818
829.311,-52.09832
829.482,75.97759
829.652,-50.10493
829.823,-25.68578
829.994,52.30597
830.164,-15.46961
830.335,-36.64948
830.505,14.92973
830.676,-27.92836
830.846,30.1294
831.017,-113.64453
831.187,-0.76829
831.357,-7.74519
831.528,-57.82935
831.698,0.72676
831.869,-18.70888
832.039,-24.68908
832.209,-50.10493
832.38,37.60465
832.55,-155.25675
832.72,64.01719
832.89,-49.85575
833.061,-24.19073
833.231,-32.41351
833.401,-28.92506
833.571,-87.23199
833.742,-47.11483
833.912,-12.72869
834.082,-4.00756
834.252,-79.25839
834.422,-47.364
834.592,15.42808
834.762,-26.93166
834.932,-71.03562
835.102,-69.2914
835.272,-51.3508
835.442,-141.05377
835.612,1.47429
835.782,41.0931
835.952,0.47759
836.122,-160.98777
836.292,-5.50261
836.462,61.27627
836.632,67.00729
836.802,-210.32441
836.972,-23.69238
837.141,-51.3508
837.311,-55.58677
837.481,9.69706
837.651,-82.49767
837.821,-42.3805
837.99,19.66405
838.16,-11.73199
838.33,-3.01086
838.499,39.34887
838.669,138.27132
838.839,-74.77324
839.008,-56.83265
839.178,-144.7914
839.348,-30.42011
839.517,-53.09502
839.687,-36.4003
839.856,-17.46301
840.026,37.60465
840.195,-103.17919
840.365,-88.47786
840.534,70.74492
840.704,-68.04552
840.873,47.57165
841.042,10.69376
841.212,-126.10328
841.381,59.03369
841.551,42.58815
841.72,-61.81615
841.889,18.91653
842.059,-115.63793
842.228,-64.55707
842.397,-112.14948
842.566,-18.95806
842.736,20.41158
842.905,45.32907
843.074,-6.00096
843.243,-79.00922
843.412,11.69046
843.582,-108.66103
843.751,-92.21549
843.92,-60.3211
844.089,-21.20063
844.258,-117.88051
844.427,-66.55047
844.596,-30.91846
844.765,-36.64948
844.934,44.58155
845.103,4.96273
845.272,-24.93826
845.441,-46.86565
845.61,66.50894
845.779,-2.26334
845.948,33.61785
846.117,-15.96796
846.286,-46.86565
846.454,72.98749
846.623,-36.89865
846.792,51.80762
846.961,-76.01912
847.13,-33.16103
847.298,66.25977
847.467,6.70696
847.636,137.77297
847.805,-20.70228
847.973,3.21851
848.142,-71.53397
848.311,42.0898
848.479,-13.47621
848.648,15.92643
848.816,-27.43001
848.985,-132.831
849.154,17.67066
849.322,-53.59337
849.491,-102.93001
849.659,7.20531
849.828,-31.16763
849.996,-10.23694
850.165,-73.27819
850.333,38.35217
850.501,9.44788
850.67,-63.3112
850.838,-17.71218
851.007,-32.41351
851.175,-66.3013
851.343,35.86043
851.512,-65.05542
851.68,-80.25509
851.848,-67.298
852.016,-58.3277
852.185,-18.21053
852.353,-69.04222
852.521,-46.61648
852.689,-63.56037
852.857,39.59805
853.026,42.0898
853.194,-54.83925
853.362,52.30597
853.53,-28.42671
853.698,-92.71384
853.866,-42.62968
854.034,-101.43496
854.202,-22.19733
854.37,-108.66103
854.538,-93.46136
854.706,-30.42011
854.874,-84.74024
855.042,-77.51417
855.21,55.04689
855.378,-64.3079
855.546,-122.11648
855.713,-44.12473
855.881,2.72016
856.049,18.16901
856.217,-41.13463
856.385,-116.63463
856.553,-119.12638
856.72,-81.75014
856.888,-70.53727
857.056,-53.59337
857.223,85.44624
857.391,-80.25509
857.559,70.99409
857.726,-50.10493
857.894,-35.65278
858.062,-47.61318
858.229,19.91323
858.397,126.31092
858.564,-12.47951
858.732,-57.82935
858.899,75.97759
859.067,1.47429
859.234,102.39013
859.402,-33.41021
859.569,-112.89701
859.737,-104.42506
859.904,12.43798
860.072,6.20861
860.239,-52.59667
860.406,84.94789
860.574,43.58485
860.741,86.44294
860.908,39.59805
861.076,-109.40856
861.243,123.57
861.41,-111.65113
861.577,500.57167
861.745,-4.50591
861.912,0.72676
862.079,-126.10328
862.246,-36.15113
862.413,-86.73364
862.58,-4.00756
862.748,26.89013
862.915,73.48584
863.082,-63.56037
863.249,133.78617
863.416,95.16406
863.583,26.89013
863.75,-23.94156
863.917,84.20036
864.084,4.21521
864.251,-64.80625
864.418,-18.45971
864.585,40.34557
864.751,87.19046
864.918,-80.50427
865.085,-41.13463
865.252,8.94953
865.419,-20.45311
865.586,-71.53397
865.752,-18.21053
865.919,-71.03562
866.086,153.22182
866.253,-3.01086
866.419,-92.96301
866.586,-108.41186
866.753,-11.73199
866.919,-27.67918
867.086,-125.35575
867.253,-91.96631
867.419,-82.99602
867.586,14.43138
867.752,-78.51087
867.919,-52.84585
868.085,31.37528
868.252,-24.68908
868.418,-58.82605
868.585,-2.26334
868.751,-10.23694
868.918,-50.3541
869.084,12.68716
869.251,-47.86235
869.417,-89.47456
869.583,21.65745
869.75,-33.41021
869.916,-70.53727
870.082,24.89673
870.249,6.95613
870.415,62.52214
870.581,30.87693
870.747,-4.00756
870.914,-22.44651
871.08,-28.92506
871.246,9.69706
871.412,-97.19899
871.578,115.34723
871.744,1.47429
871.911,27.88683
872.077,-7.49601
872.243,-48.11153
872.409,-82.24849
872.575,-78.26169
872.741,-30.42011
872.907,26.64095
873.073,-96.45146
873.239,-27.43001
873.405,23.40168
873.571,-58.82605
873.737,-3.26004
873.902,-44.87225
874.068,3.46768
874.234,119.08485
874.4,-77.76334
874.566,-36.64948
874.732,8.45118
874.897,-42.13133
875.063,-55.3376
875.229,67.50564
875.395,72.48914
875.56,-118.62803
875.726,-85.98612
875.892,-130.8376
876.057,25.89343
876.223,-11.48281
876.389,106.37693
876.554,-104.92341
876.72,-25.68578
876.885,-58.82605
877.051,55.54524
877.217,-88.97621
877.382,-84.49107
877.548,-26.43331
877.713,-59.3244
877.878,-69.04222
878.044,-89.72374
878.209,-95.95311
878.375,26.39178
878.54,21.1591
878.705,-43.12803
878.871,-62.06532
879.036,68.75152
879.201,-77.76334
879.367,-16.96466
879.532,-33.41021
879.697,0.47759
879.863,-112.39866
880.028,-13.47621
880.193,-40.63628
880.358,-64.05872
880.523,0.22841
880.688,-60.81945
880.854,-74.27489
881.019,14.68056
881.184,21.1591
881.349,-9.73859
881.514,-4.50591
881.679,-85.23859
881.844,0.72676
882.009,-103.42836
882.174,38.103
882.339,57.28947
882.504,72.48914
882.669,51.55845
882.834,-33.65938
882.999,-129.8409
883.163,-35.90195
883.328,56.79112
883.493,-53.59337
883.658,58.78452
883.823,-46.11813
883.988,18.41818
884.152,78.46934
884.317,14.68056
884.482,29.63105
884.646,-34.90525
884.811,76.97429
884.976,-69.04222
885.14,-87.48117
885.305,-60.57027
885.47,5.46108
885.634,-116.88381
885.799,-53.59337
885.963,139.76637
886.128,-31.91516
886.292,-152.01747
886.457,-18.70888
886.621,-115.63793
886.786,52.0568
886.95,-134.32605
887.115,10.44458
887.279,-97.19899
887.444,-65.05542
887.608,80.46274
887.772,-80.00592
887.937,122.07495
888.101,147.24162
888.265,58.53534
888.43,-58.3277
888.594,-27.43001
888.758,98.90168
888.922,-9.98776
889.087,40.0964
889.251,7.95283
889.415,-20.95146
889.579,-34.65608
889.743,-87.97951
889.907,-35.65278
890.071,-16.96466
890.236,-21.94816
890.4,-129.8409
890.564,-16.96466
890.728,-0.51911
890.892,10.69376
891.056,-48.85905
891.22,-74.02572
891.384,-9.73859
891.548,-24.19073
891.711,73.23666
891.875,94.66571
892.039,-120.62143
892.203,60.52874
892.367,25.89343
892.531,-43.87555
892.695,-92.96301
892.858,-48.60988
893.022,-5.00426
893.186,-77.76334
893.35,-111.40196
893.513,-78.51087
893.677,8.20201
893.841,-9.73859
894.004,181.87693
894.168,-33.41021
894.332,4.96273
894.495,-124.10988
894.659,59.78122
894.822,8.70036
894.986,50.31257
895.149,-137.31615
895.313,143.75317
895.476,-8.74189
895.64,-73.02902
895.803,-7.24684
895.967,60.77792
896.13,-64.3079
896.294,-8.49271
896.457,-8.49271
