195.513,-343.09311
195.729,-343.09311
195.945,-343.09311
196.161,-351.31589
196.378,-338.10962
196.594,-43.83402
196.81,-100.14756
197.026,51.3508
197.242,-45.57825
197.458,-4.21521
197.674,68.54387
197.89,-12.93633
198.106,126.60163
198.322,-43.83402
198.538,9.73859
198.754,-46.57495
198.97,40.88545
199.186,-4.96273
199.402,81.00262
199.618,-26.39178
199.834,74.02572
200.049,44.62308
200.265,-14.92973
200.481,64.05872
200.697,320.95807
200.913,26.18413
201.129,24.19073
201.345,-29.38188
201.56,82.49767
201.776,-42.33897
201.992,45.86895
202.208,62.81285
202.424,-82.70531
202.639,6.49931
202.855,75.76994
203.071,13.47621
203.287,73.27819
203.502,-19.41488
203.718,61.56697
203.934,39.3904
204.15,8.74189
204.365,-84.44954
204.581,73.27819
204.797,-82.45614
205.012,49.60658
205.228,-29.63105
205.444,-52.30597
205.659,-46.32577
205.875,65.05542
206.091,29.67258
206.306,88.97621
206.522,71.28479
206.737,-2.72016
206.953,56.83265
207.168,19.20723
207.384,88.97621
207.6,39.14123
207.815,102.93001
208.031,-25.64425
208.246,1.76499
208.462,20.45311
208.677,-21.1591
208.893,-14.43138
209.108,33.16103
209.323,-42.0898
209.539,-6.70696
209.754,81.00262
209.97,84.24189
210.185,33.90856
210.401,-83.20366
210.616,109.90691
210.831,40.88545
211.047,-17.91983
211.262,-22.90333
211.477,78.01252
211.693,-34.86373
211.908,45.86895
212.123,-33.61785
212.339,39.3904
212.554,-1.72346
212.769,60.07192
212.985,-7.20531
213.2,-43.83402
213.415,61.06862
213.63,-44.83072
213.846,-46.32577
214.061,-60.03039
214.276,80.25509
214.491,-63.51884
214.706,-22.90333
214.922,-54.29937
215.137,23.44321
215.352,-36.35878
215.567,-7.70366
215.782,57.58017
215.997,-14.43138
216.212,-28.88353
216.428,-33.61785
216.643,-19.16571
216.858,-66.01059
217.073,56.08512
217.288,-15.42808
217.503,4.75509
217.718,-103.63601
217.933,47.364
218.148,31.66598
218.363,-49.31587
218.578,143.29635
218.793,-49.56505
219.008,-68.00399
219.223,5.50261
219.438,-96.16076
219.653,-47.0733
219.868,18.45971
220.083,-20.1624
220.298,19.45641
220.512,-1.47429
220.727,-69.99739
220.942,27.92836
221.157,56.58347
221.372,-74.73171
221.587,27.92836
221.802,51.10163
222.016,21.44981
222.231,31.16763
222.446,50.3541
222.661,54.09172
222.876,60.07192
223.09,2.26334
223.305,-1.97263
223.52,8.74189
223.735,35.90195
223.949,88.22869
224.164,26.93166
224.379,13.22704
224.594,111.90031
224.808,-40.84392
225.023,15.46961
225.238,-20.66075
225.452,166.71879
225.667,31.16763
225.882,53.84255
226.096,131.08678
226.311,4.75509
226.525,-49.56505
226.74,36.64948
226.955,102.18249
227.169,31.91516
227.384,-32.87033
227.598,-112.85548
227.813,-27.88683
228.027,26.93166
228.242,34.65608
228.456,-81.21026
228.671,-9.69706
228.885,41.3838
229.1,93.21219
229.314,0.02076
229.529,-64.51554
229.743,13.47621
229.958,56.58347
230.172,-55.79442
230.386,56.83265
230.601,119.62473
230.815,13.47621
231.03,79.00922
231.244,4.50591
231.458,49.85575
231.673,-16.42478
231.887,-47.32247
232.101,95.70394
232.316,-59.28287
232.53,106.41846
232.744,-136.27792
232.958,64.55707
233.173,-5.71026
233.387,-51.80762
233.601,-67.25647
233.815,171.20394
234.03,27.43001
234.244,-11.93963
234.458,-81.95779
234.672,69.78974
234.886,84.74024
235.101,76.51747
235.315,-27.38848
235.529,38.14453
235.743,65.80295
235.957,-79.96439
236.171,-0.72676
236.385,76.76664
236.599,196.61978
236.814,18.70888
237.028,-66.50894
237.242,94.20889
237.456,-8.45118
237.67,-5.46108
237.884,44.62308
238.098,-34.86373
238.312,-86.69211
238.526,-69.99739
238.74,4.25674
238.954,-25.1459
239.168,127.8475
239.382,59.57357
239.596,43.62638
239.81,8.24354
240.024,33.65938
240.237,-34.86373
240.451,10.98446
240.665,-62.77132
240.879,-3.71686
241.093,-71.99079
241.307,-89.43304
241.521,54.59007
241.734,-10.94293
241.948,42.87885
242.162,-3.96603
242.376,69.2914
242.59,37.89535
242.803,115.88711
243.017,15.22044
243.231,-30.1294
243.445,-64.76472
243.658,-35.86043
243.872,-54.0502
244.086,86.98282
244.3,46.61648
244.513,-51.55845
244.727,-97.40663
244.941,33.41021
245.154,-73.73501
245.368,111.15278
245.582,124.10988
245.795,-40.34557
246.009,44.3739
246.222,121.86731
246.436,0.51911
246.65,-47.82082
246.863,128.59503
247.077,-37.60465
247.29,3.75839
247.504,-7.45448
247.717,47.86235
247.931,53.84255
248.144,41.88215
248.358,-30.87693
248.571,178.18084
248.785,-48.31917
248.998,22.94486
249.212,53.59337
249.425,-15.67726
249.639,119.62473
249.852,-18.91653
250.065,-108.12116
250.279,164.72539
250.492,151.26995
250.706,-91.92478
250.919,-35.86043
251.132,36.64948
251.346,-41.59145
251.559,14.97126
251.772,139.55873
251.986,71.28479
252.199,28.67588
252.412,7.99436
252.625,9.98776
252.839,-29.63105
253.052,-38.60135
253.265,-93.66901
253.478,4.25674
253.692,-46.0766
253.905,28.67588
254.118,29.42341
254.331,-6.70696
254.544,-69.24987
254.758,18.45971
254.971,4.50591
255.184,-39.34887
255.397,141.05377
255.61,16.96466
255.823,-60.52874
256.036,8.74189
256.249,95.45476
256.462,86.23529
256.676,-22.40498
256.889,12.97786
257.102,99.93991
257.315,-60.03039
257.528,9.24024
257.741,-91.17726
257.954,-30.1294
258.167,-27.1393
258.38,60.57027
258.593,36.4003
258.806,-73.23666
259.019,65.05542
259.231,18.45971
259.444,118.37886
259.657,-19.41488
259.87,91.46796
260.083,62.56367
260.296,237.48447
260.509,-30.37858
260.722,180.92176
260.935,-20.41158
261.147,33.41021
261.36,-5.95943
261.573,118.62803
261.786,-48.31917
261.999,42.87885
262.211,2.01416
262.424,69.2914
262.637,-144.74987
262.85,-32.1228
263.062,-137.02545
263.275,57.82935
263.488,-31.87363
263.7,33.16103
263.913,-98.40333
264.126,38.89205
264.338,117.13298
264.551,-68.25317
264.764,31.66598
264.976,113.64453
265.189,17.96136
265.402,-17.91983
265.614,-9.94623
265.827,59.57357
266.039,-146.74327
266.252,29.67258
266.465,5.75179
266.677,42.13133
266.89,20.70228
267.102,-31.1261
267.315,61.3178
267.527,126.60163
267.74,-43.0865
267.952,-31.37528
268.165,-38.35217
268.377,-40.34557
268.589,-5.95943
268.802,68.54387
269.014,99.69074
269.227,79.25839
269.439,115.63793
269.651,-63.51884
269.864,-1.72346
270.076,59.82275
270.289,50.60328
270.501,-38.35217
270.713,83.74354
270.926,258.16599
271.138,12.23034
271.35,33.65938
271.562,-3.21851
271.775,36.64948
271.987,70.78644
272.199,-48.31917
272.411,-9.19871
272.624,120.87061
272.836,-58.53534
273.048,-46.82412
273.26,-85.94459
273.472,41.3838
273.685,6.74849
273.897,7.74519
274.109,35.4036
274.321,-73.23666
274.533,104.17589
274.745,-15.17891
274.957,-3.71686
275.17,-27.88683
275.382,-57.04029
275.594,-24.39838
275.806,-89.18386
276.018,-102.14096
276.23,13.47621
276.442,-32.1228
276.654,-21.90663
276.866,74.77324
277.078,173.69569
277.29,-36.85713
277.502,-29.88023
277.714,-17.42148
277.926,-11.19211
278.138,-50.81092
278.35,41.88215
278.562,-88.43634
278.773,-49.0667
278.985,-22.90333
279.197,11.48281
279.409,4.50591
279.621,-12.43798
279.833,44.62308
280.045,-22.65415
280.256,-27.88683
280.468,-66.50894
280.68,-3.46768
280.892,22.69568
281.104,-2.96933
281.315,3.75839
281.527,-19.66405
281.739,-51.0601
281.951,45.61978
282.162,53.09502
282.374,108.66103
282.586,21.94816
282.797,-12.68716
283.009,-51.0601
283.221,67.04882
283.432,65.3046
283.644,-73.98419
283.856,61.81615
284.067,-40.84392
284.279,112.89701
284.49,26.93166
284.702,-90.18056
284.914,144.29305
285.125,55.08842
285.337,-133.537
285.548,-30.87693
285.76,45.86895
285.971,62.3145
286.183,107.91351
286.394,-52.30597
286.606,-12.68716
286.817,15.71879
287.029,77.76334
287.24,-97.15746
287.452,90.96961
287.663,156.50262
287.874,2.01416
288.086,38.89205
288.297,79.50757
288.509,-6.95613
288.72,-56.54194
288.931,192.13464
289.143,54.59007
289.354,-11.19211
289.565,-46.57495
289.777,171.95147
289.988,94.95641
290.199,5.50261
290.411,7.99436
290.622,-26.64095
290.833,-43.83402
291.044,-82.45614
291.256,-30.37858
291.467,45.61978
291.678,-34.61455
291.889,12.47951
292.1,23.19403
292.312,-0.22841
292.523,109.90691
292.734,180.92176
292.945,-72.73831
293.156,-21.1591
293.367,33.90856
293.578,26.68248
293.789,3.50921
294.001,70.53727
294.212,0.76829
294.423,-130.04855
294.634,20.20393
294.845,119.62473
295.056,-69.99739
295.267,-22.65415
295.478,90.47126
295.689,-3.46768
295.9,677.27822
296.111,-70.74492
296.322,-34.61455
296.533,-49.56505
296.744,-17.67066
296.954,36.15113
297.165,-69.24987
297.376,47.364
297.587,-30.87693
297.798,34.15773
298.009,31.66598
298.22,45.86895
298.431,59.82275
298.641,-60.77792
298.852,-1.22511
299.063,10.23694
299.274,49.10823
299.485,-37.85382
299.695,87.73034
299.906,-71.49244
300.117,-77.72181
300.328,18.45971
300.538,55.3376
300.749,-82.20696
300.96,3.50921
301.171,41.3838
301.381,-50.31257
301.592,30.17093
301.803,-11.93963
302.013,-78.71851
302.224,6.49931
302.434,47.86235
302.645,-53.80102
302.856,23.19403
303.066,-8.94953
303.277,58.3277
303.487,-42.83732
303.698,-60.77792
303.908,-77.22346
304.119,19.95476
304.33,-35.86043
304.54,-25.1459
304.751,-96.40993
304.961,-13.18551
305.171,-2.96933
305.382,-138.76967
305.592,59.07522
305.803,8.74189
306.013,-42.0898
306.224,63.3112
306.434,182.16764
306.644,22.69568
306.855,-20.41158
307.065,-28.63435
307.276,69.54057
307.486,22.94486
307.696,19.70558
307.907,58.57687
308.117,-108.12116
308.327,114.39206
308.537,18.70888
308.748,-6.70696
308.958,-25.1459
309.168,-2.96933
309.379,54.83925
309.589,-22.90333
309.799,-53.30267
310.009,-27.1393
310.219,109.40856
310.43,7.49601
310.64,19.70558
310.85,-9.94623
311.06,70.03892
311.27,33.16103
311.48,60.07192
311.69,65.05542
311.901,4.75509
312.111,39.14123
312.321,-21.1591
312.531,35.15443
312.741,-67.50564
312.951,90.96961
313.161,61.56697
313.371,12.97786
313.581,60.07192
313.791,-10.44458
314.001,-34.36538
314.211,31.41681
314.421,70.03892
314.631,39.88875
314.841,1.01746
315.051,33.16103
315.261,41.63298
315.47,-18.91653
315.68,40.88545
315.89,-49.0667
316.1,-100.64591
316.31,75.52077
316.52,-6.20861
316.73,-5.71026
316.939,74.52407
317.149,87.97951
317.359,-2.72016
317.569,22.19733
317.779,94.95641
317.988,28.42671
318.198,-42.58815
318.408,118.12968
318.618,-39.0997
318.827,64.3079
319.037,-40.84392
319.247,92.96301
319.456,93.46136
319.666,56.08512
319.876,27.92836
320.085,96.45146
320.295,28.42671
320.505,71.03562
320.714,38.14453
320.924,146.03727
321.133,16.71548
321.343,41.3838
321.553,-5.71026
321.762,-38.103
321.972,-69.49904
322.181,56.08512
322.391,27.18083
322.6,28.42671
322.81,-42.58815
323.019,-11.44128
323.229,22.94486
323.438,137.06698
323.648,128.34585
323.857,-6.70696
324.066,-34.36538
324.276,-100.14756
324.485,21.44981
324.695,-49.0667
324.904,-19.41488
325.113,115.13958
325.323,41.13463
325.532,49.10823
325.741,-4.71356
325.951,58.82605
326.16,79.25839
326.369,53.59337
326.579,82.74684
326.788,-37.60465
326.997,-20.1624
327.206,79.25839
327.416,31.66598
327.625,-43.33567
327.834,-71.99079
328.043,-16.92313
328.252,-102.63931
328.462,-3.46768
328.671,-30.1294
328.88,156.50262
329.089,-10.44458
329.298,-82.20696
329.507,-67.50564
329.716,61.06862
329.926,1.76499
330.135,-7.45448
330.344,-47.82082
330.553,-48.31917
330.762,95.70394
330.971,16.21714
331.18,77.51417
331.389,-68.25317
331.598,123.8607
331.807,-18.66736
332.016,49.60658
332.225,-79.21686
332.434,115.13958
332.643,69.78974
332.852,15.22044
333.06,1.51581
333.269,-1.97263
333.478,-104.38353
333.687,-44.58155
333.896,-49.81422
334.105,7.99436
334.314,44.87225
334.523,-20.90993
334.731,-4.96273
334.94,104.17589
335.149,-31.87363
335.358,-32.62115
335.567,20.45311
335.775,136.07028
335.984,-65.51224
336.193,16.71548
336.402,76.51747
336.61,-40.84392
336.819,3.50921
337.028,-48.31917
337.236,23.44321
337.445,-4.46438
337.654,33.65938
337.862,-48.56835
338.071,27.67918
338.279,27.92836
338.488,-10.69376
338.697,22.44651
338.905,44.3739
339.114,91.46796
339.322,21.69898
339.531,-46.0766
339.739,-77.47264
339.948,119.12638
340.157,-39.59805
340.365,57.08182
340.574,0.26994
340.782,-26.89013
340.99,-67.25647
341.199,-46.82412
341.407,-57.78782
341.616,-5.46108
341.824,-11.19211
342.033,17.71218
342.241,5.50261
342.449,47.86235
342.658,42.87885
342.866,51.3508
343.074,9.73859
343.283,53.84255
343.491,102.43166
343.699,-17.67066
343.908,137.06698
344.116,14.47291
344.324,65.55377
344.532,176.93496
344.741,38.64288
344.949,-3.21851
345.157,-57.78782
345.365,-47.32247
345.574,-45.82742
345.782,64.80625
345.99,42.13133
346.198,-69.49904
346.406,102.68084
346.614,-5.46108
346.823,46.61648
347.031,5.50261
347.239,18.95806
347.447,-1.72346
347.655,-112.6063
347.863,69.54057
348.071,86.73364
348.279,-15.17891
348.487,0.76829
348.695,-12.43798
348.903,-10.69376
349.111,-8.70036
349.319,26.93166
349.527,-49.56505
349.735,37.64618
349.943,110.15608
350.151,-20.90993
350.359,70.03892
350.567,45.86895
350.775,18.45971
350.983,45.12143
351.19,23.44321
351.398,46.61648
351.606,-43.58485
351.814,-41.59145
352.022,57.08182
352.23,116.38546
352.437,33.90856
352.645,49.3574
352.853,-104.13436
353.061,101.43496
353.269,58.07852
353.476,4.75509
353.684,49.10823
353.892,-2.22181
354.099,25.68578
354.307,183.66269
354.515,94.45806
354.722,-17.91983
354.93,11.23364
355.138,-7.70366
355.345,24.68908
355.553,-84.94789
355.761,62.06532
355.968,-80.21356
356.176,-42.58815
356.383,27.43001
356.591,69.54057
356.799,18.21053
357.006,-33.86703
357.214,25.43661
357.421,107.66433
357.629,-18.91653
357.836,-81.70861
358.044,-15.42808
358.251,64.55707
358.458,-100.89508
358.666,-109.36703
358.873,-70.99409
359.081,32.16433
359.288,4.50591
359.496,-49.56505
359.703,-3.21851
359.91,-40.84392
360.118,16.71548
360.325,-74.48254
360.532,61.81615
360.74,56.58347
360.947,55.3376
361.154,-4.96273
361.362,-44.58155
361.569,10.23694
361.776,-91.17726
361.983,124.60823
362.191,-28.63435
362.398,-83.45284
362.605,-47.0733
362.812,-20.90993
363.019,11.98116
363.227,-48.81752
363.434,-77.97099
363.641,101.93331
363.848,68.79305
364.055,93.95971
364.262,51.59998
364.469,-89.43304
364.676,50.10493
364.883,-64.01719
365.091,-69.00069
365.298,21.69898
365.505,69.2914
365.712,191.13794
365.919,-54.0502
366.126,76.26829
366.333,790.15447
366.54,42.3805
366.747,-8.70036
366.954,85.73694
367.16,15.46961
367.367,6.49931
367.574,202.35081
367.781,6.00096
367.988,11.98116
368.195,-14.92973
368.402,29.67258
368.609,-26.64095
368.816,-66.50894
369.022,-29.88023
369.229,-189.60136
369.436,38.64288
369.643,-109.36703
369.85,-62.52214
370.056,111.15278
370.263,-5.71026
370.47,138.31285
370.677,-35.61125
370.883,11.23364
371.09,6.49931
371.297,28.92506
371.503,-9.44788
371.71,8.24354
371.917,-102.14096
372.123,161.73529
372.33,-42.58815
372.537,-73.48584
372.743,-85.94459
372.95,80.25509
373.156,30.91846
373.363,61.3178
373.57,-40.84392
373.776,200.10823
373.983,-0.22841
374.189,-104.13436
374.396,19.20723
374.602,7.49601
374.809,93.95971
375.015,20.70228
375.222,-112.6063
375.428,-18.66736
375.634,-0.47759
375.841,61.81615
376.047,-107.62281
376.254,60.81945
376.46,137.8145
376.666,77.76334
376.873,1.26664
377.079,2.51251
377.286,-22.1558
377.492,23.94156
377.698,69.2914
377.904,97.69734
378.111,145.28975
378.317,-75.72841
378.523,-124.06835
378.73,-28.136
378.936,-37.60465
379.142,6.49931
379.348,0.02076
379.554,88.97621
379.761,-15.17891
379.967,60.07192
380.173,1.01746
380.379,-38.103
380.585,-11.44128
380.791,95.45476
380.997,-36.85713
381.204,-103.88518
381.41,100.18909
381.616,33.90856
381.822,-43.83402
382.028,-8.94953
382.234,-29.1327
382.44,-74.73171
382.646,11.98116
382.852,-74.98089
383.058,-51.0601
383.264,54.59007
383.47,-108.6195
383.676,-41.59145
383.882,-115.5964
384.088,32.66268
384.294,-77.72181
384.5,-36.85713
384.705,-70.74492
384.911,-3.21851
385.117,-35.36208
385.323,102.18249
385.529,12.97786
385.735,8.99106
385.941,7.99436
386.146,87.48117
386.352,28.42671
386.558,47.11483
386.764,3.01086
386.969,20.70228
387.175,-36.60795
387.381,87.97951
387.587,-48.81752
387.792,-8.45118
387.998,63.80955
388.204,-41.59145
388.409,-4.96273
388.615,9.48941
388.821,148.52902
389.026,-18.66736
389.232,-80.71191
389.438,38.89205
389.643,-26.64095
389.849,21.69898
390.054,-30.87693
390.26,-54.54855
390.465,1.26664
390.671,-44.83072
390.876,-79.96439
391.082,84.24189
391.287,-94.66571
391.493,-25.89343
391.698,55.08842
391.904,121.11978
392.109,207.83266
392.315,-121.07825
392.52,20.45311
392.726,-50.31257
392.931,37.64618
393.136,26.68248
393.342,-70.24657
393.547,-12.93633
393.752,110.40526
393.958,27.67918
394.163,-21.1591
394.368,-85.69541
394.574,50.60328
394.779,-90.42974
394.984,165.72209
395.19,-52.55515
395.395,10.73529
395.6,87.73034
395.805,96.94981
396.01,-57.28947
396.216,217.79965
396.421,-0.22841
396.626,-8.70036
396.831,79.25839
397.036,-82.45614
397.241,-114.35053
397.447,59.3244
397.652,3.50921
397.857,25.18743
398.062,29.92176
398.267,-57.04029
398.472,-56.29277
398.677,48.85905
398.882,39.88875
399.087,11.73199
399.292,-56.54194
399.497,206.83596
399.702,-3.21851
399.907,50.60328
400.112,82.74684
400.317,-21.65745
400.522,27.43001
400.727,1.26664
400.932,85.98612
401.137,-69.74822
401.341,107.91351
401.546,-6.70696
401.751,73.52737
401.956,35.15443
402.161,41.3838
402.366,21.20063
402.57,54.59007
402.775,34.90525
402.98,111.15278
403.185,101.43496
403.39,184.90856
403.594,82.24849
403.799,72.28149
404.004,61.56697
404.208,-21.1591
404.413,15.22044
404.618,-5.21191
404.822,51.59998
405.027,-17.42148
405.232,96.20229
405.436,41.13463
405.641,40.13793
405.846,-5.71026
406.05,177.68249
406.255,85.23859
406.459,146.7848
406.664,150.52242
406.868,26.68248
407.073,387.98613
407.277,243.96302
407.482,158.49602
407.686,199.60988
407.891,70.03892
408.095,161.23694
408.3,173.44652
408.504,170.95477
408.709,146.03727
408.913,244.2122
409.118,123.8607
409.322,279.34586
409.526,299.03068
409.731,394.71385
409.935,243.96302
410.139,284.57853
410.344,389.23201
410.548,326.6891
410.752,420.1297
410.957,359.08184
411.161,349.86237
411.365,308.00098
411.569,526.02904
411.774,514.31782
411.978,477.43993
412.182,494.633
412.386,477.68911
412.59,533.25511
412.795,503.85247
412.999,547.70726
413.203,591.0637
413.407,729.85413
413.611,632.92509
413.815,694.72047
414.019,747.79473
414.223,813.32774
414.427,699.45479
414.632,855.4383
414.836,741.81453
415.04,796.63302
415.244,810.08846
415.448,917.48286
415.652,884.09342
415.856,971.55382
416.06,1007.43501
416.264,1028.3657
416.467,1197.80465
416.671,1132.02247
416.875,1299.21885
417.079,1259.10169
417.283,1301.7106
417.487,1279.28486
417.691,1427.54394
417.895,1434.77001
418.099,1372.2271
418.302,1430.53404
418.506,1527.71226
418.71,1657.78157
418.914,1622.14956
419.118,1657.78157
419.321,1718.82943
419.525,1861.60667
419.729,1971.74199
419.933,2046.74364
420.136,2044.25189
420.34,2169.58688
420.544,2256.54893
420.747,2329.30801
420.951,2372.91362
421.155,2387.86412
421.358,2486.78657
421.562,2614.61331
421.766,2673.16941
421.969,2809.96645
422.173,2860.29979
422.376,2889.70243
422.58,3046.93181
422.783,3072.59683
422.987,3209.39386
423.19,3386.05889
423.394,3439.6315
423.597,3520.61335
423.801,3473.02094
424.004,3861.23548
424.208,3911.31964
424.411,3856.50116
424.615,4045.62493
424.818,4120.12823
425.022,4447.04574
425.225,4371.29656
425.428,4519.80482
425.632,4748.79658
425.835,4869.14807
426.038,4872.63652
426.242,5051.29495
426.445,5079.20254
426.648,5472.64975
426.852,5475.39068
427.055,5773.90224
427.258,5848.9039
427.461,5989.68773
427.665,6220.42372
427.868,6445.1795
428.071,6538.37093
428.274,6795.51946
428.477,6877.49801
428.681,7227.33961
428.884,7020.77359
429.087,7165.54423
429.29,7433.1581
429.493,7964.39905
429.696,8154.02118
429.899,8375.03934
430.102,8452.03439
430.306,8737.83804
430.509,8960.10207
430.712,9059.2737
430.915,9235.44037
431.118,9661.77868
431.321,9845.17143
431.524,10186.54108
431.727,10520.43549
431.93,10882.23748
432.133,11123.43882
432.336,11444.6253
432.538,11721.957
432.741,12205.35636
432.944,12420.39433
433.147,13019.41086
433.35,13465.68316
433.553,13512.52805
433.756,13959.04952
433.959,14378.41093
434.161,14927.09412
434.364,15361.40603
434.567,15846.05127
434.77,16057.84996
434.973,16480.69981
435.175,17232.46058
435.378,17629.64541
435.581,18041.53157
435.784,18668.95405
435.986,18741.46395
436.189,19464.32042
436.392,20140.08283
436.594,20415.17196
436.797,21025.40136
437,21259.87497
437.202,22159.89482
437.405,22384.6506
437.607,23027.7711
437.81,23478.0302
438.013,24227.29921
438.215,24535.27943
438.418,25024.65899
438.62,25488.12436
438.823,26218.45608
439.025,26445.20526
439.228,26727.27129
439.43,27290.90498
439.633,27173.79276
439.835,27947.23174
440.038,28540.76643
440.24,29016.44137
440.443,28842.26809
440.645,29292.27802
440.847,29624.17902
441.05,29229.73511
441.252,30236.40183
441.455,30155.41997
441.657,30389.64441
441.859,30736.24673
442.062,30171.61634
442.264,30327.84902
442.466,30790.56687
442.668,30467.38699
442.871,30472.12131
443.073,30409.08005
443.275,30386.40513
443.477,29995.20049
443.68,29856.65923
443.882,29720.85889
444.084,29170.1823
444.286,29172.67405
444.488,28994.76315
444.69,28238.51724
444.893,28558.20867
445.095,27652.70698
445.297,27023.04193
445.499,26970.21684
445.701,26186.81086
445.903,26124.7663
446.105,26089.13429
446.307,25066.2712
446.509,25087.45107
446.711,24628.72002
446.913,23959.93451
447.115,23405.52029
447.317,23182.75791
447.519,22393.37173
447.721,21874.09117
447.923,21672.50865
448.125,21168.42777
448.327,20897.32545
448.529,20378.04489
448.731,19678.86004
448.933,19470.79897
449.134,18975.19004
449.336,18750.68343
449.538,17928.40616
449.74,17631.38964
449.942,17140.7642
450.144,17008.70149
450.345,16868.66518
450.547,16349.6338
450.749,16506.86318
450.951,15877.94566
451.152,15169.79051
451.354,15084.82185
451.556,14747.93735
451.757,14715.79378
451.959,14232.39442
452.161,14065.69639
452.362,13932.3878
452.564,13612.69637
452.766,13160.19469
452.967,13009.44386
453.169,12775.96695
453.37,12705.45045
453.572,12515.32998
453.774,12349.62865
453.975,12126.11873
454.177,11923.04117
454.378,11775.03126
454.58,11619.5461
454.781,11379.34147
454.983,11112.22594
455.184,11111.47842
455.386,11185.73255
455.587,10830.65827
455.788,10738.46355
455.99,10526.66486
456.191,10363.45528
456.393,10357.72426
456.594,10117.27045
456.795,10059.46187
456.997,9984.95856
457.198,9727.56086
457.399,9328.38262
457.601,9406.1252
457.802,9294.744
458.003,9236.93542
458.205,8945.8991
458.406,8875.63177
458.607,8749.54926
458.808,8643.15156
459.009,8396.71756
459.211,8366.06904
459.412,8532.01954
459.613,8112.15979
459.814,7988.07067
460.015,7834.82809
460.217,7710.98815
460.418,7731.42049
460.619,7448.85612
460.82,7207.40562
461.021,7251.50958
461.222,7127.17129
461.423,6899.92375
461.624,6654.23727
461.825,6810.22078
462.026,6515.44684
462.227,6419.76366
462.428,6379.89567
462.629,6083.37751
462.83,6190.27355
463.031,5984.95341
463.232,5728.55241
463.433,5870.33294
463.634,5649.31478
463.835,5480.125
464.036,5484.61015
464.236,5325.38737
464.437,5137.2603
464.638,5122.3098
464.839,5042.57382
465.04,5027.8725
465.241,4958.10352
465.441,4933.4352
465.642,4813.08371
465.843,4725.12496
466.044,4563.41043
466.244,4504.85432
466.445,4451.28171
466.646,4548.95829
466.847,4402.44343
467.047,4233.25365
467.248,4329.186
467.449,4217.05728
467.649,4332.42527
467.85,4115.64308
468.05,4139.81305
468.251,4061.57212
468.452,4009.49456
468.652,4019.95991
468.853,4000.52427
469.053,4107.17114
469.254,3848.27838
469.454,3873.69423
469.655,3911.56882
469.855,3933.74539
470.056,3771.78168
470.256,3859.74043
470.457,3766.54901
470.657,3831.33449
470.858,3772.52921
471.058,3928.26354
471.259,3556.74372
471.459,3513.88563
471.659,3594.36913
471.86,3629.75197
472.06,3554.99949
472.26,3703.75692
472.461,3700.51765
472.661,3650.43349
472.861,3650.68266
473.062,3621.5292
473.262,3771.53251
473.462,3588.38893
473.662,3800.4368
473.863,3583.65461
474.063,3503.42028
474.263,3714.72062
474.463,3569.20246
474.663,3637.22722
474.864,3694.78663
475.064,3551.26187
475.264,3520.115
475.464,3719.20577
475.664,3621.28002
475.864,3698.0259
476.064,3440.37902
476.264,3711.73052
476.464,3514.38398
476.664,3635.48299
476.864,3595.36583
477.064,3492.95493
477.265,3531.82622
477.464,3604.5853
477.664,3589.88398
477.864,3605.33283
478.064,3529.58365
478.264,3691.54735
478.464,3632.49289
478.664,3560.97969
478.864,3569.94999
479.064,3631.49619
479.264,3512.1414
479.464,3602.34273
479.663,3698.52425
479.863,3607.82458
480.063,3547.77342
480.263,3594.86748
480.463,3738.14307
480.663,3544.78332
480.862,3635.98134
481.062,3662.39389
481.262,3715.21897
481.461,3517.62325
481.661,3547.02589
481.861,3707.74372
482.061,3692.29488
482.26,3768.04406
482.46,3685.31798
482.66,3855.50446
482.859,3951.93516
483.059,3781.25033
483.258,3877.9302
483.458,3941.71898
483.658,3907.33284
483.857,4026.93681
484.057,3902.59852
484.256,4054.8444
484.456,4218.05398
484.655,4136.07543
484.855,4187.15629
485.054,4142.55398
485.254,4225.52923
485.453,4274.61669
485.653,4364.81801
485.852,4418.88897
486.051,4407.92528
486.251,4497.37908
486.45,4629.19261
486.649,4864.9121
486.849,4602.5309
487.048,4678.52925
487.248,4880.61012
487.447,5016.41046
487.646,5061.51112
487.845,5136.01442
488.045,5166.66294
488.244,5294.73885
488.443,5371.73391
488.642,5352.54744
488.842,5534.69431
489.041,5532.20256
489.24,5642.83623
489.439,5607.45339
489.638,5950.31809
489.838,6061.94846
490.037,6246.08874
490.236,6286.45507
490.435,6318.59864
490.634,6514.20096
490.833,6441.44188
491.032,6662.70922
491.231,6747.4287
491.43,7037.46831
491.629,7142.86931
491.828,7275.43037
492.027,7293.86932
492.226,7540.05415
492.425,7528.09375
492.624,7784.9931
492.823,7951.44196
493.022,7907.08882
493.221,8222.29511
493.42,8325.7027
493.619,8525.29182
493.818,8621.22417
494.017,8889.33639
494.216,8916.24729
494.414,9274.31166
494.613,9232.94862
494.812,9453.46844
495.011,9656.29683
495.21,9718.59056
495.408,9798.57571
495.607,10337.04274
495.806,10330.56419
496.005,10728.49655
496.203,10890.95861
496.402,10837.13682
496.601,11077.59063
496.799,11205.16819
496.998,11627.5197
497.197,11591.14016
497.395,11804.93225
497.594,12042.64513
497.793,12116.15174
497.991,12710.9323
498.19,12800.13692
498.388,13067.00327
498.587,13075.72439
498.785,13403.6386
498.984,13827.73433
499.182,13784.12872
499.381,14187.04458
499.579,14135.2162
499.778,14109.80035
499.976,14353.74261
500.175,14719.53141
500.373,15314.56114
500.572,15058.65849
500.77,15580.43079
500.968,15812.66182
501.167,15624.78393
501.365,16158.26745
501.564,16178.45062
501.762,16772.98201
501.96,16653.12886
502.159,17074.98202
502.357,17489.35993
502.555,17538.19822
502.753,17669.26423
502.952,17966.28075
503.15,18147.18174
503.348,18392.1207
503.546,18380.65865
503.745,18727.75933
503.943,18953.01347
504.141,19548.79073
504.339,19466.563
504.537,19849.79404
504.735,19757.10097
504.933,20173.2231
505.132,20018.23629
505.33,20200.63234
505.528,20830.79574
505.726,21003.47397
505.924,21066.51522
506.122,21379.47894
506.32,21394.92778
506.518,21957.06642
506.716,21828.24299
506.914,21841.94761
507.112,22199.51363
507.31,22598.44269
507.508,22685.65392
507.706,22983.41796
507.904,23293.39157
508.101,23395.30412
508.299,23687.08796
508.497,23702.78598
508.695,23944.73484
508.893,23959.18699
509.091,24286.85202
509.289,24487.18866
509.486,24118.40977
509.684,24635.69692
509.882,24974.32565
510.08,24800.15238
510.277,25309.21676
510.475,25414.1194
510.673,25527.494
510.871,25526.74647
511.068,25604.23988
511.266,25852.66728
511.464,25812.05177
511.661,25959.06498
511.859,26351.01714
512.056,26549.36039
512.254,26733.50066
512.452,26296.69701
512.649,26775.61122
512.847,26796.29274
513.044,27439.16406
513.242,27379.61125
513.439,27645.23173
513.637,27516.90664
513.834,28086.02218
514.032,28149.06344
514.229,27497.96934
514.427,28112.18555
514.624,28244.99578
514.822,28302.30602
515.019,28709.45785
515.217,28463.77137
515.414,28411.44464
515.611,28629.72188
515.809,28714.44135
516.006,28819.84235
516.203,29374.00739
516.401,29112.62289
516.598,29091.44302
516.795,29424.34073
516.993,29050.57833
517.19,29417.36383
517.387,29230.73181
517.584,29779.66418
517.781,29816.29289
517.979,29883.8193
518.176,29826.75824
518.373,29748.26814
518.57,29691.45625
518.767,29538.21367
518.964,30159.65595
519.162,29996.94472
519.359,30433.74837
519.556,29761.72358
519.753,30584.99755
519.95,30314.39358
520.147,30265.55529
520.344,30543.88369
520.541,30428.26652
520.738,30286.48599
520.935,30433.49919
521.132,30283.49589
521.329,30544.38204
521.526,30724.53551
521.723,30555.84409
521.92,30460.90844
522.117,30925.61968
522.314,30844.38865
522.511,30810.99921
522.707,30172.61304
522.904,30405.09325
523.101,31039.99097
523.298,30581.75828
523.495,30701.11307
523.692,30344.79292
523.888,30773.12462
524.085,30455.92494
524.282,30544.88039
524.479,30555.09656
524.675,30851.8639
524.872,30479.09821
525.069,30436.48929
525.266,30849.37215
525.462,30590.23023
525.659,30290.22361
525.856,30272.53219
526.052,30401.85398
526.249,30344.54374
526.445,29938.38861
526.642,30081.66419
526.839,30619.13452
527.035,29958.07343
527.232,30730.26654
527.428,29866.62623
527.625,30271.03714
527.821,30561.07676
528.018,29958.57178
528.214,30301.93483
528.411,29871.8589
528.607,29733.06847
528.804,29718.11797
529,29890.04867
529.196,29737.80279
529.393,29583.81268
529.589,29729.33084
529.786,29573.34734
529.982,29482.89684
530.178,29119.10144
530.375,29778.66748
530.571,29399.92159
530.767,29293.52389
530.963,29274.08825
531.16,29279.32092
531.356,29080.23015
531.552,29162.95623
531.748,28865.19219
531.945,28940.94136
532.141,28772.74829
532.337,28560.45125
532.533,28653.89184
532.729,28823.3308
532.926,28484.20372
533.122,28676.06841
533.318,28669.58987
533.514,28489.68557
533.71,28083.03208
533.906,28385.0321
534.102,28140.09314
534.298,28168.74826
534.494,27811.43141
534.69,28113.6806
534.886,27588.66902
535.082,27799.72018
535.278,28011.2697
535.474,27795.23504
535.67,27674.13602
535.866,27328.77957
536.062,27401.53865
536.258,27194.97263
536.454,27471.80598
536.65,26794.29934
536.846,27180.76966
537.041,26929.35215
537.237,27056.18219
537.433,26954.26965
537.629,26477.34883
537.825,26383.40988
538.02,26808.50231
538.216,26706.83894
538.412,26484.32573
538.608,26372.94453
538.803,25933.39996
538.999,26335.06995
539.195,26055.99402
539.39,25742.78114
539.586,25772.68213
539.782,25902.75144
539.977,25886.05672
540.173,25395.92963
540.369,25076.2382
540.564,25534.96925
540.76,25473.42304
540.955,25002.23324
541.151,25385.96264
541.347,25297.25636
541.542,25099.90982
541.738,24795.9164
541.933,24865.43621
542.129,24648.15567
542.324,24967.8471
542.519,24542.25632
542.715,24039.42132
542.91,24619.74973
543.106,24623.23818
543.301,24159.02528
543.497,24163.75961
543.692,24460.0286
543.887,24169.98898
544.083,23633.26618
544.278,24020.98237
544.473,23963.42296
544.669,24002.54343
544.864,23560.5071
545.059,23623.79753
545.254,23588.91304
545.45,23362.91138
545.645,23610.34209
545.84,23303.1094
546.035,23163.07309
546.23,23201.6952
546.426,22992.38826
546.621,23023.03678
546.816,23051.19354
547.011,22636.06811
547.206,22691.38494
547.401,22406.32882
547.596,22684.15887
547.791,22681.66712
547.986,22550.35193
548.181,22292.45588
548.376,22351.51034
548.572,22272.02354
548.767,22143.2001
548.961,22013.87831
549.156,21881.8156
549.351,21966.78425
549.546,21814.53836
549.741,21765.4509
549.936,21583.30403
550.131,21470.42779
550.326,21372.50204
550.521,21330.64065
550.716,21626.41129
550.911,21462.70336
551.105,21458.21821
551.3,21367.02019
551.495,21081.7149
551.69,21118.84196
551.885,21283.54659
552.079,20971.57958
552.274,20713.18517
552.469,20737.10597
552.664,20628.71487
552.858,20616.25613
553.053,20461.26932
553.248,20720.41125
553.442,20569.16206
553.637,20549.22807
553.832,20351.88153
554.026,20080.03168
554.221,20092.49042
554.415,20139.83366
554.61,19968.40131
554.804,20333.94093
554.999,19919.8122
555.194,19899.8782
555.388,19851.53827
555.583,19490.48379
555.777,19938.99867
555.972,19777.78249
556.166,19347.45738
556.36,19366.1455
556.555,19309.33362
556.749,19162.07123
556.944,19435.91448
557.138,19202.43757
557.332,19034.99202
557.527,19198.2016
557.721,19032.50027
557.915,18849.10752
558.11,18867.54647
558.304,18935.32205
558.498,18832.16363
558.693,18624.35174
558.887,18557.32368
559.081,18430.49364
559.275,18504.74777
559.47,18345.27581
559.664,18370.44248
559.858,18228.1636
560.052,18149.42432
560.246,18074.92101
560.44,18167.11574
560.635,18008.39131
560.829,17777.9045
561.023,17904.98371
561.217,17972.75929
561.411,17722.33849
561.605,17638.36654
561.799,17389.19161
561.993,17491.85168
562.187,17548.16521
562.381,17295.75101
562.575,17292.51173
562.769,17194.33681
562.963,17037.35661
563.157,17262.85992
563.351,16996.99027
563.545,16771.23778
563.739,16592.57936
563.933,16850.22623
564.126,16711.4358
564.32,16753.29719
564.514,16732.36649
564.708,16472.97539
564.902,16395.48199
565.096,16465.25097
565.289,16213.08594
565.483,16100.20969
565.677,16272.1404
565.871,16171.22455
566.064,16022.21794
566.258,16084.76085
566.452,16204.61399
566.645,15675.61561
566.839,15670.88129
567.033,15733.17502
567.226,15689.07106
567.42,15535.08095
567.614,15520.87798
567.807,15488.98359
568.001,15165.05618
568.194,15314.31196
568.388,15389.81197
568.581,15111.48357
568.775,15173.27895
568.969,15060.65189
569.162,14703.58421
569.355,15022.52812
569.549,14841.8763
569.742,14749.68157
569.936,14698.35154
570.129,14532.15186
570.323,14349.50664
570.516,14399.5908
570.709,14399.09245
570.903,14322.09739
571.096,14300.17
571.289,14206.7294
571.483,13953.06932
571.676,14214.95217
571.869,13766.18812
572.063,13878.06767
572.256,13941.3581
572.449,13747.00165
572.642,13658.0462
572.836,13593.5099
573.029,13295.74586
573.222,13340.34817
573.415,13356.29536
573.608,13390.18316
573.802,13056.03957
573.995,13196.32506
574.188,13015.92241
574.381,13025.39106
574.574,12995.73924
574.767,12716.91249
574.96,12659.85144
575.153,12566.16166
575.346,12634.68477
575.539,12530.77882
575.732,12292.31841
575.925,12366.32337
576.118,12250.7062
576.311,12268.39762
576.504,12113.65999
576.697,11888.65503
576.89,11818.3877
577.083,11863.48836
577.276,11726.19297
577.469,11487.48339
577.661,11592.38603
577.854,11330.00483
578.047,11320.53619
578.24,11357.66325
578.433,11152.84146
578.626,11040.96191
578.818,11034.48337
579.011,11104.50152
579.204,10909.8959
579.397,10883.73253
579.589,10692.86454
579.782,10566.78202
579.975,10433.97179
580.167,10462.37773
580.36,10355.48168
580.553,10325.58069
580.745,10232.38927
580.938,10230.14669
581.13,10079.89421
581.323,9889.02621
581.516,9726.06581
581.708,9882.04932
581.901,9769.42225
582.093,9670.25062
582.286,9334.36282
582.478,9664.27043
582.671,9374.47998
582.863,9163.92717
583.056,9171.15324
583.248,9111.60043
583.44,9003.95686
583.633,8903.53936
583.825,8798.63672
584.018,8594.0641
584.21,8616.9882
584.402,8539.24562
584.595,8461.25386
584.787,8314.98818
584.979,8221.29841
585.172,7997.53932
585.364,8125.86441
585.556,8108.42216
585.748,7888.89905
585.941,7676.35283
586.133,7658.91059
586.325,7637.48155
586.517,7443.1251
586.709,7555.75217
586.901,7215.62839
587.094,7127.17129
587.286,7006.8198
587.478,7081.07393
587.67,7097.2703
587.862,6816.69933
588.054,6794.77193
588.246,6756.64817
588.438,6708.55741
588.63,6697.84288
588.822,6414.28181
589.014,6307.38577
589.206,6514.69931
589.398,6281.72075
589.59,6096.83295
589.782,6150.65474
589.974,6030.8016
590.166,5972.99301
590.358,5937.11182
590.55,5797.82304
590.741,5739.26693
590.933,5722.82138
591.125,5412.59859
591.317,5418.82797
591.509,5408.6118
591.701,5434.27681
591.892,5215.99958
592.084,5310.43687
592.276,4996.47646
592.468,4939.66458
592.659,4986.26029
592.851,4812.08701
593.043,4895.56062
593.234,4820.80814
593.426,4608.76027
593.618,4687.25037
593.809,4584.34113
594.001,4508.59195
594.193,4507.59525
594.384,4362.57544
594.576,4235.99458
594.767,4211.57543
594.959,4210.32956
595.15,4067.30315
595.342,4091.22394
595.533,4089.72889
595.725,3924.52591
595.916,3862.73053
596.108,3824.10842
596.299,3830.58696
596.491,3715.71732
596.682,3734.65462
596.873,3666.38069
597.065,3561.47804
597.256,3464.05064
597.447,3411.97308
597.639,3329.74535
597.83,3300.84106
598.021,3215.87241
598.213,3281.40542
598.404,3149.59188
598.595,3093.52752
598.786,2942.52751
598.978,2888.20738
599.169,2831.14632
599.36,2872.50936
599.551,2755.89549
599.742,2768.10506
599.934,2801.74368
600.125,2590.94169
600.316,2610.62651
600.507,2464.85917
600.698,2605.14466
600.889,2405.05719
601.08,2516.18921
601.271,2310.86907
601.462,2287.19745
601.653,2299.90537
601.844,2284.20735
602.035,2176.3146
602.226,2108.53902
602.417,2093.8377
602.608,1978.96806
602.799,2025.81295
602.99,1915.9268
603.181,1871.82284
603.372,2118.50602
603.563,1852.88554
603.754,1918.16938
603.944,1820.4928
604.135,1757.9499
604.326,1796.82119
604.517,1627.88058
604.708,1546.64956
604.898,1557.36408
605.089,1563.34428
605.28,1665.25682
605.471,1493.5753
605.661,1442.74361
605.852,1351.29641
606.043,1344.07034
606.233,1339.58519
606.424,1241.65944
606.615,1523.72546
606.805,1306.44492
606.996,1171.39211
607.186,1096.14128
607.377,1118.06868
607.568,1104.61323
607.758,1144.73039
607.949,1338.33931
608.139,949.12807
608.33,1079.94491
608.52,988.74689
608.711,1048.54887
608.901,1004.44491
609.092,832.26503
609.282,982.76669
609.472,774.70562
609.663,905.27329
609.853,941.65283
610.044,779.19077
610.234,732.34588
610.424,698.45809
610.615,910.25678
610.805,636.91189
610.995,712.66106
611.185,685.99935
611.376,696.96304
611.566,723.37559
611.756,747.29638
611.946,622.45974
612.137,815.57031
612.327,618.72212
612.517,516.06204
612.707,626.94489
612.897,518.80297
613.087,539.73366
613.277,463.23696
613.468,428.35247
613.658,461.24356
613.848,483.42013
614.038,483.91848
614.228,450.77821
614.418,505.5967
614.608,510.08185
614.798,377.02243
614.988,337.90197
615.178,402.1891
615.368,305.7584
615.558,431.59174
615.748,391.72375
615.937,503.10495
616.127,272.11979
616.317,286.32276
616.507,257.91682
616.697,317.96798
616.887,450.03069
617.077,243.71385
617.266,350.85907
617.456,281.58844
617.646,235.74025
617.836,216.3046
618.025,292.55213
618.215,235.74025
618.405,230.00923
618.595,206.83596
618.784,241.2221
618.974,221.53728
619.164,283.08349
619.353,241.72045
619.543,207.08513
619.732,196.12143
619.922,372.53728
620.112,209.57688
620.301,227.01913
620.491,174.44322
620.68,74.02572
620.87,219.54388
621.059,174.44322
621.249,162.48282
621.438,239.97622
621.628,305.26005
621.817,198.11483
622.006,208.08183
622.196,129.8409
622.385,123.8607
622.575,178.92836
622.764,122.36566
622.953,131.8343
623.143,74.52407
623.332,335.16105
623.521,240.97292
623.711,203.59668
623.9,212.3178
624.089,80.25509
624.278,119.37556
624.468,181.17094
624.657,178.92836
624.846,111.90031
625.035,145.28975
625.224,176.68579
625.413,192.38381
625.603,215.05873
625.792,7.99436
625.981,137.06698
626.17,161.73529
626.359,89.97291
626.548,109.40856
626.737,393.71715
626.926,58.07852
627.115,105.42176
627.304,111.65113
627.493,85.48777
627.682,130.8376
627.871,73.02902
628.06,91.71714
628.249,81.75014
628.438,117.88051
628.627,85.73694
628.816,138.8112
629.004,119.87391
629.193,85.98612
629.382,61.81615
629.571,142.54882
629.76,115.38876
629.949,7.49601
630.137,178.18084
630.326,113.39536
630.515,170.95477
630.704,104.17589
630.892,148.52902
631.081,-9.69706
631.27,88.47786
631.458,110.40526
631.647,28.67588
631.836,123.8607
632.024,73.77654
632.213,121.61813
632.401,162.48282
632.59,218.54718
632.779,201.10493
632.967,56.83265
633.156,105.92011
633.344,107.66433
633.533,210.32441
633.721,26.43331
633.91,132.33265
634.098,130.8376
634.286,40.3871
634.475,60.07192
634.663,102.93001
634.852,60.81945
635.04,118.62803
635.228,18.45971
635.417,47.86235
635.605,117.63133
635.793,754.27328
635.982,40.13793
636.17,172.44982
636.358,72.28149
636.547,43.87555
636.735,9.48941
636.923,51.3508
637.111,86.48447
637.299,113.39536
637.488,59.82275
637.676,157.7485
637.864,63.3112
638.052,111.15278
638.24,91.71714
638.428,31.16763
638.616,35.15443
638.804,138.8112
638.992,98.44486
639.18,34.90525
639.369,116.63463
639.557,114.89041
639.745,63.56037
639.933,81.75014
640.12,46.3673
640.308,75.52077
640.496,134.07688
640.684,26.43331
640.872,257.91682
641.06,47.11483
641.248,27.92836
641.436,158.99437
641.624,8.24354
641.811,18.70888
641.999,50.3541
642.187,107.91351
642.375,39.3904
642.563,72.77984
642.75,86.73364
642.938,99.69074
643.126,170.20724
643.314,64.80625
643.501,141.05377
643.689,-5.71026
643.877,77.76334
644.064,0.76829
644.252,-6.45778
644.439,132.33265
644.627,38.14453
644.815,115.88711
645.002,33.16103
645.19,-8.94953
645.377,123.36235
645.565,36.4003
645.752,100.43826
645.94,101.68414
646.127,24.19073
646.315,38.14453
646.502,195.87226
646.69,-0.72676
646.877,124.60823
647.064,68.04552
647.252,-35.36208
647.439,8.24354
647.627,21.20063
647.814,-20.1624
648.001,55.08842
648.189,18.95806
648.376,-33.86703
648.563,-95.66241
648.75,100.93661
648.938,141.55212
649.125,33.65938
649.312,-33.86703
649.499,40.13793
649.686,73.77654
649.874,104.17589
650.061,134.07688
650.248,165.97127
650.435,179.67589
650.622,-10.69376
650.809,30.17093
650.996,-49.81422
651.183,56.3343
651.37,-34.86373
651.557,68.79305
651.744,30.66928
651.931,-6.45778
652.118,34.65608
652.305,149.52572
652.492,26.93166
652.679,17.96136
652.866,10.48611
653.053,95.45476
653.24,23.44321
653.427,34.4069
653.614,121.61813
653.801,55.83595
653.987,-30.62775
654.174,-72.73831
654.361,-13.18551
654.548,86.23529
654.735,17.96136
654.921,31.41681
655.108,0.02076
655.295,70.28809
655.481,70.28809
655.668,15.71879
655.855,-23.40168
656.041,13.72539
656.228,81.75014
656.415,-16.42478
656.601,-24.1492
656.788,-33.86703
656.975,4.75509
657.161,18.95806
657.348,94.95641
657.534,97.44816
657.721,-63.26967
657.907,0.76829
658.094,89.72374
658.28,132.33265
658.467,4.50591
658.653,33.90856
658.84,12.23034
659.026,119.62473
659.212,128.34585
659.399,22.69568
659.585,-22.65415
659.771,97.19899
659.958,2.76169
660.144,-6.95613
660.33,652.85908
660.517,9.24024
660.703,40.13793
660.889,-27.1393
661.075,109.15938
661.262,36.4003
661.448,3.50921
661.634,110.40526
661.82,-46.0766
662.006,-46.0766
662.193,27.92836
662.379,5.00426
662.565,118.12968
662.751,-31.62445
662.937,130.33925
663.123,35.65278
663.309,6.99766
663.495,155.25675
663.681,71.28479
663.867,67.298
664.053,66.55047
664.239,105.17259
664.425,-19.66405
664.611,-25.1459
664.797,50.85245
664.983,53.3442
665.169,82.24849
665.355,-78.71851
665.541,104.67424
665.726,15.96796
665.912,-43.83402
666.098,-11.93963
666.284,31.91516
666.47,35.90195
666.655,-27.38848
666.841,-44.83072
667.027,73.27819
667.213,65.3046
667.398,134.57523
667.584,122.86401
667.77,43.87555
667.955,24.19073
668.141,59.07522
668.327,78.01252
668.512,230.75675
668.698,142.29965
668.884,32.66268
669.069,28.42671
669.255,10.98446
669.44,-12.18881
669.626,166.22044
669.811,-62.02379
669.997,-15.67726
670.182,-18.16901
670.368,5.75179
670.553,-69.00069
670.739,41.63298
670.924,5.25344
671.109,25.18743
671.295,43.62638
671.48,21.69898
671.665,-1.47429
671.851,54.59007
672.036,47.364
672.221,-11.69046
672.407,112.14948
672.592,17.96136
672.777,38.64288
672.962,-30.1294
673.148,25.18743
673.333,39.88875
673.518,0.76829
673.703,57.331
673.888,42.87885
674.074,-69.99739
674.259,9.73859
674.444,9.24024
674.629,-52.0568
674.814,35.15443
674.999,-41.0931
675.184,-19.66405
675.369,18.21053
675.554,66.05212
675.739,-31.87363
675.924,6.74849
676.109,39.3904
676.294,-20.90993
676.479,46.3673
676.664,12.23034
676.849,-8.20201
677.034,65.3046
677.219,17.96136
677.404,-9.44788
677.588,17.71218
677.773,51.84915
677.958,87.48117
678.143,-30.62775
678.328,34.90525
678.512,54.3409
678.697,100.43826
678.882,83.49437
679.067,24.68908
679.251,-6.70696
679.436,-29.1327
679.621,98.44486
679.805,167.96467
679.99,58.07852
680.175,6.99766
680.359,-53.0535
680.544,-50.31257
680.729,5.50261
680.913,132.58183
681.098,-87.43964
681.282,90.22209
681.467,1.51581
681.651,-38.35217
681.836,1.26664
682.02,-12.43798
682.205,67.54717
682.389,144.29305
682.573,67.298
682.758,22.69568
682.942,-16.92313
683.127,80.75344
683.311,45.12143
683.495,98.44486
683.68,117.38216
683.864,65.80295
684.048,48.60988
684.233,-62.27297
684.417,133.57853
684.601,53.3442
684.785,61.56697
684.97,34.4069
685.154,110.65443
685.338,91.46796
685.522,73.52737
685.706,68.79305
685.89,-34.86373
686.075,21.20063
686.259,-44.83072
686.443,143.29635
686.627,-28.63435
686.811,68.04552
686.995,56.3343
687.179,-27.1393
687.363,35.15443
687.547,68.79305
687.731,58.82605
687.915,173.44652
688.099,-48.56835
688.283,74.77324
688.467,121.36896
688.651,-30.37858
688.835,37.89535
689.018,8.24354
689.202,24.19073
689.386,-6.20861
689.57,158.99437
689.754,-8.20201
689.938,0.02076
690.121,-25.64425
690.305,-35.61125
690.489,20.45311
690.673,54.09172
690.856,87.23199
691.04,149.02737
691.224,1.26664
691.407,-63.02049
691.591,92.46466
691.775,-50.81092
691.958,59.3244
692.142,99.19239
692.325,18.21053
692.509,195.87226
692.693,-47.32247
692.876,32.66268
693.06,-20.66075
693.243,0.02076
693.427,0.02076
693.61,-16.92313
693.794,-35.61125
693.977,7.99436
694.16,41.3838
694.344,76.01912
694.527,111.90031
694.711,9.24024
694.894,-13.93303
695.077,36.15113
695.261,-0.72676
695.444,19.95476
695.627,18.95806
695.811,113.14618
695.994,-26.39178
696.177,17.96136
696.36,-5.46108
696.543,43.12803
696.727,96.94981
696.91,81.00262
697.093,-43.83402
697.276,34.15773
697.459,-6.45778
697.642,83.74354
697.826,-29.38188
698.009,74.02572
698.192,1.76499
698.375,-7.70366
698.558,2.51251
698.741,122.11648
698.924,127.59833
699.107,-23.1525
699.29,-42.58815
699.473,122.86401
699.656,116.13628
699.839,60.81945
700.022,22.19733
700.205,122.86401
700.387,-69.00069
700.57,27.43001
700.753,-0.97594
700.936,15.96796
701.119,64.80625
701.302,-100.39673
701.484,21.44981
701.667,51.10163
701.85,-99.15086
702.033,6.99766
702.215,129.59173
702.398,46.3673
702.581,159.49272
702.763,-2.96933
702.946,16.96466
703.129,-53.30267
703.311,-2.47098
703.494,-37.35547
703.677,114.14288
703.859,43.87555
704.042,-57.04029
704.224,-76.22676
704.407,18.45971
704.589,10.98446
704.772,-18.41818
704.954,-7.45448
705.137,28.17753
705.319,79.75674
705.502,31.66598
705.684,-41.34227
705.866,1.01746
706.049,16.21714
706.231,74.77324
706.414,-18.66736
706.596,63.56037
706.778,113.39536
706.961,58.57687
707.143,134.32605
707.325,57.08182
707.507,-73.48584
707.69,39.14123
707.872,-54.0502
708.054,103.17919
708.236,30.66928
708.418,16.71548
708.601,-53.80102
708.783,-48.56835
708.965,8.74189
709.147,-9.94623
709.329,45.61978
709.511,-101.64261
709.693,-6.45778
709.875,41.13463
710.057,-40.0964
710.239,-117.34063
710.421,6.49931
710.603,-36.1096
710.785,-81.21026
710.967,-22.1558
711.149,-52.0568
711.331,40.13793
711.513,-27.1393
711.695,-31.62445
711.877,16.21714
712.059,75.27159
712.24,-64.51554
712.422,-20.66075
712.604,21.20063
712.786,-18.66736
712.968,-77.47264
713.149,-13.18551
713.331,105.42176
713.513,24.93826
713.695,-32.1228
713.876,4.75509
714.058,-35.86043
714.24,-36.85713
714.421,-8.45118
714.603,16.71548
714.785,-4.96273
714.966,30.91846
715.148,56.08512
715.329,82.74684
715.511,-28.136
715.692,-28.63435
715.874,-145.74657
716.055,53.3442
716.237,-15.17891
716.418,-56.54194
716.6,-127.05845
716.781,-72.48914
716.963,-47.0733
717.144,32.16433
717.325,-58.03699
717.507,52.3475
717.688,53.09502
717.87,69.54057
718.051,-25.64425
718.232,12.97786
718.413,-14.43138
718.595,137.56533
718.776,-5.71026
718.957,120.87061
719.138,-68.00399
719.32,-35.61125
719.501,6.49931
719.682,-91.42643
719.863,-7.95283
720.044,-39.84722
720.225,-76.47594
720.407,-33.1195
720.588,61.06862
720.769,19.20723
720.95,80.50427
721.131,-97.15746
721.312,-19.16571
721.493,-66.25977
721.674,-52.55515
721.855,45.61978
722.036,-46.32577
722.217,17.46301
722.398,-2.47098
722.579,-40.84392
722.76,-38.35217
722.94,53.84255
723.121,-40.34557
723.302,-72.98749
723.483,-74.73171
723.664,-25.64425
723.845,-69.24987
724.025,-5.21191
724.206,-28.63435
724.387,53.84255
724.568,81.25179
724.748,75.02242
724.929,-17.17231
725.11,-16.42478
725.29,-99.89838
725.471,-51.30927
725.652,-133.03865
725.832,-11.19211
726.013,5.25344
726.194,-22.90333
726.374,-106.12776
726.555,-34.1162
726.735,154.7584
726.916,55.58677
727.096,-7.20531
727.277,159.49272
727.457,12.72869
727.638,-57.28947
727.818,-2.96933
727.999,-48.81752
728.179,-100.89508
728.359,-27.1393
728.54,-113.603
728.72,55.58677
728.9,-38.85052
729.081,-43.0865
729.261,-13.18551
729.441,94.20889
729.622,-104.88188
729.802,-114.35053
729.982,-13.93303
730.162,48.60988
730.343,29.92176
730.523,-115.84558
730.703,-62.27297
730.883,22.94486
731.063,-8.20201
731.243,21.94816
731.424,65.05542
731.604,-110.11455
731.784,-96.90828
731.964,72.28149
732.144,-51.30927
732.324,-25.39508
732.504,-110.36373
732.684,46.61648
732.864,-80.21356
733.044,39.3904
733.224,-55.04689
733.404,-95.41323
733.584,-119.83238
733.764,40.13793
733.943,-55.54524
734.123,-36.1096
734.303,-28.88353
734.483,24.43991
734.663,46.3673
734.843,65.05542
735.022,-66.01059
735.202,17.71218
735.382,12.47951
735.562,-72.73831
735.741,-120.08155
735.921,59.3244
736.101,-69.49904
736.281,-57.28947
736.46,-4.96273
736.64,13.47621
736.819,-25.1459
736.999,-51.80762
737.179,183.16434
737.358,41.88215
737.538,-130.04855
737.717,-82.45614
737.897,-11.19211
738.076,129.8409
738.256,-43.83402
738.435,93.71054
738.615,-26.39178
738.794,18.45971
738.974,-50.31257
739.153,-22.90333
739.332,25.43661
739.512,15.96796
739.691,-56.29277
739.871,-86.44294
740.05,29.42341
740.229,-45.57825
740.408,-59.03369
740.588,24.43991
740.767,-41.34227
740.946,43.12803
741.126,-50.81092
741.305,-66.75812
741.484,3.26004
741.663,13.22704
741.842,-2.47098
742.021,44.3739
742.201,-1.47429
742.38,0.51911
742.559,-29.88023
742.738,-93.41983
742.917,12.23034
743.096,158.24685
743.275,-101.89178
743.454,-18.66736
743.633,-67.50564
743.812,95.20559
743.991,-67.50564
744.17,-48.81752
744.349,74.52407
744.528,20.20393
744.707,-20.90993
744.886,10.73529
745.064,-75.47924
745.243,-53.55185
745.422,-44.0832
745.601,2.51251
745.78,47.11483
745.958,54.3409
746.137,-63.76802
746.316,-55.54524
746.495,107.41516
746.673,-84.69871
746.852,-56.29277
747.031,-85.69541
747.209,114.89041
747.388,-15.67726
747.567,-60.52874
747.745,49.85575
747.924,-9.69706
748.103,57.82935
748.281,-57.78782
748.46,20.70228
748.638,32.16433
748.817,86.48447
748.995,38.64288
749.174,-6.45778
749.352,107.41516
749.531,55.3376
749.709,-11.19211
749.888,40.88545
750.066,-58.03699
750.244,-19.66405
750.423,-50.81092
750.601,-74.48254
750.779,-77.72181
750.958,-26.89013
751.136,-22.40498
751.314,-72.73831
751.493,-13.93303
751.671,67.298
751.849,3.26004
752.027,-110.11455
752.205,64.05872
752.384,61.56697
752.562,9.98776
752.74,2.51251
752.918,36.64948
753.096,76.76664
753.274,-40.0964
753.452,18.45971
753.63,-27.38848
753.809,-10.44458
753.987,2.51251
754.165,-53.55185
754.343,-31.1261
754.521,-73.98419
754.699,-75.23006
754.876,-29.63105
755.054,33.41021
755.232,28.17753
755.41,-43.0865
755.588,41.13463
755.766,-27.88683
755.944,-36.1096
756.122,-99.15086
756.3,43.12803
756.477,-18.16901
756.655,-40.84392
756.833,-20.66075
757.011,43.12803
757.188,45.3706
757.366,73.77654
757.544,-6.20861
757.721,0.02076
757.899,50.10493
758.077,54.3409
758.254,-31.37528
758.432,39.88875
758.61,21.44981
758.787,32.66268
758.965,36.89865
759.142,13.47621
759.32,-67.50564
759.497,22.44651
759.675,-53.80102
759.852,-62.02379
760.03,155.50592
760.207,-19.41488
760.385,-23.1525
760.562,32.66268
760.74,21.20063
760.917,20.70228
761.094,32.66268
761.272,19.45641
761.449,-14.68056
761.626,-28.136
761.804,-49.81422
761.981,21.94816
762.158,-10.19541
762.335,-106.12776
762.513,3.75839
762.69,-50.81092
762.867,18.70888
763.044,46.61648
763.221,-57.53864
763.399,10.23694
763.576,-60.52874
763.753,13.22704
763.93,-57.04029
764.107,-102.88848
764.284,-43.58485
764.461,-102.14096
764.638,-53.30267
764.815,-9.19871
764.992,-49.0667
765.169,-8.45118
765.346,10.73529
765.523,-39.59805
765.7,29.67258
765.877,179.42671
766.054,6.74849
766.231,142.798
766.408,-25.39508
766.584,-72.23997
766.761,-80.71191
766.938,-54.0502
767.115,-6.45778
767.292,26.68248
767.468,-20.1624
767.645,-145.74657
767.822,-13.68386
767.999,-115.34723
768.175,-77.97099
768.352,-89.68221
768.529,-43.33567
768.705,37.64618
768.882,13.97456
769.059,-46.57495
769.235,-8.20201
769.412,63.56037
769.588,-14.92973
769.765,-86.19376
769.941,8.74189
770.118,-38.60135
770.294,63.06202
770.471,30.91846
770.647,153.01417
770.824,-15.92643
771,155.7551
771.177,-67.75482
771.353,-72.98749
771.529,-70.74492
771.706,8.24354
771.882,88.97621
772.058,-59.53204
772.235,-80.21356
772.411,-22.40498
772.587,27.67918
772.764,-56.54194
772.94,-68.75152
773.116,-110.36373
773.292,-163.93634
773.468,-45.82742
773.645,-7.45448
773.821,-123.81918
773.997,-175.39839
774.173,152.51582
774.349,42.3805
774.525,-99.15086
774.701,-21.90663
774.877,-9.44788
775.053,-34.1162
775.229,-37.85382
775.405,89.22539
775.581,20.95146
775.757,-64.51554
775.933,-51.30927
776.109,-75.23006
776.285,-47.32247
776.461,-22.65415
776.637,23.44321
776.813,-8.20201
776.989,52.09832
777.165,-132.04195
777.34,-77.97099
777.516,-31.87363
777.692,14.47291
777.868,60.57027
778.043,62.56367
778.219,-1.47429
778.395,-29.63105
778.571,-34.1162
778.746,42.13133
778.922,-63.26967
779.098,-57.53864
779.273,-115.34723
779.449,284.08018
779.624,-114.10135
779.8,-14.68056
779.976,-55.04689
780.151,-6.95613
780.327,-75.23006
780.502,19.70558
780.678,-70.24657
780.853,-32.1228
781.029,12.23034
781.204,167.71549
781.38,-77.72181
781.555,-66.01059
781.73,2.76169
781.906,50.85245
782.081,-0.72676
782.256,-49.56505
782.432,-77.97099
782.607,-94.16736
782.782,47.86235
782.958,76.01912
783.133,8.24354
783.308,117.38216
783.483,87.73034
783.659,-97.90498
783.834,18.95806
784.009,-118.83568
784.184,46.86565
784.359,24.68908
784.534,-99.89838
784.709,-5.95943
784.885,-66.50894
785.06,1.01746
785.235,20.45311
785.41,98.94321
785.585,-30.1294
785.76,-18.66736
785.935,43.62638
786.11,-42.58815
786.285,-87.19046
786.46,186.90196
786.634,46.3673
786.809,106.41846
786.984,3.01086
787.159,-40.34557
787.334,-51.80762
787.509,32.66268
787.684,-19.91323
787.858,-133.537
788.033,-112.6063
788.208,60.81945
788.383,-82.45614
788.557,18.70888
788.732,9.24024
788.907,18.45971
789.082,-61.52544
789.256,7.74519
789.431,-23.40168
789.605,-78.71851
789.78,-60.03039
789.955,-19.16571
790.129,-16.92313
790.304,2.51251
790.478,-11.44128
790.653,-104.63271
790.827,-90.92808
791.002,-56.04359
791.176,-50.31257
791.351,30.42011
791.525,9.24024
791.7,-69.00069
791.874,-33.86703
792.048,39.14123
792.223,-12.43798
792.397,70.28809
792.572,-49.31587
792.746,-70.74492
792.92,-26.1426
793.094,48.11153
793.269,-55.54524
793.443,-71.74162
793.617,-43.58485
793.791,64.80625
793.966,84.98942
794.14,18.95806
794.314,-29.88023
794.488,-62.02379
794.662,68.2947
794.836,-51.80762
795.01,19.20723
795.185,166.96797
795.359,67.04882
795.533,-38.85052
795.707,-92.42313
795.881,-65.01389
796.055,-5.46108
796.229,-84.94789
796.403,-102.14096
796.577,1.26664
796.75,-23.40168
796.924,-80.21356
797.098,-99.15086
797.272,-27.38848
797.446,144.7914
797.62,26.93166
797.794,-110.11455
797.967,16.46631
798.141,-143.25482
798.315,-93.41983
798.489,-50.56175
798.663,-89.93139
798.836,18.70888
799.01,-118.83568
799.184,-116.09475
799.357,-67.75482
799.531,45.3706
799.705,19.20723
799.878,43.62638
800.052,17.71218
800.225,86.73364
800.399,54.83925
800.572,-37.85382
800.746,112.39866
800.92,89.72374
801.093,-69.99739
801.266,-56.29277
801.44,45.61978
801.613,-19.66405
801.787,16.96466
801.96,-86.19376
802.134,8.49271
802.307,-36.85713
802.48,-17.17231
802.654,-85.94459
802.827,-29.1327
803,21.44981
803.174,56.3343
803.347,-6.45778
803.52,-11.93963
803.693,-1.97263
803.867,-30.87693
804.04,-42.83732
804.213,4.00756
804.386,10.98446
804.559,-78.71851
804.732,58.57687
804.906,45.86895
805.079,223.2815
805.252,56.83265
805.425,-10.69376
805.598,-86.44294
805.771,-41.34227
805.944,-59.78122
806.117,-133.28782
806.29,288.06698
806.463,131.08678
806.636,63.80955
806.809,33.90856
806.982,-115.5964
807.154,-35.86043
807.327,67.54717
807.5,42.62968
807.673,-68.00399
807.846,37.64618
808.019,-59.53204
808.191,60.07192
808.364,-71.99079
808.537,-21.90663
808.71,-59.53204
808.882,-21.65745
809.055,113.14618
809.228,49.3574
809.4,-37.35547
809.573,-98.40333
809.746,-57.28947
809.918,-47.0733
810.091,-60.03039
810.263,-129.30102
810.436,2.51251
810.609,-15.67726
810.781,138.31285
810.954,-57.04029
811.126,-83.70201
811.299,44.3739
811.471,2.01416
811.643,114.39206
811.816,-27.63765
811.988,-102.88848
812.161,-19.66405
812.333,-74.23336
812.505,115.88711
812.678,203.59668
812.85,73.52737
813.022,13.97456
813.195,-8.45118
813.367,-62.77132
813.539,-45.57825
813.711,56.3343
813.884,42.62968
814.056,25.43661
814.228,-40.84392
814.4,110.90361
814.572,49.60658
814.744,98.19569
814.917,-2.47098
815.089,-26.39178
815.261,-105.13106
815.433,14.97126
815.605,6.00096
815.777,-47.82082
815.949,50.10493
816.121,174.94157
816.293,-135.28122
816.465,-38.60135
816.637,-28.38518
816.809,116.13628
816.98,-35.86043
817.152,85.73694
817.324,-14.92973
817.496,-20.66075
817.668,4.00756
817.84,76.76664
818.011,-12.18881
818.183,55.08842
818.355,-16.92313
818.527,-12.68716
818.698,-90.18056
818.87,-65.26307
819.042,-55.04689
819.214,-21.65745
819.385,-55.54524
819.557,16.71548
819.728,-35.36208
819.9,-56.54194
820.072,56.3343
820.243,-16.17561
820.415,-50.0634
820.586,-28.38518
820.758,31.41681
820.929,-15.17891
821.101,91.96631
821.272,-78.71851
821.444,12.72869
821.615,142.29965
821.787,54.09172
821.958,-27.38848
822.129,-51.0601
822.301,-89.43304
822.472,-36.85713
822.643,-36.1096
822.815,-38.103
822.986,53.84255
823.157,-157.95614
823.328,-3.71686
823.5,71.78314
823.671,31.66598
823.842,-102.63931
824.013,-46.82412
824.184,33.16103
824.356,10.73529
824.527,-16.92313
824.698,41.63298
824.869,24.43991
825.04,71.53397
825.211,-75.47924
825.382,-33.1195
825.553,-68.25317
825.724,-49.31587
825.895,81.00262
826.066,-69.00069
826.237,-96.40993
826.408,62.56367
826.579,-19.16571
826.75,-70.99409
826.921,-24.89673
827.092,-6.20861
827.262,40.13793
827.433,5.50261
827.604,-61.27627
827.775,-30.1294
827.946,61.56697
828.116,-146.49409
828.287,-35.61125
828.458,66.05212
828.629,-33.36868
828.799,31.41681
828.97,-11.69046
829.141,131.08678
829.311,-49.31587
829.482,58.3277
829.652,-37.60465
829.823,-27.38848
829.994,75.27159
830.164,-27.63765
830.335,5.25344
830.505,4.25674
830.676,-12.43798
830.846,80.00592
831.017,-74.98089
831.187,-0.22841
831.357,-22.90333
831.528,-52.0568
831.698,-19.41488
831.869,-22.1558
832.039,-27.1393
832.209,-51.0601
832.38,38.14453
832.55,-166.42809
832.72,70.03892
832.89,-65.51224
833.061,0.26994
833.231,-23.40168
833.401,-17.91983
833.571,-77.47264
833.742,-22.65415
833.912,2.26334
834.082,29.42341
834.252,-61.27627
834.422,-4.46438
834.592,30.17093
834.762,-32.1228
834.932,-24.39838
835.102,-74.23336
835.272,-56.04359
835.442,-82.70531
835.612,0.02076
835.782,62.06532
835.952,-4.46438
836.122,-155.21522
836.292,-10.44458
836.462,28.67588
836.632,62.56367
836.802,-169.91654
836.972,2.51251
837.141,-57.28947
837.311,-55.04689
837.481,-19.91323
837.651,-90.67891
837.821,-26.89013
837.99,9.48941
838.16,9.48941
838.33,34.90525
838.499,48.3607
838.669,135.32275
838.839,-50.31257
839.008,-79.96439
839.178,-180.13271
839.348,-35.61125
839.517,-32.1228
839.687,-46.0766
839.856,-13.93303
840.026,47.86235
840.195,-101.14426
840.365,-61.02709
840.534,67.54717
840.704,-58.28617
840.873,68.79305
841.042,30.91846
841.212,-116.34393
841.381,72.03232
841.551,73.27819
841.72,-69.00069
841.889,10.23694
842.059,-95.91158
842.228,-52.55515
842.397,-103.13766
842.566,-18.16901
842.736,44.87225
842.905,40.13793
843.074,-8.94953
843.243,-35.61125
843.412,35.65278
843.582,-99.64921
843.751,-75.23006
843.92,-29.38188
844.089,-9.44788
844.258,-89.68221
844.427,-33.1195
844.596,-0.47759
844.765,-34.86373
844.934,40.3871
845.103,16.46631
845.272,4.75509
845.441,-45.57825
845.61,52.09832
845.779,24.43991
845.948,70.53727
846.117,-4.96273
846.286,16.71548
846.454,54.3409
846.623,-18.91653
846.792,39.88875
846.961,-80.71191
847.13,-52.55515
847.298,111.90031
847.467,-22.90333
847.636,132.08348
847.805,-14.68056
847.973,4.75509
848.142,-83.70201
848.311,50.10493
848.479,-21.65745
848.648,40.88545
848.816,-9.69706
848.985,-140.5139
849.154,-0.97594
849.322,-66.75812
849.491,-51.80762
849.659,55.08842
849.828,-37.85382
849.996,29.92176
850.165,-54.79772
850.333,38.64288
850.501,-2.96933
850.67,-33.61785
850.838,-24.39838
851.007,-61.77462
851.175,-25.1459
851.343,47.86235
851.512,-60.52874
851.68,-102.63931
851.848,-69.00069
852.016,-37.1063
852.185,6.25014
852.353,-71.99079
852.521,-18.66736
852.689,-37.85382
852.857,39.63958
853.026,39.88875
853.194,-62.52214
853.362,72.28149
853.53,-23.65085
853.698,-123.81918
853.866,-12.43798
854.034,-101.14426
854.202,-19.16571
854.37,-139.5172
854.538,-77.72181
854.706,-27.63765
854.874,-54.0502
855.042,-72.98749
855.21,48.3607
855.378,-27.88683
855.546,-66.25977
855.713,0.26994
855.881,-1.47429
856.049,34.65608
856.217,-45.0799
856.385,-75.23006
856.553,-98.90168
856.72,-77.22346
856.888,-76.72511
857.056,-43.83402
857.223,101.68414
857.391,-57.04029
857.559,99.44156
857.726,-51.30927
857.894,-50.0634
858.062,-17.17231
858.229,-5.71026
858.397,100.93661
858.564,-15.92643
858.732,-41.34227
858.899,69.2914
859.067,-13.43468
859.234,102.18249
859.402,-39.34887
859.569,-77.97099
859.737,-100.64591
859.904,-6.20861
860.072,21.20063
860.239,-44.58155
860.406,89.72374
860.574,46.61648
860.741,93.21219
860.908,27.18083
861.076,-122.5733
861.243,103.67754
861.41,-102.88848
861.577,505.5967
861.745,26.18413
861.912,4.00756
862.079,-126.80927
862.246,-23.90003
862.413,-80.21356
862.58,-2.96933
862.748,7.24684
862.915,75.52077
863.082,-69.99739
863.249,161.48612
863.416,109.40856
863.583,61.81615
863.75,-4.21521
863.917,72.28149
864.084,11.98116
864.251,-60.03039
864.418,-6.95613
864.585,36.4003
864.751,79.25839
864.918,-69.49904
865.085,-24.1492
865.252,14.47291
865.419,-5.95943
865.586,-24.89673
865.752,-5.71026
865.919,-70.24657
866.086,167.21714
866.253,-8.45118
866.419,-84.69871
866.586,-85.19706
866.753,-22.90333
866.919,-9.44788
867.086,-119.83238
867.253,-54.79772
867.419,-87.68881
867.586,22.94486
867.752,-78.46934
867.919,-46.0766
868.085,36.15113
868.252,-25.1459
868.418,-40.84392
868.585,-8.45118
868.751,10.98446
868.918,-66.50894
869.084,-10.94293
869.251,-33.86703
869.417,-73.23666
869.583,11.23364
869.75,-24.39838
869.916,-16.92313
870.082,49.60658
870.249,-17.91983
870.415,65.05542
870.581,30.17093
870.747,-13.43468
870.914,-8.20201
871.08,-14.18221
871.246,-8.94953
871.412,-97.65581
871.578,142.05047
871.744,-6.45778
871.911,52.09832
872.077,17.96136
872.243,-85.69541
872.409,-93.66901
872.575,-93.17066
872.741,-16.17561
872.907,3.26004
873.073,-110.11455
873.239,31.41681
873.405,54.59007
873.571,-66.01059
873.737,12.23034
873.902,-41.0931
874.068,-18.41818
874.234,115.88711
874.4,-100.39673
874.566,-34.1162
874.732,45.12143
874.897,-18.16901
875.063,-59.28287
875.229,70.28809
875.395,77.51417
875.56,-83.70201
875.726,-81.45944
875.892,-111.85878
876.057,61.3178
876.223,-33.1195
876.389,91.21879
876.554,-85.19706
876.72,-20.1624
876.885,-31.37528
877.051,65.55377
877.217,-102.63931
877.382,-84.20036
877.548,-11.19211
877.713,-39.34887
877.878,-75.47924
878.044,-36.60795
878.209,-72.23997
878.375,36.15113
878.54,10.23694
878.705,-38.35217
878.871,-55.29607
879.036,79.50757
879.201,-75.97759
879.367,-2.47098
879.532,-8.70036
879.697,-35.61125
879.863,-114.84888
880.028,6.99766
880.193,-52.0568
880.358,-35.1129
880.523,35.65278
880.688,-65.26307
880.854,-57.78782
881.019,-1.72346
881.184,27.18083
881.349,17.71218
881.514,22.94486
881.679,-66.50894
881.844,-5.21191
882.009,-98.90168
882.174,72.53067
882.339,78.51087
882.504,83.74354
882.669,73.52737
882.834,-8.94953
882.999,-132.78947
883.163,-25.1459
883.328,36.64948
883.493,-25.89343
883.658,34.90525
883.823,-55.04689
883.988,-20.1624
884.152,81.75014
884.317,32.91186
884.482,50.3541
884.646,-0.22841
884.811,84.24189
884.976,-58.28617
885.14,-82.70531
885.305,-41.59145
885.47,16.71548
885.634,-70.24657
885.799,-57.53864
885.963,151.26995
886.128,1.51581
886.292,-129.30102
886.457,-8.94953
886.621,-61.27627
886.786,78.01252
886.95,-140.01555
887.115,15.46961
887.279,-58.28617
887.444,-50.0634
887.608,112.14948
887.772,-71.49244
887.937,131.58513
888.101,153.51252
888.265,99.69074
888.43,-25.1459
888.594,-29.63105
888.758,85.23859
888.922,7.49601
889.087,53.84255
889.251,20.70228
889.415,16.71548
889.579,-48.07
889.743,-67.00729
889.907,-10.19541
890.071,-32.37198
890.236,-29.63105
890.4,-104.88188
890.564,-5.71026
890.728,14.22374
890.892,54.3409
891.056,-59.28287
891.22,-74.48254
891.384,-22.40498
891.548,20.95146
891.711,62.56367
891.875,105.17259
892.039,-132.5403
892.203,55.83595
892.367,17.21383
892.531,-42.33897
892.695,-92.17396
892.858,-48.81752
893.022,-28.88353
893.186,-35.36208
893.35,-77.97099
893.513,-64.51554
893.677,57.82935
893.841,37.64618
894.004,198.11483
894.168,-46.32577
894.332,15.71879
894.495,-88.68551
894.659,55.3376
894.822,-11.69046
894.986,37.14783
895.149,-124.81588
895.313,167.21714
895.476,20.20393
895.64,-70.49574
895.803,-26.89013
895.967,103.17919
896.13,-35.61125
896.294,8.24354
896.457,8.24354
