195.513,-323.0553
195.729,-323.0553
195.945,-323.0553
196.161,-318.32097
196.378,-347.97279
196.594,-56.93647
196.81,-80.35891
197.026,43.97938
197.242,-58.6807
197.458,-6.35396
197.674,79.86057
197.89,-2.36716
198.106,111.25661
198.322,-45.7236
198.538,12.83251
198.754,-11.08828
198.97,13.58003
199.186,-34.7599
199.402,79.36222
199.618,-26.03878
199.834,55.19225
200.049,34.7599
200.265,20.80611
200.481,42.98268
200.697,270.97774
200.913,17.56683
201.129,54.44472
201.345,-44.7269
201.56,80.60809
201.776,-33.51403
201.992,19.80941
202.208,80.10974
202.424,-71.63779
202.639,-3.36386
202.855,68.39852
203.071,2.11799
203.287,43.23185
203.502,-2.11799
203.718,90.82426
203.934,53.19885
204.15,-10.09158
204.365,-65.90677
204.581,59.17905
204.797,-68.89687
205.012,-2.36716
205.228,-65.40842
205.444,-64.16254
205.659,-3.61304
205.875,63.41502
206.091,30.7731
206.306,86.08994
206.522,36.25495
206.737,9.34406
206.953,68.39852
207.168,10.34076
207.384,79.61139
207.6,18.31436
207.815,120.2269
208.031,-33.01568
208.246,-13.58003
208.462,-2.36716
208.677,-23.29786
208.893,-50.7071
209.108,12.33416
209.323,-43.23185
209.539,13.08168
209.754,88.58169
209.97,45.47442
210.185,10.34076
210.401,-76.37212
210.616,121.97113
210.831,25.29126
211.047,-28.28135
211.262,-36.00578
211.477,90.82426
211.693,-44.47773
211.908,41.98598
212.123,-15.82261
212.339,5.35726
212.554,-3.11469
212.769,84.84406
212.985,-13.33086
213.2,-66.15594
213.415,55.19225
213.63,-32.51733
213.846,-44.97607
214.061,-104.52888
214.276,51.95297
214.491,-63.16584
214.706,-37.25165
214.922,-29.52723
215.137,30.02558
215.352,-40.98928
215.567,-14.82591
215.782,56.6873
215.997,-49.7104
216.212,-70.39192
216.428,-31.02228
216.643,4.85891
216.858,-141.40677
217.073,79.86057
217.288,-64.41172
217.503,-17.81601
217.718,-103.78136
217.933,64.16254
218.148,42.23515
218.363,-21.05528
218.578,145.39357
218.793,-65.90677
219.008,-53.44802
219.223,-7.10149
219.438,-117.48598
219.653,-52.94967
219.868,40.98928
220.083,-24.54373
220.298,-7.59984
220.512,-13.58003
220.727,-62.91667
220.942,30.7731
221.157,46.47112
221.372,-68.39852
221.587,52.20215
221.802,40.24175
222.016,39.49423
222.231,2.11799
222.446,21.80281
222.661,44.47773
222.876,43.7302
223.09,-3.36386
223.305,33.51403
223.52,-22.79951
223.735,34.01238
223.949,70.39192
224.164,17.81601
224.379,5.10809
224.594,58.18235
224.808,-33.51403
225.023,14.57673
225.238,1.86881
225.452,164.08169
225.667,22.05198
225.882,46.22195
226.096,91.82096
226.311,17.56683
226.525,-23.04868
226.74,22.79951
226.955,114.99423
227.169,36.50413
227.384,-48.7137
227.598,-162.58664
227.813,-47.46782
228.027,55.44142
228.242,39.7434
228.456,-53.19885
228.671,-32.26815
228.885,48.7137
229.1,87.33581
229.314,6.35396
229.529,-25.29126
229.743,2.11799
229.958,65.40842
230.172,-60.42492
230.386,22.05198
230.601,100.79126
230.815,19.06188
231.03,60.92327
231.244,4.60974
231.458,5.85561
231.673,-37.50083
231.887,-51.45462
232.101,71.63779
232.316,-68.64769
232.53,103.53218
232.744,-149.38037
232.958,88.33251
233.173,-4.11139
233.387,-43.23185
233.601,-46.7203
233.815,162.08829
234.03,59.6774
234.244,-10.58993
234.458,-111.00743
234.672,64.66089
234.886,64.66089
235.101,68.89687
235.315,-4.36056
235.529,54.19555
235.743,72.88367
235.957,-59.6774
236.171,-10.09158
236.385,67.15264
236.599,217.15595
236.814,22.55033
237.028,-58.43152
237.242,105.77476
237.456,5.85561
237.67,-17.31766
237.884,46.47112
238.098,-34.26155
238.312,-72.63449
238.526,-84.84406
238.74,26.7863
238.954,-24.54373
239.168,93.31601
239.382,49.46122
239.596,19.56023
239.81,27.53383
240.024,30.27475
240.237,-61.6708
240.451,18.56353
240.665,-64.66089
240.879,-21.80281
241.093,-76.87047
241.307,-92.81766
241.521,57.18565
241.734,-8.34736
241.948,66.65429
242.162,-18.56353
242.376,83.09984
242.59,36.00578
242.803,107.51898
243.017,30.02558
243.231,-40.49093
243.445,-62.91667
243.658,-65.40842
243.872,-78.36552
244.086,78.61469
244.3,60.17575
244.513,-43.23185
244.727,-72.38532
244.941,41.48763
245.154,-97.05364
245.368,93.06684
245.582,98.29951
245.795,-61.91997
246.009,34.7599
246.222,105.52558
246.436,-8.09819
246.65,-47.717
246.863,110.75826
247.077,-50.95627
247.29,5.85561
247.504,-24.29456
247.717,34.7599
247.931,29.27805
248.144,42.48433
248.358,-4.11139
248.571,142.65265
248.785,-57.18565
248.998,9.09488
249.212,47.21865
249.425,-9.84241
249.639,110.50908
249.852,-22.79951
250.065,-126.45628
250.279,171.05859
250.492,118.98103
250.706,-103.03383
250.919,-88.33251
251.132,7.59984
251.346,-26.03878
251.559,30.27475
251.772,153.11799
251.986,49.7104
252.199,32.51733
252.412,-42.23515
252.625,5.10809
252.839,-30.7731
253.052,-33.26485
253.265,-87.83416
253.478,4.60974
253.692,-54.94307
253.905,29.7764
254.118,32.01898
254.331,-38.49753
254.544,-81.35561
254.758,38.49753
254.971,35.25825
255.184,-32.51733
255.397,142.1543
255.61,-9.59323
255.823,-65.40842
256.036,25.29126
256.249,119.2302
256.462,71.88697
256.676,-40.7401
256.889,5.85561
257.102,106.77146
257.315,-85.84076
257.528,30.02558
257.741,-95.55859
257.954,-1.61964
258.167,-35.7566
258.38,65.15924
258.593,13.58003
258.806,-78.61469
259.019,64.91007
259.231,47.96617
259.444,88.83086
259.657,-14.82591
259.87,104.77806
260.083,65.90677
260.296,232.85397
260.509,-23.79621
260.722,146.88862
260.935,9.84241
261.147,19.31106
261.36,9.34406
261.573,136.92162
261.786,-38.24835
261.999,35.7566
262.211,-3.61304
262.424,10.09158
262.637,-117.98433
262.85,-18.31436
263.062,-112.25331
263.275,71.63779
263.488,-41.7368
263.7,11.83581
263.913,-84.09654
264.126,32.51733
264.338,98.79786
264.551,-42.7335
264.764,28.53053
264.976,99.29621
265.189,33.51403
265.402,-38.99588
265.614,-32.51733
265.827,31.7698
266.039,-132.93483
266.252,-14.32756
266.465,16.32096
266.677,43.97938
266.89,-1.86881
267.102,-20.80611
267.315,37.25165
267.527,112.00413
267.74,-39.99258
267.952,-42.98268
268.165,-43.7302
268.377,-55.6906
268.589,8.34736
268.802,77.36882
269.014,48.7137
269.227,98.79786
269.439,96.80446
269.651,-52.7005
269.864,-1.37046
270.076,58.18235
270.289,30.7731
270.501,-71.88697
270.713,107.02063
270.926,279.44968
271.138,24.04538
271.35,26.53713
271.562,-6.85231
271.775,39.7434
271.987,105.02723
272.199,-33.51403
272.411,1.86881
272.624,49.46122
272.836,-80.35891
273.048,-83.34901
273.26,-82.10314
273.472,44.97607
273.685,-5.10809
273.897,-9.59323
274.109,5.10809
274.321,-111.75496
274.533,100.29291
274.745,-10.58993
274.957,6.35396
275.17,-49.95957
275.382,-75.62459
275.594,-17.31766
275.806,-61.42162
276.018,-112.75166
276.23,22.30116
276.442,-33.51403
276.654,-23.54703
276.866,49.7104
277.078,151.1246
277.29,-29.52723
277.502,-13.82921
277.714,-42.23515
277.926,-19.31106
278.138,-51.95297
278.35,42.98268
278.562,-91.32261
278.773,-59.6774
278.985,-38.24835
279.197,19.80941
279.409,13.82921
279.621,-26.7863
279.833,23.79621
280.045,-35.50743
280.256,-0.62294
280.468,-61.17245
280.68,-21.05528
280.892,24.79291
281.104,-10.34076
281.315,-32.26815
281.527,-49.7104
281.739,-30.02558
281.951,40.98928
282.162,77.11964
282.374,128.2005
282.586,-0.62294
282.797,-44.97607
283.009,-12.83251
283.221,76.12294
283.432,77.61799
283.644,-93.56519
283.856,63.91337
284.067,-47.96617
284.279,61.91997
284.49,19.06188
284.702,-107.02063
284.914,126.45628
285.125,35.25825
285.337,-92.56849
285.548,-23.29786
285.76,52.94967
285.971,63.16584
286.183,113.00083
286.394,-81.35561
286.606,-17.81601
286.817,-14.57673
287.029,76.62129
287.24,-63.91337
287.452,65.40842
287.663,159.59654
287.874,-34.26155
288.086,34.01238
288.297,72.38532
288.509,7.84901
288.72,-22.79951
288.931,170.56024
289.143,74.87707
289.354,11.83581
289.565,-76.37212
289.777,132.93483
289.988,112.25331
290.199,-10.09158
290.411,-6.60314
290.622,-41.98598
290.833,-13.58003
291.044,-76.37212
291.256,-16.07178
291.467,-1.37046
291.678,-18.81271
291.889,31.27145
292.1,21.30446
292.312,-13.08168
292.523,101.53878
292.734,198.46783
292.945,-89.57839
293.156,-74.87707
293.367,1.12129
293.578,21.05528
293.789,20.30776
294.001,63.16584
294.212,4.36056
294.423,-104.77806
294.634,5.85561
294.845,115.24341
295.056,-50.7071
295.267,-55.93977
295.478,57.43482
295.689,0.62294
295.9,676.8837
296.111,-65.90677
296.322,-35.50743
296.533,-22.30116
296.744,-13.58003
296.954,34.26155
297.165,-47.717
297.376,33.26485
297.587,-65.90677
297.798,35.50743
298.009,4.60974
298.22,28.53053
298.431,65.90677
298.641,-48.96287
298.852,6.85231
299.063,-14.82591
299.274,102.78466
299.485,-56.93647
299.695,75.62459
299.906,-103.03383
300.117,-76.12294
300.328,30.02558
300.538,35.25825
300.749,-112.25331
300.96,-13.08168
301.171,45.47442
301.381,-45.7236
301.592,14.07838
301.803,-15.82261
302.013,-79.11304
302.224,28.53053
302.434,20.55693
302.645,-71.88697
302.856,61.17245
303.066,-39.7434
303.277,74.62789
303.487,-58.43152
303.698,-55.19225
303.908,-95.30941
304.119,8.09819
304.33,-42.48433
304.54,-56.6873
304.751,-76.37212
304.961,-33.51403
305.171,-21.05528
305.382,-158.59984
305.592,81.60479
305.803,-10.09158
306.013,-20.55693
306.224,39.7434
306.434,186.50744
306.644,14.07838
306.855,-32.26815
307.065,-38.24835
307.276,44.7269
307.486,6.85231
307.696,-17.81601
307.907,53.44802
308.117,-101.04043
308.327,88.33251
308.537,5.10809
308.748,-30.52393
308.958,-41.48763
309.168,-49.46122
309.379,61.17245
309.589,-23.79621
309.799,-65.40842
310.009,-32.7665
310.219,103.78136
310.43,-15.82261
310.64,28.03218
310.85,-38.7467
311.06,53.19885
311.27,36.7533
311.48,35.25825
311.69,76.87047
311.901,19.80941
312.111,46.7203
312.321,-13.82921
312.531,31.27145
312.741,-71.88697
312.951,50.45792
313.161,36.50413
313.371,26.7863
313.581,54.19555
313.791,-16.07178
314.001,-3.86221
314.211,39.24505
314.421,92.31931
314.631,45.22525
314.841,-5.35726
315.051,13.82921
315.261,48.96287
315.47,-22.79951
315.68,18.31436
315.89,-77.86717
316.1,-139.1642
316.31,52.7005
316.52,17.06848
316.73,-44.7269
316.939,53.44802
317.149,52.45132
317.359,9.59323
317.569,2.11799
317.779,91.07344
317.988,49.95957
318.198,-57.43482
318.408,102.03713
318.618,-32.01898
318.827,79.86057
319.037,-36.50413
319.247,95.55859
319.456,82.60149
319.666,87.58499
319.876,47.21865
320.085,72.38532
320.295,16.57013
320.505,49.7104
320.714,56.6873
320.924,125.70875
321.133,7.35066
321.343,6.35396
321.553,-5.60644
321.762,-42.23515
321.972,-84.09654
322.181,72.88367
322.391,32.7665
322.6,18.56353
322.81,-20.55693
323.019,-9.84241
323.229,3.36386
323.438,144.89522
323.648,109.76156
323.857,8.59654
324.066,-46.96947
324.276,-65.15924
324.485,78.36552
324.695,-25.54043
324.904,14.82591
325.113,67.90017
325.323,30.27475
325.532,32.01898
325.741,-37.25165
325.951,24.04538
326.16,57.684
326.369,57.684
326.579,90.57509
326.788,-33.01568
326.997,-1.12129
327.206,70.89027
327.416,39.7434
327.625,-25.04208
327.834,-84.84406
328.043,-59.6774
328.252,-130.44308
328.462,-26.03878
328.671,-48.7137
328.88,151.1246
329.089,-2.86551
329.298,-84.09654
329.507,-70.39192
329.716,43.97938
329.926,3.11469
330.135,-21.05528
330.344,-65.65759
330.553,-70.39192
330.762,79.61139
330.971,13.82921
331.18,71.13944
331.389,-67.15264
331.598,151.1246
331.807,-5.60644
332.016,42.48433
332.225,-73.13284
332.434,89.08004
332.643,53.19885
332.852,17.81601
333.06,21.05528
333.269,-0.87211
333.478,-108.01733
333.687,-60.92327
333.896,-51.20545
334.105,-10.58993
334.314,42.98268
334.523,-7.84901
334.731,-41.23845
334.94,101.78796
335.149,-35.50743
335.358,-73.13284
335.567,31.7698
335.775,146.1411
335.984,-52.45132
336.193,3.86221
336.402,47.96617
336.61,-29.7764
336.819,-23.79621
337.028,-23.79621
337.236,68.14934
337.445,0.87211
337.654,-8.09819
337.862,-40.49093
338.071,7.35066
338.279,-0.62294
338.488,-10.83911
338.697,22.79951
338.905,47.21865
339.114,116.2401
339.322,60.6741
339.531,-48.7137
339.739,-75.87377
339.948,70.89027
340.157,-37.50083
340.365,37.25165
340.574,-12.58333
340.782,-21.30446
340.99,-94.56189
341.199,-39.99258
341.407,-62.41832
341.616,20.05858
341.824,7.35066
342.033,0.37376
342.241,1.86881
342.449,10.09158
342.658,9.09488
342.866,29.52723
343.074,-28.53053
343.283,46.47112
343.491,53.44802
343.699,-30.7731
343.908,92.81766
344.116,8.84571
344.324,4.36056
344.532,155.36057
344.741,12.83251
344.949,-31.27145
345.157,-68.39852
345.365,-60.42492
345.574,-91.32261
345.782,66.90347
345.99,11.83581
346.198,-37.75
346.406,123.71535
346.614,-21.80281
346.823,58.6807
347.031,27.28465
347.239,-2.61634
347.447,-54.44472
347.655,-88.83086
347.863,60.92327
348.071,43.97938
348.279,-33.01568
348.487,1.61964
348.695,-54.94307
348.903,-27.03548
349.111,3.36386
349.319,23.04868
349.527,-50.95627
349.735,48.96287
349.943,77.36882
350.151,-35.50743
350.359,98.54868
350.567,31.02228
350.775,20.30776
350.983,44.47773
351.19,54.6939
351.398,52.20215
351.606,-47.96617
351.814,-9.59323
352.022,19.56023
352.23,134.67905
352.437,-1.61964
352.645,60.6741
352.853,-115.99093
353.061,108.26651
353.269,58.18235
353.476,-1.86881
353.684,37.25165
353.892,3.36386
354.099,26.53713
354.307,165.82592
354.515,103.28301
354.722,-69.14604
354.93,20.30776
355.138,-13.33086
355.345,33.51403
355.553,-121.2236
355.761,54.19555
355.968,-98.05033
356.176,-60.92327
356.383,31.52063
356.591,49.21205
356.799,8.34736
357.006,-59.17905
357.214,10.83911
357.421,85.84076
357.629,-19.06188
357.836,-74.62789
358.044,-10.83911
358.251,74.62789
358.458,-73.13284
358.666,-99.04703
358.873,-105.02723
359.081,14.82591
359.288,-3.36386
359.496,-50.20875
359.703,-28.28135
359.91,-45.22525
360.118,-14.82591
360.325,-99.79456
360.532,12.08498
360.74,13.08168
360.947,48.7137
361.154,-13.58003
361.362,-66.65429
361.569,5.60644
361.776,-90.07674
361.983,113.99753
362.191,-17.56683
362.398,-72.88367
362.605,-35.25825
362.812,-38.24835
363.019,3.61304
363.227,-24.79291
363.434,-101.28961
363.641,70.14274
363.848,82.35231
364.055,51.45462
364.262,29.7764
364.469,-96.55529
364.676,73.38202
364.883,-49.95957
365.091,-93.56519
365.298,16.57013
365.505,48.96287
365.712,201.70711
365.919,-71.13944
366.126,82.10314
366.333,788.26489
366.54,0.87211
366.747,-17.06848
366.954,84.09654
367.16,-22.55033
367.367,-2.61634
367.574,208.18565
367.781,8.59654
367.988,43.7302
368.195,-25.04208
368.402,13.58003
368.609,-32.01898
368.816,-65.15924
369.022,-30.7731
369.229,-173.30116
369.436,51.95297
369.643,-107.51898
369.85,-54.6939
370.056,92.56849
370.263,-24.04538
370.47,139.66255
370.677,-33.51403
370.883,11.58663
371.09,-5.10809
371.297,46.96947
371.503,-6.35396
371.71,-15.32426
371.917,-89.08004
372.123,148.1345
372.33,-40.98928
372.537,-81.60479
372.743,-75.62459
372.95,83.34901
373.156,33.51403
373.363,63.66419
373.57,-47.717
373.776,210.6774
373.983,-20.30776
374.189,-116.98763
374.396,8.09819
374.602,-41.48763
374.809,46.7203
375.015,23.04868
375.222,-144.39687
375.428,-46.96947
375.634,-31.52063
375.841,0.37376
376.047,-76.12294
376.254,77.11964
376.46,119.2302
376.666,64.91007
376.873,3.36386
377.079,-3.36386
377.286,-34.26155
377.492,4.36056
377.698,43.97938
377.904,64.66089
378.111,128.69885
378.317,-113.74836
378.523,-105.77476
378.73,-46.7203
378.936,-35.00908
379.142,26.7863
379.348,-17.56683
379.554,103.78136
379.761,13.33086
379.967,57.43482
380.173,-27.03548
380.379,-60.42492
380.585,-27.03548
380.791,103.28301
380.997,-66.40512
381.204,-105.02723
381.41,71.38862
381.616,-4.85891
381.822,-7.84901
382.028,-13.33086
382.234,-11.33746
382.44,-65.40842
382.646,-18.06518
382.852,-79.86057
383.058,-32.26815
383.264,58.43152
383.47,-102.03713
383.676,-40.7401
383.882,-142.1543
384.088,17.31766
384.294,-75.12624
384.5,-29.02888
384.705,-75.37542
384.911,-7.35066
385.117,-59.42822
385.323,83.59819
385.529,7.59984
385.735,-14.07838
385.941,1.12129
386.146,62.66749
386.352,19.06188
386.558,25.04208
386.764,-23.29786
386.969,7.35066
387.175,-43.97938
387.381,91.57179
387.587,-72.38532
387.792,-42.48433
387.998,59.6774
388.204,-30.27475
388.409,-34.01238
388.615,27.783
388.821,131.1906
389.026,20.55693
389.232,-78.61469
389.438,48.46452
389.643,3.11469
389.849,23.54703
390.054,-46.22195
390.26,-47.717
390.465,-25.04208
390.671,-77.36882
390.876,-93.31601
391.082,86.83746
391.287,-85.84076
391.493,-55.93977
391.698,55.6906
391.904,125.45958
392.109,148.63285
392.315,-159.84572
392.52,4.11139
392.726,-30.52393
392.931,35.00908
393.136,27.53383
393.342,-99.54538
393.547,-37.00248
393.752,97.05364
393.958,-7.84901
394.163,3.11469
394.368,-119.97773
394.574,47.96617
394.779,-132.93483
394.984,182.27146
395.19,-47.46782
395.395,-15.07508
395.6,68.14934
395.805,69.89357
396.01,-57.18565
396.216,238.08665
396.421,-8.34736
396.626,-25.54043
396.831,52.20215
397.036,-65.40842
397.241,-124.71205
397.447,55.93977
397.652,-22.30116
397.857,9.84241
398.062,-16.57013
398.267,-118.2335
398.472,-76.12294
398.677,30.27475
398.882,42.23515
399.087,11.58663
399.292,-98.05033
399.497,198.21866
399.702,-12.08498
399.907,1.37046
400.112,16.07178
400.317,-29.02888
400.522,7.35066
400.727,-17.31766
400.932,62.41832
401.137,-88.33251
401.341,66.90347
401.546,-5.10809
401.751,44.47773
401.956,3.36386
402.161,-11.58663
402.366,-29.7764
402.57,2.36716
402.775,25.29126
402.98,76.12294
403.185,52.45132
403.39,120.72525
403.594,53.94637
403.799,7.84901
404.004,-34.7599
404.208,-73.38202
404.413,-40.98928
404.618,-62.91667
404.822,-16.81931
405.027,-102.53548
405.232,13.08168
405.436,-62.41832
405.641,-47.21865
405.846,-113.99753
406.05,69.64439
406.255,-65.40842
406.459,44.22855
406.664,43.97938
406.868,-92.07014
407.073,229.36552
407.277,98.79786
407.482,-39.99258
407.686,18.31436
407.891,-82.85066
408.095,-16.07178
408.3,-3.11469
408.504,-18.81271
408.709,-53.94637
408.913,5.10809
409.118,-92.81766
409.322,49.21205
409.526,43.7302
409.731,129.94473
409.935,-24.54373
410.139,-40.24175
410.344,58.43152
410.548,-32.26815
410.752,35.25825
410.957,-5.10809
411.161,-36.00578
411.365,-89.82756
411.569,120.47608
411.774,93.81436
411.978,-20.05858
412.182,11.83581
412.386,-51.95297
412.59,33.51403
412.795,-89.08004
412.999,-16.57013
413.203,-2.36716
413.407,104.03053
413.611,13.82921
413.815,8.09819
414.019,65.15924
414.223,92.81766
414.427,-23.79621
414.632,80.60809
414.836,-61.91997
415.04,-38.99588
415.244,-53.94637
415.448,9.84241
415.652,-43.48103
415.856,9.09488
416.06,-0.87211
416.264,10.83911
416.467,123.217
416.671,-0.37376
416.875,144.39687
417.079,63.66419
417.283,65.15924
417.487,-12.83251
417.691,39.99258
417.895,46.7203
418.099,-66.15594
418.302,-39.24505
418.506,-90.07674
418.71,12.33416
418.914,-57.18565
419.118,-77.11964
419.321,-31.02228
419.525,25.78961
419.729,52.94967
419.933,75.87377
420.136,8.09819
420.34,17.31766
420.544,63.16584
420.747,32.51733
420.951,-7.84901
421.155,-58.18235
421.358,-16.81931
421.562,-1.61964
421.766,22.79951
421.969,80.10974
422.173,0.37376
422.376,-20.80611
422.58,-42.23515
422.783,-60.6741
422.987,-45.47442
423.19,71.63779
423.394,-0.87211
423.597,-3.36386
423.801,-84.59489
424.004,53.19885
424.208,89.32921
424.411,-17.56683
424.615,45.22525
424.818,-85.34241
425.022,71.63779
425.225,14.57673
425.428,-5.10809
425.632,89.08004
425.835,51.95297
426.038,13.82921
426.242,-43.97938
426.445,-94.81106
426.648,3.61304
426.852,-8.09819
427.055,34.26155
427.258,110.50908
427.461,43.23185
427.665,145.39357
427.868,160.09489
428.071,127.45298
428.274,129.94473
428.477,105.52558
428.681,232.35562
428.884,-84.34571
429.087,-3.36386
429.29,28.28135
429.493,112.75166
429.696,106.52228
429.899,37.00248
430.102,67.40182
430.306,113.25001
430.509,72.88367
430.712,115.24341
430.915,-31.02228
431.118,-57.43482
431.321,72.88367
431.524,-3.36386
431.727,37.75
431.93,11.08828
432.133,29.52723
432.336,92.56849
432.538,-3.86221
432.741,95.80776
432.944,62.16915
433.147,159.84572
433.35,199.46453
433.553,48.7137
433.756,72.13614
433.959,75.62459
434.161,205.19555
434.364,152.37047
434.567,167.57014
434.77,177.28796
434.973,152.61964
435.175,164.08169
435.378,288.91833
435.581,149.87872
435.784,138.66585
435.986,133.43318
436.189,205.94308
436.392,256.27642
436.594,137.66915
436.797,194.48103
437,289.16751
437.202,298.63615
437.405,279.20051
437.607,309.84903
437.81,364.41834
438.013,321.0619
438.215,258.26981
438.418,269.48269
438.62,310.0982
438.823,568.24343
439.025,506.69722
439.228,487.51075
439.43,399.05365
439.633,473.0586
439.835,487.0124
440.038,533.10976
440.24,638.01241
440.443,450.13451
440.645,540.58501
440.847,533.35894
441.05,490.75002
441.252,573.22693
441.455,675.38865
441.657,649.97281
441.859,656.45135
442.062,546.06686
442.264,641.99921
442.466,674.39195
442.668,735.43981
442.871,561.5157
443.073,518.90679
443.275,720.73849
443.477,626.55036
443.68,780.04212
443.882,570.486
444.084,527.12956
444.286,612.09822
444.488,595.15432
444.69,605.12132
444.893,680.37215
445.095,558.77478
445.297,437.17741
445.499,475.79953
445.701,478.29128
445.903,578.70878
446.105,486.76323
446.307,471.06521
446.509,465.33418
446.711,457.11141
446.913,431.19722
447.115,486.51405
447.317,494.23847
447.519,346.97609
447.721,279.44968
447.923,350.21536
448.125,259.76486
448.327,252.04044
448.529,303.86883
448.731,180.02889
448.933,254.53219
449.134,317.32427
449.336,248.80117
449.538,242.82097
449.74,292.15761
449.942,157.85232
450.144,305.86223
450.345,369.40183
450.547,132.68565
450.749,396.5619
450.951,163.33417
451.152,179.28136
451.354,174.04869
451.556,152.37047
451.757,250.04704
451.959,253.28632
452.161,227.12295
452.362,152.61964
452.564,173.05199
452.766,146.63945
452.967,146.1411
453.169,160.09489
453.37,153.11799
453.572,109.26321
453.774,72.38532
453.975,160.84242
454.177,166.82262
454.378,103.53218
454.58,133.43318
454.781,164.58004
454.983,120.47608
455.184,96.80446
455.386,193.73351
455.587,190.24506
455.788,62.66749
455.99,66.40512
456.191,162.08829
456.393,137.1708
456.594,52.45132
456.795,92.07014
456.997,144.64605
457.198,137.91832
457.399,168.56684
457.601,64.41172
457.802,111.25661
458.003,189.49753
458.205,125.70875
458.406,7.84901
458.607,123.46618
458.808,128.94803
459.009,132.68565
459.211,76.62129
459.412,300.62955
459.613,126.95463
459.814,193.73351
460.015,130.69225
460.217,172.30446
460.418,326.29457
460.619,289.91503
460.82,218.651
461.021,253.28632
461.222,350.21536
461.423,276.70876
461.624,74.62789
461.825,224.13285
462.026,141.65595
462.227,143.40017
462.428,266.74176
462.629,125.70875
462.83,344.23517
463.031,201.70711
463.232,214.16585
463.433,323.30447
463.634,189.99588
463.835,231.10975
464.036,294.40018
464.236,278.70216
464.437,309.59985
464.638,291.65926
464.839,344.48434
465.04,387.09325
465.241,395.31603
465.441,410.01735
465.642,423.22362
465.843,468.82263
466.044,441.91174
466.244,403.78797
466.445,343.98599
466.646,498.9728
466.847,460.84903
467.047,425.21702
467.248,570.23683
467.449,534.60481
467.649,678.12957
467.85,543.32593
468.05,581.4497
468.251,548.30943
468.452,581.20052
468.652,645.48766
468.853,657.69723
469.053,840.59163
469.254,658.44475
469.454,675.13947
469.655,839.34575
469.855,904.87876
470.056,810.69063
470.256,892.91836
470.457,869.74509
470.657,896.15764
470.858,891.42331
471.058,1111.1956
471.259,846.57182
471.459,910.60978
471.659,921.57348
471.86,960.44477
472.06,962.68734
472.26,1096.49428
472.461,1133.87052
472.661,1116.67745
472.861,1209.12135
473.062,1135.61474
473.262,1302.56195
473.462,1238.77316
473.662,1413.94314
473.863,1251.97944
474.063,1301.0669
474.263,1380.80287
474.463,1336.69891
474.663,1452.0669
474.864,1500.90519
475.064,1416.68406
475.264,1398.99264
475.464,1622.00421
475.664,1490.43984
475.864,1660.37715
476.064,1400.23852
476.264,1655.892
476.464,1526.32103
476.664,1648.66592
476.864,1645.67583
477.064,1546.5042
477.265,1621.25668
477.464,1746.09332
477.664,1707.47121
477.864,1719.68078
478.064,1754.06692
478.264,1877.15934
478.464,1898.83755
478.664,1819.35075
478.864,1853.48772
479.064,1922.26
479.264,1773.25339
479.464,1886.62798
479.663,2052.08014
479.863,1945.18409
480.063,1921.2633
480.263,1973.83921
480.463,2096.1841
480.663,1870.43161
480.862,2033.39202
481.062,2037.12964
481.262,2057.06363
481.461,1925.99762
481.661,2057.81116
481.861,2120.35407
482.061,2119.10819
482.26,2232.48279
482.46,2145.52074
482.66,2291.28807
482.859,2410.39369
483.059,2232.73196
483.258,2355.5752
483.458,2394.19732
483.658,2320.19236
483.857,2430.82603
484.057,2353.08345
484.256,2483.90029
484.456,2616.21218
484.655,2602.50756
484.855,2644.86729
485.054,2571.11152
485.254,2668.04056
485.453,2706.91185
485.653,2773.19238
485.852,2847.44651
486.051,2815.55212
486.251,2906.99932
486.45,2967.54883
486.649,3203.26831
486.849,2971.03728
487.048,3001.43662
487.248,3237.90363
487.447,3301.19406
487.646,3388.90364
487.845,3410.08351
488.045,3470.38384
488.244,3594.72213
488.443,3618.8921
488.642,3603.44325
488.842,3760.17428
489.041,3721.55217
489.24,3853.86406
489.439,3851.12313
489.638,4064.41687
489.838,4123.7205
490.037,4291.66441
490.236,4322.81127
490.435,4364.67266
490.634,4519.90864
490.833,4446.40204
491.032,4624.81129
491.231,4791.01097
491.43,4943.25685
491.629,5054.13969
491.828,5198.66115
492.027,5162.77996
492.226,5357.63476
492.425,5401.9879
492.624,5610.54731
492.823,5706.72884
493.022,5660.88065
493.221,5933.47802
493.42,5978.32951
493.619,6237.22226
493.818,6287.5556
494.017,6405.41534
494.216,6484.90214
494.414,6805.59028
494.613,6797.3675
494.812,6985.74375
495.011,7086.6596
495.21,7185.83122
495.408,7250.6167
495.607,7832.19099
495.806,7795.81145
496.005,8039.25536
496.203,8137.67945
496.402,8082.11344
496.601,8381.37253
496.799,8488.0194
496.998,8878.47652
497.197,8827.14648
497.395,9069.34452
497.594,9244.01614
497.793,9339.20097
497.991,9938.96502
498.19,9968.86601
498.388,10237.72576
498.587,10205.83137
498.785,10480.17297
498.984,10971.04758
499.182,10850.19774
499.381,11177.6136
499.579,11303.94529
499.778,11340.82318
499.976,11514.4981
500.175,11749.22089
500.373,12183.03444
500.572,12133.94698
500.77,12642.01466
500.968,12784.04437
501.167,12678.14503
501.365,13115.19786
501.564,13317.27872
501.762,13682.07082
501.96,13662.13683
502.159,14190.38768
502.357,14548.9504
502.555,14581.59232
502.753,14709.41906
502.952,15011.1699
503.15,15208.26727
503.348,15393.90259
503.546,15553.62372
503.745,15779.62538
503.943,16034.53134
504.141,16571.00496
504.339,16564.27724
504.537,16941.77726
504.735,16897.17494
504.933,17305.32348
505.132,17233.81027
505.33,17374.59411
505.528,17953.67665
505.726,18238.98194
505.924,18343.38624
506.122,18601.28229
506.32,18818.06448
506.518,19195.06615
506.716,19167.40773
506.914,19275.30048
507.112,19553.13052
507.31,19967.75761
507.508,20151.6487
507.706,20431.22298
507.904,20635.04807
508.101,20827.90946
508.299,21175.75767
508.497,21226.091
508.695,21567.46066
508.893,21635.73459
509.091,21978.10094
509.289,22303.27423
509.486,22014.72966
509.684,22487.16532
509.882,22845.97722
510.08,22787.67029
510.277,23318.91124
510.475,23364.51025
510.673,23511.77264
510.871,23594.49871
511.068,23761.44592
511.266,23880.30236
511.464,23965.52018
511.661,24145.67366
511.859,24559.05487
512.056,24910.14234
512.254,24990.87502
512.452,24682.89481
512.649,25190.21496
512.847,25270.44929
513.044,25936.24471
513.242,26004.02029
513.439,26193.39323
513.637,26003.77111
513.834,26638.17048
514.032,26770.2332
514.229,26176.94769
514.427,26850.21835
514.624,27014.6738
514.822,26906.78106
515.019,27456.71013
515.217,27281.78933
515.414,27231.70517
515.611,27622.41146
515.809,27710.12103
516.006,27861.37021
516.203,28484.80589
516.401,28289.70192
516.598,28348.75638
516.795,28593.19698
516.993,28367.19532
517.19,28792.7861
517.387,28698.09963
517.584,28997.6079
517.781,29409.24488
517.979,29265.47095
518.176,29447.36864
518.373,29287.39834
518.57,29383.08151
518.767,29302.84719
518.964,29914.82081
519.162,29866.48088
519.359,30258.93139
519.556,29818.88847
519.753,30614.75319
519.95,30373.30268
520.147,30333.4347
520.344,30553.70533
520.541,30666.83075
520.738,30460.76309
520.935,30781.20205
521.132,30759.52383
521.329,30817.33241
521.526,31188.85223
521.723,31007.70206
521.92,30981.53869
522.117,31403.14267
522.314,31412.36214
522.511,31372.9925
522.707,30774.97267
522.904,31036.35717
523.101,31819.2648
523.298,31401.64762
523.495,31463.94135
523.692,31011.19051
523.888,31460.20373
524.085,31319.66907
524.282,31551.40175
524.479,31537.44796
524.675,31795.09484
524.872,31454.47271
525.069,31525.48756
525.266,31925.16415
525.462,31731.55523
525.659,31399.9034
525.856,31587.53212
526.052,31597.99747
526.249,31551.9001
526.445,31208.78623
526.642,31407.12947
526.839,31914.6988
527.035,31203.55355
527.232,31980.97933
527.428,31140.26312
527.625,31619.67568
527.821,32064.45293
528.018,31317.67567
528.214,31792.60309
528.411,31329.13772
528.607,31169.41659
528.804,31177.39018
529,31472.91165
529.196,31315.68227
529.393,31000.97433
529.589,31324.40339
529.786,31181.87533
529.982,31238.18887
530.178,30654.37201
530.375,31367.75983
530.571,31166.92484
530.767,31163.43639
530.963,30958.6146
531.16,31033.36707
531.356,30951.88687
531.552,31055.04529
531.748,30669.57168
531.945,30827.54858
532.141,30705.20369
532.337,30664.08983
532.533,30619.23834
532.729,30812.84726
532.926,30621.48092
533.122,30796.90007
533.318,30818.82746
533.514,30690.75155
533.71,30266.90499
533.906,30494.15253
534.102,30302.537
534.298,30360.09641
534.494,30024.45778
534.69,30292.81918
534.886,29846.29771
535.082,30024.45778
535.278,30149.79277
535.474,30013.74326
535.67,29972.13105
535.866,29817.14424
536.062,29886.66405
536.258,29567.47096
536.454,29913.07659
536.65,29272.69702
536.846,29657.92146
537.041,29374.85874
537.237,29537.07162
537.433,29554.01551
537.629,28927.34057
537.825,28876.50888
538.02,29347.69867
538.216,29214.63926
538.412,29022.52539
538.608,28982.6574
538.803,28474.58972
538.999,28838.88347
539.195,28685.14253
539.39,28349.75308
539.586,28376.66397
539.782,28612.8818
539.977,28521.68378
540.173,28193.5204
540.369,27803.06328
540.564,28339.28773
540.76,28198.5039
540.955,27836.95107
541.151,28157.14086
541.347,28234.13591
541.542,27930.39167
541.738,27612.94281
541.933,27575.81575
542.129,27311.44114
542.324,27907.71675
542.519,27402.14082
542.715,26895.56819
542.91,27486.8603
543.106,27475.14907
543.301,27040.33882
543.497,26975.80251
543.692,27333.86689
543.887,27012.92958
544.083,26515.32724
544.278,26750.05003
544.473,26943.1606
544.669,26962.84542
544.864,26509.84539
545.059,26559.68038
545.254,26619.48236
545.45,26305.77113
545.645,26708.93616
545.84,26390.98895
546.035,26145.0533
546.23,26122.62755
546.426,26006.01369
546.621,25987.82392
546.816,26152.77772
547.011,25723.20014
547.206,25740.14404
547.401,25531.33544
547.596,25722.70179
547.791,25815.89321
547.986,25663.89651
548.181,25447.36349
548.376,25400.51861
548.572,25377.84369
548.767,25238.5549
548.961,25123.93443
549.156,24937.55159
549.351,25142.1242
549.546,24900.17535
549.741,24893.44762
549.936,24568.52351
550.131,24649.25619
550.326,24418.52021
550.521,24393.60271
550.716,24671.18359
550.911,24599.91956
551.105,24517.19348
551.3,24298.91624
551.495,23977.23141
551.69,24272.75287
551.885,24250.32713
552.079,23962.77926
552.274,23694.66703
552.469,23696.90961
552.664,23640.09773
552.858,23623.90135
553.053,23443.99706
553.248,23673.73634
553.442,23512.52016
553.637,23389.42775
553.832,23293.4954
554.026,23184.60595
554.221,23052.79242
554.415,23096.39803
554.61,22846.47557
554.804,23363.76273
554.999,22814.58118
555.194,22757.7693
555.388,22758.26765
555.583,22453.77588
555.777,22869.64884
555.972,22664.3287
556.166,22344.88644
556.36,22347.12901
556.555,22165.23131
556.749,22188.90293
556.944,22290.06795
557.138,22160.74617
557.332,21893.87982
557.527,22208.83693
557.721,21957.6686
557.915,21652.67848
558.11,21649.93756
558.304,21733.16199
558.498,21728.42766
558.693,21497.19333
558.887,21514.13722
559.081,21233.81543
559.275,21347.19002
559.47,20926.83191
559.664,21283.15206
559.858,20961.21805
560.052,20878.74115
560.246,20818.44082
560.44,20928.07779
560.635,20819.43752
560.829,20515.4441
561.023,20686.62728
561.217,20668.43751
561.411,20428.48205
561.605,20349.24442
561.799,20181.30052
561.993,20002.14375
562.187,20150.90118
562.381,19963.77081
562.575,19930.38137
562.769,19834.94737
562.963,19607.94901
563.157,19938.35496
563.351,19550.14042
563.545,19408.85824
563.739,19133.51994
563.933,19528.96055
564.126,19220.73117
564.32,19280.0348
564.514,19282.0282
564.708,19096.64205
564.902,18978.28396
565.096,19035.09584
565.289,18700.45391
565.483,18640.9011
565.677,18741.3186
565.871,18688.74269
566.064,18456.76083
566.258,18524.53641
566.452,18654.35655
566.645,18138.81362
566.839,17976.10239
567.033,18178.43243
567.226,18007.99678
567.42,18014.97368
567.614,17858.741
567.807,17875.18654
568.001,17647.19148
568.194,17676.34495
568.388,17602.09082
568.581,17399.01325
568.775,17322.0182
568.969,17363.13206
569.162,16746.42411
569.355,17298.59576
569.549,17137.87793
569.742,16975.41587
569.936,17030.98188
570.129,16645.75744
570.323,16443.92575
570.516,16450.15512
570.709,16591.68648
570.903,16488.52806
571.096,16483.79373
571.289,16396.33333
571.483,16008.36797
571.676,16272.74257
571.869,15820.49007
572.063,16020.32836
572.256,16023.56764
572.449,15654.29039
572.642,15706.11878
572.836,15538.17487
573.029,15333.35308
573.222,15283.26892
573.415,15305.19632
573.608,15350.79533
573.802,15119.56099
573.995,15059.50983
574.188,14815.06923
574.381,14922.96197
574.574,14873.12699
574.767,14595.04776
574.96,14467.4702
575.153,14448.03456
575.346,14497.37119
575.539,14443.30023
575.732,14154.50649
575.925,14223.27877
576.118,14061.81341
576.311,14059.57084
576.504,13882.65664
576.697,13780.24574
576.89,13506.15332
577.083,13582.65002
577.276,13456.56751
577.469,13296.34803
577.661,13260.96519
577.854,13066.85792
578.047,12975.41072
578.24,13080.31336
578.433,12898.41567
578.626,12583.70773
578.818,12712.53117
579.011,12726.23579
579.204,12534.62027
579.397,12444.41894
579.589,12186.77207
579.782,12134.69451
579.975,11997.39912
580.167,12001.88427
580.36,11864.58888
580.553,11892.49647
580.745,11700.13343
580.938,11706.86115
581.13,11589.00141
581.323,11343.06575
581.516,11195.80337
581.708,11316.15486
581.901,11144.97168
582.093,11044.05584
582.286,10629.9271
582.478,11085.1697
582.671,10750.02942
582.863,10566.63667
583.056,10583.58057
583.248,10456.25218
583.44,10357.5789
583.633,10225.76537
583.825,10150.76371
584.018,9947.93532
584.21,9930.2439
584.402,9936.2241
584.595,9771.76864
584.787,9569.18943
584.979,9496.43035
585.172,9332.97159
585.364,9414.45179
585.556,9270.67786
585.748,9071.33792
585.941,8788.2752
586.133,8813.69104
586.325,8859.53923
586.517,8563.76858
586.709,8704.30324
586.901,8322.56725
587.094,8254.29332
587.286,8170.81972
587.478,8147.39727
587.67,8026.79661
587.862,7935.34941
588.054,7845.14808
588.246,7740.49461
588.438,7760.42861
588.63,7751.20914
588.822,7407.84608
589.014,7360.50285
589.206,7512.49955
589.398,7232.42693
589.59,7039.06719
589.782,7014.39887
589.974,6979.01603
590.166,6833.24869
590.358,6804.59358
590.55,6732.33285
590.741,6690.22228
590.933,6605.50281
591.125,6326.92524
591.317,6143.78166
591.509,6283.07045
591.701,6247.18926
591.892,6051.83611
592.084,6138.54899
592.276,5774.75359
592.468,5762.29484
592.659,5700.25029
592.851,5558.9681
593.043,5618.27174
593.234,5599.83279
593.426,5327.98294
593.618,5380.80803
593.809,5313.5308
594.001,5231.05389
594.193,5176.23541
594.384,5115.18755
594.576,4902.39216
594.767,4864.01922
594.959,4785.27994
595.15,4676.3905
595.342,4691.83935
595.533,4688.84925
595.725,4508.19742
595.916,4453.37894
596.108,4425.72052
596.299,4455.87069
596.491,4248.05879
596.682,4305.86738
596.873,4252.79312
597.065,4092.57364
597.256,4013.83436
597.447,3901.45647
597.639,3884.01422
597.83,3834.17924
598.021,3651.78319
598.213,3763.91191
598.404,3655.76999
598.595,3599.70563
598.786,3359.75017
598.978,3362.74027
599.169,3270.79472
599.36,3345.79637
599.551,3206.75676
599.742,3136.48943
599.934,3208.25181
600.125,3021.37061
600.316,3032.58349
600.507,2847.69569
600.698,2994.21055
600.889,2783.65773
601.08,2908.2452
601.271,2681.74518
601.462,2635.39865
601.653,2659.81779
601.844,2589.79964
602.035,2501.59171
602.226,2403.66596
602.417,2411.14121
602.608,2264.128
602.799,2367.03725
602.99,2208.31282
603.181,2214.79137
603.372,2458.48445
603.563,2079.2402
603.754,2215.78807
603.944,2120.35407
604.135,2019.93657
604.326,2072.76166
604.517,1911.04713
604.708,1766.02732
604.898,1833.30455
605.089,1788.45306
605.28,1874.66759
605.471,1716.93986
605.661,1658.38375
605.852,1571.67087
606.043,1560.20882
606.233,1567.68407
606.424,1424.40849
606.615,1714.69728
606.805,1468.0141
606.996,1356.88208
607.186,1254.96954
607.377,1322.74512
607.568,1288.60815
607.758,1318.25997
607.949,1474.24347
608.139,1115.68075
608.33,1179.71871
608.52,1101.97613
608.711,1163.27316
608.901,1103.222
609.092,985.61144
609.282,1111.44478
609.472,900.64278
609.663,1006.54213
609.853,1058.61969
610.044,891.17414
610.234,882.45301
610.424,779.54377
610.615,1046.90847
610.805,747.64938
610.995,803.96291
611.185,745.4068
611.376,785.77314
611.566,801.72034
611.756,828.8804
611.946,683.36225
612.137,898.64939
612.327,681.8672
612.517,616.58336
612.707,635.02231
612.897,588.4266
613.087,569.4893
613.277,510.18567
613.468,444.65266
613.658,526.13286
613.848,552.29623
614.038,501.9629
614.228,492.49425
614.418,557.77808
614.608,529.87049
614.798,383.6048
614.988,353.70381
615.178,437.67576
615.368,372.39193
615.558,480.78303
615.748,428.95464
615.937,575.4695
616.127,268.98434
616.317,324.30117
616.507,261.25991
616.697,345.97939
616.887,462.09491
617.077,264.99754
617.266,373.63781
617.456,280.44638
617.646,216.15925
617.836,232.85397
618.025,279.94803
618.215,250.29622
618.405,265.99424
618.595,198.46783
618.784,261.25991
618.974,202.70381
619.164,271.97444
619.353,270.72856
619.543,253.03714
619.732,180.52724
619.922,347.22527
620.112,202.20546
620.301,228.86717
620.491,149.62955
620.68,57.684
620.87,203.70051
621.059,145.89192
621.249,162.33747
621.438,216.15925
621.628,260.01404
621.817,153.61634
622.006,196.72361
622.196,94.81106
622.385,105.02723
622.575,158.35067
622.764,106.02393
622.953,137.1708
623.143,81.85396
623.332,291.41008
623.521,220.39523
623.711,153.11799
623.9,183.76651
624.089,100.04373
624.278,98.29951
624.468,119.2302
624.657,174.29786
624.846,97.30281
625.035,133.43318
625.224,123.46618
625.413,174.04869
625.603,170.06189
625.792,20.55693
625.981,128.94803
626.17,154.61304
626.359,84.59489
626.548,96.55529
626.737,355.44804
626.926,53.19885
627.115,42.23515
627.304,63.16584
627.493,71.38862
627.682,104.77806
627.871,7.59984
628.06,69.89357
628.249,58.18235
628.438,104.27971
628.627,57.684
628.816,102.78466
629.004,80.35891
629.193,52.20215
629.382,52.94967
629.571,114.74506
629.76,47.717
629.949,-15.57343
630.137,142.90182
630.326,102.78466
630.515,120.97443
630.704,60.42492
630.892,138.66585
631.081,-46.7203
631.27,43.48103
631.458,48.7137
631.647,12.33416
631.836,98.05033
632.024,58.6807
632.213,89.32921
632.401,113.49918
632.59,198.96618
632.779,180.77641
632.967,9.34406
633.156,93.31601
633.344,53.94637
633.533,128.2005
633.721,-26.7863
633.91,108.26651
634.098,100.04373
634.286,-5.10809
634.475,23.79621
634.663,71.88697
634.852,-11.58663
635.04,73.88037
635.228,-35.50743
635.417,19.06188
635.605,72.63449
635.793,711.51901
635.982,-19.56023
636.17,133.184
636.358,36.7533
636.547,24.54373
636.735,-43.97938
636.923,17.31766
637.111,52.45132
637.299,92.31931
637.488,2.86551
637.676,84.09654
637.864,18.06518
638.052,85.84076
638.24,50.7071
638.428,7.35066
638.616,2.86551
638.804,103.53218
638.992,27.03548
639.18,10.83911
639.369,57.18565
639.557,47.717
639.745,5.85561
639.933,25.04208
640.12,-8.09819
640.308,45.7236
640.496,112.25331
640.684,-8.59654
640.872,217.15595
641.06,11.58663
641.248,-24.29456
641.436,108.51568
641.624,-13.82921
641.811,-42.48433
641.999,44.47773
642.187,63.66419
642.375,-10.83911
642.563,29.27805
642.75,3.36386
642.938,48.96287
643.126,114.49588
643.314,42.98268
643.501,87.83416
643.689,-15.57343
643.877,33.51403
644.064,-38.99588
644.252,-43.23185
644.439,99.79456
644.627,-3.86221
644.815,62.41832
645.002,-30.7731
645.19,-61.6708
645.377,82.60149
645.565,-16.81931
645.752,87.33581
645.94,14.32756
646.127,-2.11799
646.315,-27.03548
646.502,121.97113
646.69,-51.95297
646.877,70.39192
647.064,33.51403
647.252,-43.23185
647.439,-33.51403
647.627,-21.30446
647.814,-56.18895
648.001,11.08828
648.189,-39.99258
648.376,-67.90017
648.563,-141.90512
648.75,42.7335
648.938,75.37542
649.125,-3.36386
649.312,-85.59159
649.499,-13.08168
649.686,33.51403
649.874,57.43482
650.061,84.84406
650.248,93.56519
650.435,94.06354
650.622,-87.58499
650.809,-52.7005
650.996,-95.30941
651.183,-4.60974
651.37,-112.75166
651.557,66.15594
651.744,-17.31766
651.931,-51.7038
652.118,-39.49423
652.305,100.54208
652.492,11.83581
652.679,-14.32756
652.866,-35.25825
653.053,40.7401
653.24,-33.26485
653.427,-16.07178
653.614,62.16915
653.801,24.04538
653.987,-45.22525
654.174,-71.88697
654.361,-52.45132
654.548,38.7467
654.735,-21.30446
654.921,-26.53713
655.108,-13.82921
655.295,8.84571
655.481,49.7104
655.668,0.62294
655.855,-30.02558
656.041,-13.58003
656.228,-16.32096
656.415,-53.44802
656.601,-67.90017
656.788,-57.43482
656.975,-29.52723
657.161,-27.783
657.348,40.49093
657.534,63.66419
657.721,-71.13944
657.907,-46.7203
658.094,-4.11139
658.28,111.75496
658.467,-51.95297
658.653,-1.61964
658.84,-42.48433
659.026,112.25331
659.212,92.07014
659.399,1.86881
659.585,-89.57839
659.771,65.40842
659.958,-76.62129
660.144,-33.7632
660.33,596.64937
660.517,-50.20875
660.703,-24.29456
660.889,-67.90017
661.075,39.49423
661.262,27.28465
661.448,-12.08498
661.634,68.39852
661.82,-71.13944
662.006,-69.14604
662.193,-8.84571
662.379,28.03218
662.565,39.24505
662.751,-48.21535
662.937,96.05694
663.123,-22.55033
663.309,-34.26155
663.495,114.74506
663.681,25.54043
663.867,38.7467
664.053,23.79621
664.239,56.43812
664.425,-70.64109
664.611,-61.17245
664.797,1.61964
664.983,16.81931
665.169,34.01238
665.355,-105.27641
665.541,83.34901
665.726,-33.26485
665.912,-115.74176
666.098,-15.57343
666.284,10.58993
666.47,14.57673
666.655,-75.87377
666.841,-96.55529
667.027,8.84571
667.213,14.57673
667.398,73.38202
667.584,102.03713
667.77,74.12954
667.955,9.34406
668.141,47.21865
668.327,3.11469
668.512,190.24506
668.698,95.06024
668.884,-44.7269
669.069,-6.60314
669.255,-17.81601
669.44,-1.12129
669.626,115.99093
669.811,-35.25825
669.997,-32.26815
670.182,-16.07178
670.368,-57.684
670.553,-119.72855
670.739,18.56353
670.924,-24.79291
671.109,-21.05528
671.295,25.29126
671.48,-6.35396
671.665,-44.7269
671.851,13.33086
672.036,3.86221
672.221,-41.7368
672.407,-6.60314
672.592,26.03878
672.777,22.05198
672.962,-88.08334
673.148,-5.35726
673.333,-15.07508
673.518,-54.94307
673.703,30.02558
673.888,37.00248
674.074,-80.85726
674.259,-17.31766
674.444,-19.31106
674.629,-76.87047
674.814,22.30116
674.999,-49.21205
675.184,-28.7797
675.369,4.36056
675.554,44.47773
675.739,-30.02558
675.924,-42.23515
676.109,11.83581
676.294,-56.6873
676.479,28.03218
676.664,-2.11799
676.849,-33.26485
677.034,27.783
677.219,26.03878
677.404,-12.08498
677.588,-16.07178
677.773,21.55363
677.958,60.17575
678.143,-68.64769
678.328,17.06848
678.512,40.49093
678.697,71.38862
678.882,58.6807
679.067,0.12459
679.251,-24.04538
679.436,-58.18235
679.621,58.43152
679.805,137.41997
679.99,21.30446
680.175,-30.02558
680.359,-91.82096
680.544,-92.56849
680.729,-4.36056
680.913,120.2269
681.098,-84.84406
681.282,32.26815
681.467,-16.07178
681.651,-61.6708
681.836,-9.84241
682.02,-7.84901
682.205,49.7104
682.389,93.81436
682.573,4.36056
682.758,28.03218
682.942,-44.47773
683.127,79.36222
683.311,30.7731
683.495,92.56849
683.68,77.36882
683.864,18.06518
684.048,61.6708
684.233,-65.40842
684.417,107.76816
684.601,30.27475
684.785,43.23185
684.97,13.82921
685.154,136.42327
685.338,88.08334
685.522,56.18895
685.706,30.7731
685.89,-54.44472
686.075,16.32096
686.259,-65.40842
686.443,140.65925
686.627,-38.99588
686.811,60.6741
686.995,51.20545
687.179,-15.57343
687.363,39.7434
687.547,60.92327
687.731,76.87047
687.915,144.89522
688.099,-53.19885
688.283,6.85231
688.467,116.2401
688.651,-40.24175
688.835,40.98928
689.018,21.30446
689.202,3.11469
689.386,-12.83251
689.57,127.2038
689.754,-31.7698
689.938,4.60974
690.121,-46.7203
690.305,7.59984
690.489,12.83251
690.673,38.99588
690.856,38.49753
691.04,147.88532
691.224,-18.81271
691.407,-71.63779
691.591,75.12624
691.775,-41.48763
691.958,86.33911
692.142,59.42822
692.325,18.81271
692.509,157.85232
692.693,-44.7269
692.876,18.31436
693.06,-25.04208
693.243,9.59323
693.427,-45.22525
693.61,-20.55693
693.794,-62.66749
693.977,-25.29126
694.16,33.51403
694.344,95.30941
694.527,63.16584
694.711,-2.36716
694.894,-10.83911
695.077,48.96287
695.261,-49.21205
695.444,61.91997
695.627,-34.26155
695.811,99.54538
695.994,-15.82261
696.177,17.81601
696.36,24.54373
696.543,39.24505
696.727,80.35891
696.91,73.38202
697.093,-47.21865
697.276,-17.81601
697.459,-10.09158
697.642,87.33581
697.826,-22.79951
698.009,70.39192
698.192,14.32756
698.375,4.60974
698.558,-11.58663
698.741,120.72525
698.924,133.68235
699.107,-22.05198
699.29,-67.65099
699.473,123.71535
699.656,70.89027
699.839,28.7797
700.022,25.04208
700.205,135.42657
700.387,-86.83746
700.57,7.35066
700.753,-11.58663
700.936,35.50743
701.119,2.86551
701.302,-84.59489
701.484,35.25825
701.667,22.05198
701.85,-102.03713
702.033,-4.11139
702.215,180.77641
702.398,5.60644
702.581,160.34407
702.763,-13.58003
702.946,34.51073
703.129,-39.7434
703.311,13.08168
703.494,-19.31106
703.677,127.95133
703.859,18.31436
704.042,-68.14934
704.224,-70.89027
704.407,35.00908
704.589,13.82921
704.772,-24.29456
704.954,-21.55363
705.137,7.10149
705.319,94.56189
705.502,24.79291
705.684,-33.01568
705.866,-9.84241
706.049,-9.34406
706.231,87.08664
706.414,-9.84241
706.596,50.45792
706.778,136.67245
706.961,45.47442
707.143,150.37707
707.325,48.7137
707.507,-33.26485
707.69,42.23515
707.872,-46.47112
708.054,110.25991
708.236,40.98928
708.418,22.79951
708.601,-52.45132
708.783,-19.56023
708.965,-35.00908
709.147,-7.59984
709.329,10.83911
709.511,-91.07344
709.693,-24.54373
709.875,51.20545
710.057,-44.47773
710.239,-97.05364
710.421,20.05858
710.603,-25.78961
710.785,-93.81436
710.967,-26.7863
711.149,-37.99918
711.331,38.24835
711.513,-15.82261
711.695,-24.79291
711.877,2.61634
712.059,79.86057
712.24,-90.82426
712.422,-39.7434
712.604,64.66089
712.786,22.30116
712.968,-64.16254
713.149,16.07178
713.331,93.31601
713.513,21.80281
713.695,-35.7566
713.876,-18.31436
714.058,-34.51073
714.24,-35.00908
714.421,-14.57673
714.603,9.84241
714.785,-1.12129
714.966,20.55693
715.148,38.24835
715.329,60.92327
715.511,-25.29126
715.692,-19.06188
715.874,-94.31271
716.055,0.12459
716.237,6.85231
716.418,-54.19555
716.6,-144.1477
716.781,-111.00743
716.963,-44.7269
717.144,28.7797
717.325,-47.96617
717.507,37.75
717.688,12.08498
717.87,65.90677
718.051,-64.16254
718.232,-15.57343
718.413,-26.53713
718.595,137.66915
718.776,24.04538
718.957,98.05033
719.138,-52.7005
719.32,28.28135
719.501,5.60644
719.682,-60.6741
719.863,-41.48763
720.044,-32.7665
720.225,-55.6906
720.407,-38.99588
720.588,67.65099
720.769,-8.09819
720.95,82.85066
721.131,-103.53218
721.312,3.86221
721.493,-103.78136
721.674,-44.97607
721.855,36.7533
722.036,-0.12459
722.217,-25.04208
722.398,-10.09158
722.579,-33.7632
722.76,-54.94307
722.94,71.38862
723.121,-24.79291
723.302,-64.41172
723.483,-40.49093
723.664,-12.33416
723.845,-86.08994
724.025,-2.36716
724.206,-17.81601
724.387,27.03548
724.568,63.66419
724.748,62.66749
724.929,-49.46122
725.11,0.87211
725.29,-84.59489
725.471,-52.94967
725.652,-97.80116
725.832,-21.80281
726.013,-2.36716
726.194,-26.28796
726.374,-112.00413
726.555,-7.10149
726.735,144.1477
726.916,31.7698
727.096,-8.34736
727.277,130.69225
727.457,52.7005
727.638,-59.17905
727.818,14.82591
727.999,-38.49753
728.179,-108.51568
728.359,-24.29456
728.54,-96.30611
728.72,48.21535
728.9,-78.86387
729.081,-53.6972
729.261,-41.98598
729.441,99.79456
729.622,-110.50908
729.802,-97.55199
729.982,-11.08828
730.162,59.17905
730.343,36.50413
730.523,-98.79786
730.703,-65.65759
730.883,4.85891
731.063,-21.55363
731.243,5.10809
731.424,29.02888
731.604,-93.06684
731.784,-95.80776
731.964,52.45132
732.144,-51.20545
732.324,-32.01898
732.504,-125.95793
732.684,51.20545
732.864,-113.74836
733.044,24.29456
733.224,-74.62789
733.404,-96.80446
733.584,-111.50578
733.764,52.20215
733.943,-26.53713
734.123,-22.05198
734.303,-21.30446
734.483,7.10149
734.663,20.30776
734.843,57.684
735.022,-36.25495
735.202,32.51733
735.382,6.35396
735.562,-47.96617
735.741,-98.29951
735.921,66.90347
736.101,-37.75
736.281,-6.85231
736.46,4.11139
736.64,31.7698
736.819,-26.7863
736.999,-27.03548
737.179,148.38367
737.358,52.45132
737.538,-138.66585
737.717,-46.47112
737.897,-20.80611
738.076,123.46618
738.256,-24.54373
738.435,83.09984
738.615,-52.20215
738.794,-8.09819
738.974,-61.6708
739.153,-5.10809
739.332,41.98598
739.512,31.27145
739.691,-86.83746
739.871,-94.81106
740.05,15.32426
740.229,-83.34901
740.408,-76.12294
740.588,36.25495
740.767,-31.27145
740.946,34.26155
741.126,-39.7434
741.305,-54.6939
741.484,-4.85891
741.663,-1.37046
741.842,-3.36386
742.021,102.28631
742.201,14.57673
742.38,31.27145
742.559,-37.50083
742.738,-79.61139
742.917,34.7599
743.096,143.40017
743.275,-64.41172
743.454,-57.93317
743.633,-53.19885
743.812,101.04043
743.991,-38.7467
744.17,-63.66419
744.349,58.6807
744.528,15.07508
744.707,-28.53053
744.886,2.86551
745.064,-73.88037
745.243,-57.18565
745.422,-19.06188
745.601,-26.7863
745.78,49.95957
745.958,14.07838
746.137,-32.26815
746.316,-31.52063
746.495,84.09654
746.673,-71.63779
746.852,-69.64439
747.031,-113.49918
747.209,121.47278
747.388,-5.85561
747.567,-75.37542
747.745,29.52723
747.924,9.84241
748.103,37.50083
748.281,-51.7038
748.46,18.56353
748.638,65.15924
748.817,96.30611
748.995,40.24175
749.174,23.79621
749.352,112.25331
749.531,71.13944
749.709,-8.84571
749.888,61.17245
750.066,-76.12294
750.244,-22.05198
750.423,-24.04538
750.601,-86.58829
750.779,-90.32591
750.958,-52.45132
751.136,-23.54703
751.314,-85.59159
751.493,-26.53713
751.671,22.79951
751.849,9.34406
752.027,-99.79456
752.205,57.43482
752.384,31.7698
752.562,25.78961
752.74,-14.32756
752.918,1.37046
753.096,70.89027
753.274,-85.59159
753.452,40.98928
753.63,-64.91007
753.809,-20.05858
753.987,-5.60644
754.165,-61.91997
754.343,-45.22525
754.521,-75.62459
754.699,-86.08994
754.876,-54.6939
755.054,23.29786
755.232,31.7698
755.41,-25.29126
755.588,75.87377
755.766,-24.04538
755.944,-57.18565
756.122,-104.77806
756.3,6.10479
756.477,-20.30776
756.655,-36.25495
756.833,-8.84571
757.011,46.22195
757.188,75.37542
757.366,58.6807
757.544,-14.07838
757.721,4.36056
757.899,51.20545
758.077,39.49423
758.254,-33.51403
758.432,27.28465
758.61,27.28465
758.787,39.49423
758.965,15.82261
759.142,21.80281
759.32,-69.64439
759.497,28.28135
759.675,-53.19885
759.852,-57.18565
760.03,158.84902
760.207,-8.09819
760.385,-4.36056
760.562,29.27805
760.74,34.51073
760.917,30.27475
761.094,27.53383
761.272,17.81601
761.449,-17.31766
761.626,-24.54373
761.804,-50.7071
761.981,26.7863
762.158,-30.27475
762.335,-111.00743
762.513,43.23185
762.69,-93.81436
762.867,29.52723
763.044,73.38202
763.221,-39.24505
763.399,18.06518
763.576,-63.91337
763.753,6.10479
763.93,-24.79291
764.107,-86.83746
764.284,-51.20545
764.461,-81.60479
764.638,-58.92987
764.815,5.85561
764.992,-54.44472
765.169,-21.55363
765.346,-7.10149
765.523,-19.06188
765.7,20.80611
765.877,152.37047
766.054,32.7665
766.231,138.66585
766.408,-68.64769
766.584,-110.75826
766.761,-95.06024
766.938,-78.86387
767.115,11.83581
767.292,39.99258
767.468,0.87211
767.645,-130.44308
767.822,12.08498
767.999,-73.13284
768.175,-65.65759
768.352,-104.03053
768.529,-31.7698
768.705,41.7368
768.882,26.28796
769.059,-48.7137
769.235,-5.85561
769.412,71.88697
769.588,-3.36386
769.765,-50.7071
769.941,32.51733
770.118,-51.95297
770.294,80.60809
770.471,28.03218
770.647,156.60644
770.824,-37.50083
771,165.57674
771.177,-49.7104
771.353,-25.78961
771.529,-83.34901
771.706,33.01568
771.882,105.02723
772.058,-61.17245
772.235,-57.18565
772.411,-40.7401
772.587,38.7467
772.764,-69.89357
772.94,-89.08004
773.116,-129.69555
773.292,-170.56024
773.468,-23.29786
773.645,-4.36056
773.821,-161.83912
773.997,-148.63285
774.173,158.35067
774.349,71.88697
774.525,-82.85066
774.701,-21.30446
774.877,6.10479
775.053,-19.31106
775.229,-36.00578
775.405,77.11964
775.581,50.95627
775.757,-42.48433
775.933,-78.86387
776.109,-60.17575
776.285,-43.97938
776.461,-1.12129
776.637,-11.08828
776.813,-21.80281
776.989,37.99918
777.165,-112.50248
777.34,-70.14274
777.516,-36.00578
777.692,18.81271
777.868,85.59159
778.043,66.15594
778.219,3.11469
778.395,-24.79291
778.571,-17.56683
778.746,30.02558
778.922,-38.49753
779.098,-43.48103
779.273,-88.33251
779.449,277.70546
779.624,-87.58499
779.8,-15.32426
779.976,-38.7467
780.151,1.61964
780.327,-35.7566
780.502,4.36056
780.678,-41.98598
780.853,-9.09488
781.029,-9.59323
781.204,126.2071
781.38,-69.89357
781.555,-44.47773
781.73,-9.59323
781.906,16.57013
782.081,3.86221
782.256,-58.43152
782.432,-72.13614
782.607,-82.60149
782.782,38.7467
782.958,58.43152
783.133,-27.03548
783.308,105.52558
783.483,39.24505
783.659,-93.31601
783.834,14.07838
784.009,-123.96453
784.184,68.89687
784.359,45.22525
784.534,-89.82756
784.709,-7.10149
784.885,-59.17905
785.06,-30.52393
785.235,37.99918
785.41,150.62625
785.585,-39.99258
785.76,-11.58663
785.935,75.87377
786.11,-30.27475
786.285,-62.16915
786.46,189.74671
786.634,55.93977
786.809,90.32591
786.984,-0.12459
787.159,-29.7764
787.334,-54.44472
787.509,50.95627
787.684,-20.55693
787.858,-127.2038
788.033,-129.69555
788.208,68.64769
788.383,-68.39852
788.557,-38.49753
788.732,4.36056
788.907,8.59654
789.082,-55.93977
789.256,5.10809
789.431,-14.32756
789.605,-42.48433
789.78,-12.33416
789.955,-10.58993
790.129,-31.02228
790.304,6.35396
790.478,14.07838
790.653,-84.09654
790.827,-99.04703
791.002,-16.32096
791.176,-10.58993
791.351,56.18895
791.525,43.23185
791.7,-53.6972
791.874,-30.52393
792.048,45.47442
792.223,-17.31766
792.397,75.87377
792.572,-33.26485
792.746,-77.36882
792.92,-10.83911
793.094,24.29456
793.269,-31.27145
793.443,-88.58169
793.617,-44.22855
793.791,46.7203
793.966,99.29621
794.14,2.86551
794.314,-35.50743
794.488,-46.96947
794.662,75.62459
794.836,-54.19555
795.01,16.81931
795.185,192.23846
795.359,55.6906
795.533,-47.96617
795.707,-75.62459
795.881,-39.49423
796.055,-23.29786
796.229,-120.2269
796.403,-100.54208
796.577,-1.12129
796.75,-61.17245
796.924,-89.82756
797.098,-74.87707
797.272,-10.34076
797.446,143.40017
797.62,-7.59984
797.794,-113.49918
797.967,8.84571
798.141,-155.36057
798.315,-109.26321
798.489,-60.17575
798.663,-66.90347
798.836,28.03218
799.01,-104.52888
799.184,-119.72855
799.357,-59.6774
799.531,54.6939
799.705,7.10149
799.878,48.7137
800.052,-27.03548
800.225,155.36057
800.399,47.717
800.572,8.34736
800.746,119.97773
800.92,88.33251
801.093,-52.20215
801.266,-72.13614
801.44,17.56683
801.613,-29.27805
801.787,5.10809
801.96,-102.78466
802.134,10.34076
802.307,-35.00908
802.48,-15.07508
802.654,-37.50083
802.827,2.11799
803,3.11469
803.174,64.41172
803.347,5.85561
803.52,-23.54703
803.693,-38.49753
803.867,-30.27475
804.04,-15.07508
804.213,12.08498
804.386,-2.36716
804.559,-66.15594
804.732,57.684
804.906,73.13284
805.079,228.618
805.252,69.89357
805.425,-1.86881
805.598,-43.23185
805.771,-37.00248
805.944,-33.01568
806.117,-102.28631
806.29,296.64275
806.463,137.66915
806.636,48.7137
806.809,45.22525
806.982,-89.82756
807.154,-7.10149
807.327,54.6939
807.5,88.08334
807.673,-63.41502
807.846,32.51733
808.019,-39.99258
808.191,28.03218
808.364,-48.46452
808.537,-17.06848
808.71,-54.44472
808.882,-31.52063
809.055,96.05694
809.228,68.64769
809.4,-39.49423
809.573,-104.27971
809.746,-22.55033
809.918,-69.89357
810.091,-75.37542
810.263,-94.31271
810.436,-28.28135
810.609,-11.58663
810.781,154.86222
810.954,-27.28465
811.126,-47.21865
811.299,52.94967
811.471,53.44802
811.643,75.12624
811.816,-41.23845
811.988,-69.39522
812.161,3.86221
812.333,-84.59489
812.505,125.45958
812.678,186.00909
812.85,131.1906
813.022,30.02558
813.195,15.57343
813.367,-57.684
813.539,-67.15264
813.711,34.51073
813.884,37.00248
814.056,51.45462
814.228,-43.97938
814.4,117.73515
814.572,57.93317
814.744,98.29951
814.917,0.87211
815.089,-37.00248
815.261,-122.96783
815.433,22.79951
815.605,-22.79951
815.777,-59.42822
815.949,76.87047
816.121,157.10479
816.293,-84.09654
816.465,13.33086
816.637,2.61634
816.809,98.54868
816.98,-38.7467
817.152,94.31271
817.324,-13.82921
817.496,-3.86221
817.668,13.58003
817.84,95.80776
818.011,-9.09488
818.183,37.00248
818.355,-21.80281
818.527,-17.56683
818.698,-121.72195
818.87,-64.91007
819.042,-85.59159
819.214,-49.7104
819.385,-40.98928
819.557,-25.54043
819.728,-24.04538
819.9,-51.20545
820.072,58.6807
820.243,2.36716
820.415,-32.7665
820.586,-34.51073
820.758,8.84571
820.929,-15.82261
821.101,106.52228
821.272,-65.65759
821.444,-3.36386
821.615,150.62625
821.787,57.18565
821.958,-18.81271
822.129,-47.21865
822.301,-73.63119
822.472,-45.97277
822.643,-10.09158
822.815,-59.42822
822.986,67.65099
823.157,-117.98433
823.328,13.82921
823.5,31.27145
823.671,31.7698
823.842,-95.55859
824.013,-3.36386
824.184,38.99588
824.356,13.08168
824.527,11.08828
824.698,51.95297
824.869,55.44142
825.04,68.64769
825.211,-78.61469
825.382,-34.01238
825.553,-65.90677
825.724,-61.6708
825.895,69.39522
826.066,-55.44142
826.237,-70.39192
826.408,71.13944
826.579,-13.08168
826.75,-77.61799
826.921,-29.52723
827.092,25.54043
827.262,40.98928
827.433,-17.06848
827.604,-44.97607
827.775,-24.04538
827.946,66.15594
828.116,-102.53548
828.287,20.55693
828.458,55.44142
828.629,-56.18895
828.799,18.81271
828.97,-12.33416
829.141,115.99093
829.311,-54.6939
829.482,69.39522
829.652,-42.48433
829.823,-18.31436
829.994,76.12294
830.164,-29.52723
830.335,-4.85891
830.505,8.34736
830.676,-4.36056
830.846,45.22525
831.017,-110.01073
831.187,-4.85891
831.357,-4.11139
831.528,-51.45462
831.698,4.11139
831.869,-10.58993
832.039,-33.01568
832.209,-74.37872
832.38,57.43482
832.55,-146.63945
832.72,106.27311
832.89,-62.41832
833.061,-52.94967
833.231,2.61634
833.401,0.12459
833.571,-67.15264
833.742,-32.01898
833.912,10.09158
834.082,3.61304
834.252,-79.11304
834.422,-49.95957
834.592,14.32756
834.762,-42.48433
834.932,-36.25495
835.102,-77.61799
835.272,-34.01238
835.442,-120.47608
835.612,41.48763
835.782,28.53053
835.952,27.783
836.122,-155.60974
836.292,10.09158
836.462,23.29786
836.632,75.12624
836.802,-172.30446
836.972,-22.79951
837.141,-56.93647
837.311,-54.94307
837.481,18.81271
837.651,-65.65759
837.821,-2.86551
837.99,0.87211
838.16,12.83251
838.33,10.34076
838.499,23.29786
838.669,140.41007
838.839,-46.96947
839.008,-67.15264
839.178,-160.34407
839.348,-57.684
839.517,-10.58993
839.687,-41.98598
839.856,-3.61304
840.026,59.42822
840.195,-58.18235
840.365,-34.7599
840.534,101.78796
840.704,-65.40842
840.873,82.85066
841.042,25.78961
841.212,-71.38862
841.381,74.12954
841.551,50.7071
841.72,-26.7863
841.889,7.35066
842.059,-121.2236
842.228,-57.684
842.397,-92.07014
842.566,-26.28796
842.736,36.25495
842.905,29.27805
843.074,-13.58003
843.243,-22.05198
843.412,58.18235
843.582,-104.77806
843.751,-82.35231
843.92,-37.50083
844.089,-5.10809
844.258,-98.54868
844.427,-58.92987
844.596,-0.87211
844.765,-25.04208
844.934,51.95297
845.103,21.80281
845.272,-14.82591
845.441,-42.48433
845.61,92.81766
845.779,23.04868
845.948,50.45792
846.117,3.36386
846.286,1.37046
846.454,49.7104
846.623,-30.52393
846.792,96.05694
846.961,-38.7467
847.13,-39.7434
847.298,112.25331
847.467,-13.82921
847.636,126.2071
847.805,-20.80611
847.973,4.85891
848.142,-81.10644
848.311,34.7599
848.479,-2.11799
848.648,39.7434
848.816,-24.54373
848.985,-136.67245
849.154,-5.60644
849.322,-60.42492
849.491,-77.61799
849.659,11.33746
849.828,-21.55363
849.996,-23.54703
850.165,-56.43812
850.333,45.47442
850.501,42.48433
850.67,-32.01898
850.838,-34.01238
851.007,-52.45132
851.175,-30.27475
851.343,92.31931
851.512,-35.7566
851.68,-80.85726
851.848,-38.24835
852.016,-46.96947
852.185,-11.83581
852.353,-47.46782
852.521,-37.75
852.689,-17.31766
852.857,69.89357
853.026,47.96617
853.194,-45.97277
853.362,69.89357
853.53,-24.29456
853.698,-83.34901
853.866,-20.30776
854.034,-87.83416
854.202,-38.49753
854.37,-117.48598
854.538,-63.41502
854.706,-35.50743
854.874,-55.44142
855.042,-65.40842
855.21,78.61469
855.378,-54.44472
855.546,-65.65759
855.713,-2.11799
855.881,-31.02228
856.049,21.80281
856.217,-13.08168
856.385,-96.05694
856.553,-96.80446
856.72,-65.65759
856.888,-73.88037
857.056,-55.19225
857.223,108.76486
857.391,-76.62129
857.559,110.25991
857.726,-26.03878
857.894,-22.79951
858.062,-37.25165
858.229,43.48103
858.397,133.184
858.564,7.35066
858.732,-35.25825
858.899,98.29951
859.067,6.60314
859.234,104.52888
859.402,5.10809
859.569,-102.53548
859.737,-124.71205
859.904,14.07838
860.072,44.22855
860.239,-67.15264
860.406,104.03053
860.574,40.7401
860.741,105.52558
860.908,49.46122
861.076,-90.32591
861.243,104.77806
861.41,-122.2203
861.577,498.9728
861.745,34.01238
861.912,13.33086
862.079,-141.40677
862.246,15.32426
862.413,-83.59819
862.58,32.01898
862.748,-1.61964
862.915,51.20545
863.082,-26.7863
863.249,160.59324
863.416,116.2401
863.583,29.02888
863.75,20.80611
863.917,82.10314
864.084,5.35726
864.251,-18.81271
864.418,-11.58663
864.585,35.25825
864.751,105.77476
864.918,-47.96617
865.085,3.86221
865.252,7.35066
865.419,4.60974
865.586,5.10809
865.752,10.58993
865.919,-57.43482
866.086,174.79621
866.253,18.56353
866.419,-82.10314
866.586,-68.89687
866.753,-52.20215
866.919,-25.04208
867.086,-133.68235
867.253,-26.7863
867.419,-59.42822
867.586,-0.12459
867.752,-77.86717
867.919,-42.48433
868.085,57.43482
868.252,-12.83251
868.418,-51.20545
868.585,5.60644
868.751,3.61304
868.918,-42.48433
869.084,7.35066
869.251,-19.56023
869.417,-82.85066
869.583,24.29456
869.75,27.783
869.916,-30.7731
870.082,54.19555
870.249,22.55033
870.415,76.37212
870.581,31.7698
870.747,-16.32096
870.914,-45.22525
871.08,-22.79951
871.246,-26.7863
871.412,-101.78796
871.578,140.1609
871.744,-18.56353
871.911,46.22195
872.077,19.31106
872.243,-61.17245
872.409,-85.09324
872.575,-52.94967
872.741,5.35726
872.907,-0.62294
873.073,-95.55859
873.239,-18.31436
873.405,26.53713
873.571,-72.88367
873.737,26.03878
873.902,-42.48433
874.068,-9.84241
874.234,149.62955
874.4,-82.60149
874.566,-30.27475
874.732,30.27475
874.897,-36.7533
875.063,-80.35891
875.229,63.91337
875.395,89.57839
875.56,-99.04703
875.726,-94.81106
875.892,-107.76816
876.057,46.22195
876.223,-16.81931
876.389,63.16584
876.554,-94.81106
876.72,-19.06188
876.885,-57.93317
877.051,67.15264
877.217,-74.37872
877.382,-87.58499
877.548,-46.47112
877.713,-45.47442
877.878,-74.12954
878.044,-24.04538
878.209,-72.63449
878.375,23.29786
878.54,-7.84901
878.705,-26.53713
878.871,-43.48103
879.036,97.55199
879.201,-46.96947
879.367,-14.57673
879.532,-21.30446
879.697,-37.00248
879.863,-99.79456
880.028,17.06848
880.193,-35.25825
880.358,-23.54703
880.523,-4.36056
880.688,-20.30776
880.854,-55.19225
881.019,13.82921
881.184,8.09819
881.349,4.60974
881.514,33.01568
881.679,-92.07014
881.844,1.86881
882.009,-86.83746
882.174,109.01403
882.339,107.51898
882.504,105.27641
882.669,95.06024
882.834,-5.35726
882.999,-111.00743
883.163,-36.50413
883.328,37.99918
883.493,-15.32426
883.658,59.42822
883.823,-37.50083
883.988,-3.36386
884.152,81.35561
884.317,50.45792
884.482,3.36386
884.646,-18.56353
884.811,93.31601
884.976,-82.10314
885.14,-81.35561
885.305,-43.23185
885.47,-5.10809
885.634,-82.85066
885.799,-58.92987
885.963,148.1345
886.128,4.36056
886.292,-115.49258
886.457,-7.10149
886.621,-82.10314
886.786,78.36552
886.95,-126.95463
887.115,37.00248
887.279,-53.94637
887.444,-71.88697
887.608,98.29951
887.772,-57.684
887.937,134.92822
888.101,112.50248
888.265,95.06024
888.43,-32.26815
888.594,-15.57343
888.758,84.34571
888.922,32.01898
889.087,53.6972
889.251,7.10149
889.415,8.34736
889.579,-25.04208
889.743,-68.64769
889.907,-0.62294
890.071,-13.58003
890.236,-9.59323
890.4,-114.49588
890.564,20.80611
890.728,27.53383
890.892,71.13944
891.056,-40.49093
891.22,-62.66749
891.384,-3.11469
891.548,36.50413
891.711,104.52888
891.875,117.48598
892.039,-145.64275
892.203,70.89027
892.367,27.783
892.531,-1.37046
892.695,-99.04703
892.858,-40.24175
893.022,-22.55033
893.186,-41.7368
893.35,-101.04043
893.513,-64.16254
893.677,35.00908
893.841,17.81601
894.004,204.19886
894.168,-57.18565
894.332,7.84901
894.495,-124.2137
894.659,99.79456
894.822,-11.83581
894.986,36.00578
895.149,-87.83416
895.313,180.77641
895.476,-17.81601
895.64,-61.91997
895.803,-25.54043
895.967,63.41502
896.13,-43.97938
896.294,9.09488
896.457,9.09488
