195.513,-318.61168
195.729,-318.61168
195.945,-318.61168
196.161,-332.56547
196.378,-313.87735
196.594,-75.16777
196.81,-97.59351
197.026,46.92795
197.242,-70.18427
197.458,-15.86414
197.674,91.53026
197.89,0.08306
198.106,108.72333
198.322,-52.9912
198.538,25.4989
198.754,-0.66447
198.97,39.70187
199.186,3.32233
199.402,113.45765
199.618,-24.58526
199.834,100.9989
200.049,25.74808
200.265,4.56821
200.481,44.93455
200.697,324.50882
200.913,31.97745
201.129,44.68537
201.345,-15.11661
201.56,87.54346
201.776,-4.40209
201.992,15.03355
202.208,49.41969
202.424,-58.9714
202.639,13.5385
202.855,111.71343
203.071,29.98405
203.287,72.34379
203.502,-7.14301
203.718,100.25138
203.934,82.06161
204.15,1.07976
204.365,-76.16447
204.581,79.32069
204.797,-83.63972
205.012,22.25963
205.228,-52.49285
205.444,-40.03411
205.659,19.02035
205.875,73.58966
206.091,27.24313
206.306,112.46095
206.522,120.9329
206.737,31.22992
206.953,58.63917
207.168,11.29593
207.384,108.22498
207.6,41.94445
207.815,147.34544
208.031,7.55831
208.246,36.71177
208.462,-0.41529
208.677,4.81738
208.893,-16.61166
209.108,43.4395
209.323,-48.50605
209.539,-24.33608
209.754,105.9824
209.97,70.10121
210.185,68.10781
210.401,-53.9879
210.616,141.61442
210.831,58.88834
211.047,-1.66117
211.262,-20.34929
211.477,82.80914
211.693,-0.91364
211.908,81.81244
212.123,-60.9648
212.339,31.22992
212.554,-0.91364
212.769,100.25138
212.985,-16.11331
213.2,-24.08691
213.415,54.15402
213.63,-56.23048
213.846,-22.84104
214.061,-67.69252
214.276,60.13422
214.491,-14.61826
214.706,2.57481
214.922,-18.10671
215.137,56.89494
215.352,-69.9351
215.567,-1.16282
215.782,54.40319
215.997,-25.33278
216.212,5.56491
216.428,25.74808
216.643,-4.90044
216.858,-61.9615
217.073,86.04841
217.288,3.07316
217.503,27.24313
217.718,-84.13807
217.933,109.9692
218.148,60.13422
218.363,-34.55226
218.578,184.22333
218.793,-48.0077
219.008,-45.0176
219.223,29.23653
219.438,-102.57701
219.653,-12.87404
219.868,48.17382
220.083,-3.65457
220.298,26.99395
220.512,-12.37569
220.727,-44.51925
220.942,49.66887
221.157,54.15402
221.372,-33.30638
221.587,40.69857
221.802,77.32729
222.016,55.89824
222.231,24.5022
222.446,73.58966
222.661,93.02531
222.876,56.39659
223.09,41.69527
223.305,45.4329
223.52,11.04676
223.735,71.84544
223.949,104.23818
224.164,51.66227
224.379,24.75138
224.594,122.17877
224.808,-22.09351
225.023,38.95435
225.238,30.23322
225.452,196.4329
225.667,69.10451
225.882,70.10121
226.096,129.40485
226.311,64.86854
226.525,16.77778
226.74,86.79593
226.955,143.85699
227.169,47.17712
227.384,-38.04071
227.598,-96.59681
227.813,-20.84764
228.027,72.59296
228.242,54.90154
228.456,3.82068
228.671,17.5253
228.885,59.13752
229.1,145.85039
229.314,11.54511
229.529,-9.88394
229.743,61.13092
229.958,103.49065
230.172,-24.58526
230.386,69.10451
230.601,166.03356
230.815,48.67217
231.03,139.37184
231.244,49.41969
231.458,58.63917
231.673,59.63587
231.887,-25.83113
232.101,150.83389
232.316,-16.11331
232.53,138.37514
232.744,-105.56711
232.958,130.65072
233.173,46.18042
233.387,18.77118
233.601,-17.60836
233.815,222.84545
234.03,95.26788
234.244,52.16062
234.458,-52.74203
234.672,129.9032
234.886,97.51046
235.101,89.78603
235.315,50.66557
235.529,105.73323
235.743,96.76293
235.957,-4.90044
236.171,45.93125
236.385,131.64742
236.599,249.25799
236.814,45.4329
237.028,-16.86084
237.242,166.78109
237.456,54.15402
237.67,17.77448
237.884,79.32069
238.098,34.71837
238.312,-25.08361
238.526,-10.63146
238.74,73.58966
238.954,43.93785
239.168,166.03356
239.382,90.53356
239.596,71.34709
239.81,76.33059
240.024,67.85864
240.237,35.21672
240.451,53.90484
240.665,22.25963
240.879,25.4989
241.093,-9.88394
241.307,11.04676
241.521,127.16227
241.734,84.80253
241.948,134.8867
242.162,53.65567
242.376,153.32564
242.59,96.01541
242.803,172.01376
243.017,104.73653
243.231,53.65567
243.445,-1.91034
243.658,40.69857
243.872,19.26953
244.086,161.05006
244.3,155.56821
244.513,30.4824
244.727,10.29923
244.941,109.9692
245.154,6.56161
245.368,181.23323
245.582,177.24643
245.795,25.99725
246.009,115.9494
246.222,217.86195
246.436,61.87844
246.65,28.23983
246.863,209.14082
247.077,36.21342
247.29,62.87514
247.504,73.09131
247.717,149.33884
247.931,130.15237
248.144,136.13257
248.358,54.15402
248.571,248.75964
248.785,32.97415
248.998,96.01541
249.212,131.8966
249.425,46.18042
249.639,190.20353
249.852,88.29098
250.065,-36.29648
250.279,245.27119
250.492,223.3438
250.706,28.489
250.919,26.24643
251.132,148.59132
251.346,13.5385
251.559,83.55666
251.772,280.40485
251.986,159.80419
252.199,123.67382
252.412,55.39989
252.625,112.71013
252.839,83.05831
253.052,23.00715
253.265,25.4989
253.478,106.23158
253.692,52.40979
253.905,122.42795
254.118,118.9395
254.331,81.81244
254.544,23.25633
254.758,124.42135
254.971,96.01541
255.184,59.88504
255.397,256.73324
255.61,107.47745
255.823,63.37349
256.036,140.61772
256.249,186.46591
256.462,158.30914
256.676,52.65897
256.889,84.05501
257.102,193.69198
257.315,32.72497
257.528,115.45105
257.741,-27.32618
257.954,82.31079
258.167,90.03521
258.38,174.00716
258.593,134.38835
258.806,20.26623
259.019,180.48571
259.231,177.49561
259.444,204.90485
259.657,116.44775
259.87,207.64578
260.083,148.34214
260.296,346.43621
260.509,71.84544
260.722,269.19198
260.935,109.9692
261.147,112.9593
261.36,106.9791
261.573,222.59627
261.786,45.93125
261.999,126.66392
262.211,93.27448
262.424,154.32234
262.637,14.28603
262.85,69.85204
263.062,-17.85754
263.275,185.71838
263.488,76.33059
263.7,153.57482
263.913,18.77118
264.126,106.9791
264.338,181.23323
264.551,49.17052
264.764,101.9956
264.976,214.12432
265.189,126.9131
265.402,92.02861
265.614,75.08471
265.827,126.9131
266.039,-13.62156
266.252,121.68042
266.465,144.35534
266.677,136.38175
266.89,100.00221
267.102,55.15072
267.315,130.40155
267.527,217.86195
267.74,66.61276
267.952,71.84544
268.165,57.89164
268.377,5.06656
268.589,134.63752
268.802,208.14412
269.014,159.30584
269.227,206.3999
269.439,203.4098
269.651,17.02695
269.864,103.24148
270.076,167.03026
270.289,139.62102
270.501,37.95765
270.713,171.01706
270.926,389.04512
271.138,153.57482
271.35,122.17877
271.562,79.56986
271.775,139.62102
271.987,199.423
272.199,61.13092
272.411,84.30418
272.624,184.72168
272.836,3.07316
273.048,21.26293
273.26,4.56821
273.472,131.39825
273.685,61.62927
273.897,97.75963
274.109,144.85369
274.321,13.28933
274.533,174.50551
274.745,103.73983
274.957,94.76953
275.17,58.88834
275.382,26.99395
275.594,69.60286
275.806,22.5088
276.018,14.03685
276.23,136.13257
276.442,104.73653
276.654,52.40979
276.866,147.09627
277.078,255.23819
277.29,27.24313
277.502,72.09461
277.714,67.60946
277.926,79.07151
278.138,19.26953
278.35,130.65072
278.562,28.98735
278.773,42.4428
278.985,48.42299
279.197,113.20848
279.409,99.00551
279.621,69.10451
279.833,94.27118
280.045,61.87844
280.256,49.66887
280.468,4.56821
280.68,93.27448
280.892,97.01211
281.104,70.35039
281.315,94.76953
281.527,32.4758
281.739,67.36029
281.951,105.9824
282.162,157.81079
282.374,201.66558
282.586,100.25138
282.797,51.41309
283.009,29.73487
283.221,179.23983
283.432,145.35204
283.644,7.05996
283.856,162.54511
284.067,41.19692
284.279,129.9032
284.49,125.66722
284.702,-28.57206
284.914,197.4296
285.125,134.63752
285.337,-36.79483
285.548,54.40319
285.76,99.25468
285.971,147.09627
286.183,198.17713
286.394,26.4956
286.606,67.60946
286.817,89.53686
287.029,136.88009
287.24,-14.11991
287.452,168.27614
287.663,222.84545
287.874,57.64247
288.086,126.9131
288.297,169.27284
288.509,41.69527
288.72,16.03025
288.931,243.52696
289.143,160.05336
289.354,90.78273
289.565,3.82068
289.777,242.28109
289.988,183.72498
290.199,99.25468
290.411,53.90484
290.622,54.40319
290.833,39.20352
291.044,29.4857
291.256,72.59296
291.467,84.80253
291.678,50.16722
291.889,103.73983
292.1,113.70683
292.312,71.09791
292.523,159.55501
292.734,270.68703
292.945,-1.66117
293.156,4.56821
293.367,108.47415
293.578,65.36689
293.789,82.06161
294.001,125.16887
294.212,59.38669
294.423,-31.31298
294.634,80.06821
294.845,177.74478
295.056,20.5154
295.267,9.80088
295.478,152.32894
295.689,59.88504
295.9,770.28277
296.111,30.73157
296.322,27.24313
296.533,47.17712
296.744,78.32399
296.954,119.68702
297.165,23.00715
297.376,131.64742
297.587,43.4395
297.798,140.61772
298.009,105.9824
298.22,121.43125
298.431,164.78769
298.641,30.73157
298.852,49.91804
299.063,57.64247
299.274,187.21343
299.485,35.71507
299.695,140.61772
299.906,6.06326
300.117,2.07646
300.328,97.26128
300.538,127.16227
300.749,-10.88064
300.96,31.22992
301.171,120.18537
301.381,25.24973
301.592,92.52696
301.803,80.56656
302.013,-5.39879
302.224,88.78933
302.434,140.61772
302.645,63.62267
302.856,171.76459
303.066,112.46095
303.277,251.25139
303.487,186.71508
303.698,216.86525
303.908,163.04346
304.119,272.43126
304.33,278.90981
304.54,319.27614
304.751,287.38175
304.961,369.85865
305.171,386.80255
305.382,322.51542
305.592,551.00883
305.803,483.98077
306.013,452.83391
306.224,563.2184
306.434,626.25966
306.644,444.36196
306.855,364.62598
307.065,361.13753
307.276,406.48737
307.486,364.62598
307.696,333.22994
307.907,335.22334
308.117,178.49231
308.327,365.62268
308.537,242.77944
308.748,224.3405
308.958,209.14082
309.168,173.25963
309.379,269.69033
309.589,228.07812
309.799,177.24643
310.009,214.62267
310.219,360.63918
310.43,238.79264
310.64,291.36855
310.85,255.48736
311.06,345.19034
311.27,306.06987
311.48,312.7976
311.69,305.07317
311.901,297.09957
312.111,308.06327
312.321,301.58472
312.531,351.91806
312.741,198.67548
312.951,299.09297
313.161,286.8834
313.371,228.82564
313.581,266.70023
313.791,178.24313
314.001,112.71013
314.211,218.3603
314.421,218.85865
314.631,201.16723
314.841,163.04346
315.051,164.78769
315.261,210.3867
315.47,158.05996
315.68,154.32234
315.89,94.52036
316.1,46.92795
316.31,223.59297
316.52,128.15897
316.73,123.923
316.939,203.90815
317.149,205.4032
317.359,168.77449
317.569,134.63752
317.779,244.02531
317.988,140.86689
318.198,67.36029
318.408,203.90815
318.618,68.85534
318.827,203.4098
319.037,90.03521
319.247,219.10782
319.456,175.00386
319.666,199.17383
319.876,151.83059
320.085,198.4263
320.295,121.18207
320.505,160.80089
320.714,152.57812
320.924,212.3801
321.133,125.41805
321.343,148.34214
321.553,113.956
321.762,99.75303
321.972,51.41309
322.181,196.4329
322.391,165.28604
322.6,170.02036
322.81,98.25798
323.019,148.84049
323.229,140.36854
323.438,287.63093
323.648,243.52696
323.857,100.50056
324.066,41.94445
324.276,58.38999
324.485,153.07647
324.695,117.69363
324.904,126.9131
325.113,212.3801
325.323,150.08637
325.532,154.57151
325.741,76.33059
325.951,175.25303
326.16,169.27284
326.369,167.27944
326.579,225.08802
326.788,74.58636
326.997,123.923
327.206,192.4461
327.416,121.18207
327.625,76.33059
327.834,33.72167
328.043,56.39659
328.252,9.05336
328.462,92.77613
328.671,88.29098
328.88,269.93951
329.089,96.01541
329.298,59.88504
329.507,43.68867
329.716,194.93785
329.926,114.20518
330.135,117.44445
330.344,68.85534
330.553,68.10781
330.762,241.53357
330.971,134.38835
331.18,187.96096
331.389,61.87844
331.598,269.19198
331.807,135.8834
332.016,193.69198
332.225,96.51376
332.434,321.76789
332.643,268.69363
332.852,275.67053
333.06,248.51046
333.269,286.13588
333.478,193.69198
333.687,265.45436
333.896,243.27779
334.105,265.20518
334.314,282.39825
334.523,234.80584
334.731,186.96426
334.94,304.57482
335.149,124.42135
335.358,109.22168
335.567,165.78439
335.775,293.36195
335.984,67.11111
336.193,161.79759
336.402,183.72498
336.61,68.60616
336.819,131.39825
337.028,116.19858
337.236,176.74808
337.445,116.9461
337.654,165.53521
337.862,95.76623
338.071,161.79759
338.279,147.59462
338.488,153.07647
338.697,213.62597
338.905,203.90815
339.114,256.73324
339.322,194.4395
339.531,72.59296
339.739,86.04841
339.948,235.80254
340.157,122.42795
340.365,181.98076
340.574,133.39165
340.782,109.22168
340.99,65.86524
341.199,88.78933
341.407,105.23488
341.616,158.30914
341.824,162.54511
342.033,195.93455
342.241,186.96426
342.449,195.68538
342.658,242.28109
342.866,209.39
343.074,150.58472
343.283,250.75304
343.491,241.28439
343.699,149.58802
343.908,275.91971
344.116,169.77119
344.324,206.64908
344.532,332.98076
344.741,162.04676
344.949,149.33884
345.157,82.55996
345.365,122.9263
345.574,110.21838
345.782,236.55007
345.99,183.47581
346.198,118.44115
346.406,275.17218
346.614,145.60122
346.823,240.03852
347.031,216.61607
347.239,221.3504
347.447,225.3372
347.655,147.84379
347.863,351.91806
348.071,349.92466
348.279,224.83885
348.487,259.47416
348.695,257.97911
348.903,270.43786
349.111,232.06492
349.319,292.36525
349.527,150.08637
349.735,299.8405
349.943,362.63258
350.151,219.10782
350.359,359.89166
350.567,273.42796
350.775,238.54347
350.983,225.58637
351.19,227.82894
351.398,264.20848
351.606,125.9164
351.814,179.48901
352.022,206.15073
352.23,320.52202
352.437,189.95436
352.645,275.17218
352.853,108.47415
353.061,357.15073
353.269,285.8867
353.476,254.98901
353.684,304.07647
353.892,214.87185
354.099,311.8009
354.307,489.96097
354.515,415.70684
354.722,229.07482
354.93,337.21674
355.138,254.73984
355.345,266.20188
355.553,116.44775
355.761,278.90981
355.968,141.36524
356.176,151.58142
356.383,238.29429
356.591,269.44116
356.799,212.62927
357.006,123.67382
357.214,196.68208
357.421,287.8801
357.629,160.30254
357.836,92.02861
358.044,176.49891
358.251,233.55997
358.458,92.02861
358.666,119.18867
358.873,94.27118
359.081,187.46261
359.288,175.00386
359.496,152.32894
359.703,157.56161
359.91,115.9494
360.118,201.4164
360.325,95.01871
360.532,216.61607
360.74,208.64247
360.947,254.49066
361.154,145.60122
361.362,90.53356
361.569,213.3768
361.776,87.79263
361.983,329.99067
362.191,206.64908
362.398,129.15567
362.605,148.34214
362.812,156.06656
363.019,226.33389
363.227,161.05006
363.434,161.79759
363.641,329.24314
363.848,344.44281
364.055,379.57648
364.262,352.41641
364.469,217.61277
364.676,368.61278
364.883,198.17713
365.091,213.87515
365.298,264.95601
365.505,322.51542
365.712,449.84381
365.919,186.96426
366.126,340.20684
366.333,977.84548
366.54,242.53027
366.747,227.57977
366.954,287.13258
367.16,212.62927
367.367,206.15073
367.574,428.66394
367.781,176.24973
367.988,201.66558
368.195,132.8933
368.402,176.00056
368.609,157.56161
368.816,113.45765
369.022,141.36524
369.229,-34.30308
369.436,232.06492
369.643,80.56656
369.85,116.69693
370.056,290.8702
370.263,171.76459
370.47,316.28604
370.677,142.86029
370.883,219.60617
371.09,200.17053
371.297,232.81244
371.503,204.90485
371.71,205.4032
371.917,98.25798
372.123,365.37351
372.33,151.08307
372.537,118.69033
372.743,107.47745
372.95,296.8504
373.156,226.58307
373.363,238.29429
373.57,109.9692
373.776,345.93786
373.983,150.58472
374.189,70.84874
374.396,189.95436
374.602,157.56161
374.809,241.78274
375.015,171.76459
375.222,25.4989
375.428,140.61772
375.634,153.07647
375.841,186.71508
376.047,137.87679
376.254,258.97581
376.46,331.48572
376.666,257.72994
376.873,212.87845
377.079,217.3636
377.286,195.18703
377.492,209.14082
377.698,238.54347
377.904,337.21674
378.111,324.01047
378.317,102.9923
378.523,19.5187
378.73,160.30254
378.936,138.12597
379.142,158.05996
379.348,183.97416
379.554,296.8504
379.761,173.01046
379.967,245.76954
380.173,155.31904
380.379,102.9923
380.585,169.77119
380.791,235.55337
380.997,128.40815
381.204,88.54016
381.41,288.37845
381.616,189.45601
381.822,175.25303
382.028,170.26954
382.234,126.41475
382.44,138.12597
382.646,180.23653
382.852,113.20848
383.058,142.36194
383.264,260.47086
383.47,71.09791
383.676,163.04346
383.882,59.63587
384.088,209.14082
384.294,90.78273
384.5,183.47581
384.705,138.12597
384.911,237.04842
385.117,187.21343
385.323,348.42961
385.529,245.76954
385.735,278.66063
385.941,311.55172
386.146,396.52037
386.352,356.90156
386.558,457.56823
386.764,421.93621
386.969,467.28605
387.175,461.55503
387.381,642.20685
387.587,541.04183
387.792,697.77286
387.998,796.69531
388.204,695.03194
388.409,716.71016
388.615,672.85537
388.821,702.75636
389.026,476.7547
389.232,277.91311
389.438,388.54677
389.643,288.37845
389.849,282.14908
390.054,133.89
390.26,147.84379
390.465,192.94445
390.671,117.9428
390.876,68.85534
391.082,288.12928
391.287,86.29758
391.493,187.71178
391.698,264.20848
391.904,355.90486
392.109,412.71674
392.315,59.38669
392.52,193.4428
392.726,150.08637
392.931,194.4395
393.136,240.03852
393.342,174.75468
393.547,190.70188
393.752,299.8405
393.958,263.95931
394.163,222.3471
394.368,86.04841
394.574,255.73654
394.779,60.88174
394.984,348.42961
395.19,128.15897
395.395,166.78109
395.6,233.31079
395.805,246.01871
396.01,132.8933
396.216,426.67054
396.421,177.49561
396.626,150.83389
396.831,228.32729
397.036,93.77283
397.241,-14.86744
397.447,219.357
397.652,147.34544
397.857,150.83389
398.062,164.78769
398.267,55.89824
398.472,95.76623
398.677,197.18043
398.882,178.99066
399.087,160.80089
399.292,109.72003
399.497,338.71179
399.702,141.61442
399.907,173.25963
400.112,190.95105
400.317,129.40485
400.522,148.59132
400.727,122.67712
400.932,238.54347
401.137,59.38669
401.341,221.84875
401.546,132.64412
401.751,225.58637
401.956,159.05666
402.161,167.77779
402.366,145.85039
402.57,163.29264
402.775,208.64247
402.98,232.56327
403.185,187.46261
403.39,319.02697
403.594,212.13092
403.799,186.21673
404.004,146.84709
404.208,90.53356
404.413,148.84049
404.618,129.40485
404.822,132.39495
405.027,54.15402
405.232,165.53521
405.436,153.57482
405.641,134.13917
405.846,58.88834
406.05,268.44446
406.255,116.44775
406.459,170.51871
406.664,192.69528
406.868,70.84874
407.073,453.83061
407.277,250.25469
407.482,131.14907
407.686,222.59627
407.891,61.13092
408.095,167.52861
408.3,149.83719
408.504,180.73488
408.709,80.31739
408.913,170.51871
409.118,72.34379
409.322,199.92135
409.526,202.91145
409.731,242.53027
409.935,98.50716
410.139,118.9395
410.344,221.84875
410.548,151.83059
410.752,203.16063
410.957,155.06986
411.161,98.75633
411.365,89.53686
411.569,236.05172
411.774,262.46426
411.978,105.23488
412.182,141.11607
412.386,70.10121
412.59,126.66392
412.795,57.89164
412.999,119.18867
413.203,114.20518
413.407,249.00881
413.611,137.87679
413.815,156.06656
414.019,186.46591
414.223,196.68208
414.427,104.9857
414.632,212.13092
414.836,87.04511
415.04,89.28768
415.244,107.22828
415.448,131.64742
415.652,115.9494
415.856,207.3966
416.06,200.17053
416.264,189.70518
416.467,332.23324
416.671,182.22993
416.875,345.43951
417.079,287.63093
417.283,233.31079
417.487,160.80089
417.691,241.78274
417.895,167.27944
418.099,109.47085
418.302,147.09627
418.506,96.51376
418.71,182.47911
418.914,84.55336
419.118,44.18702
419.321,101.24808
419.525,145.35204
419.729,223.09462
419.933,203.65898
420.136,145.85039
420.34,147.59462
420.544,224.58967
420.747,178.49231
420.951,127.9098
421.155,113.70683
421.358,138.37514
421.562,140.36854
421.766,206.15073
421.969,214.12432
422.173,136.13257
422.376,176.74808
422.58,169.52201
422.783,152.07977
422.987,160.55171
423.19,268.94281
423.394,175.25303
423.597,210.88505
423.801,117.19528
424.004,325.50552
424.208,378.3306
424.411,255.48736
424.615,363.87846
424.818,156.81409
425.022,309.05997
425.225,221.59957
425.428,179.73818
425.632,280.40485
425.835,223.09462
426.038,173.50881
426.242,104.9857
426.445,59.38669
426.648,127.41145
426.852,108.22498
427.055,134.8867
427.258,224.3405
427.461,150.83389
427.665,245.52036
427.868,279.9065
428.071,235.30419
428.274,220.60287
428.477,212.13092
428.681,387.79925
428.884,9.30253
429.087,88.29098
429.29,165.78439
429.493,225.08802
429.696,218.11112
429.899,165.03686
430.102,182.22993
430.306,207.3966
430.509,154.32234
430.712,238.29429
430.915,91.03191
431.118,54.65237
431.321,156.31574
431.524,122.9263
431.727,137.87679
431.93,119.43785
432.133,122.67712
432.336,170.76789
432.538,124.9197
432.741,184.97086
432.944,122.67712
433.147,240.78604
433.35,331.48572
433.553,137.87679
433.756,173.75798
433.959,122.17877
434.161,272.43126
434.364,205.15403
434.567,292.11608
434.77,267.94611
434.973,223.59297
435.175,215.12102
435.378,384.06163
435.581,246.26789
435.784,126.9131
435.986,148.59132
436.189,189.95436
436.392,248.75964
436.594,159.30584
436.797,193.94115
437,281.15238
437.202,253.74314
437.405,194.68868
437.607,249.00881
437.81,266.20188
438.013,241.53357
438.215,120.9329
438.418,162.54511
438.62,174.50551
438.823,361.38671
439.025,332.98076
439.228,274.17548
439.43,191.4494
439.633,257.48076
439.835,242.28109
440.038,264.45766
440.24,372.3504
440.443,164.78769
440.645,254.73984
440.847,225.58637
441.05,181.23323
441.252,271.18538
441.455,354.90816
441.657,308.8108
441.859,280.40485
442.062,125.41805
442.264,288.12928
442.466,312.05007
442.668,381.81905
442.871,196.4329
443.073,161.29924
443.275,371.10453
443.477,235.80254
443.68,439.62763
443.882,202.91145
444.084,163.79099
444.286,248.75964
444.488,177.24643
444.69,266.45106
444.893,340.70519
445.095,243.52696
445.297,125.9164
445.499,175.00386
445.701,175.50221
445.903,338.21344
446.105,288.62763
446.307,369.11113
446.509,481.7382
446.711,562.96923
446.913,561.97253
447.115,628.75141
447.317,687.30752
447.519,488.7151
447.721,353.66228
447.923,424.17879
448.125,327.74809
448.327,332.23324
448.529,361.13753
448.731,343.44611
448.933,503.66559
449.134,592.62104
449.336,561.97253
449.538,537.30421
449.74,550.75965
449.942,354.16063
450.144,497.18704
450.345,503.41642
450.547,273.67713
450.749,466.28935
450.951,265.70353
451.152,243.52696
451.354,239.78934
451.556,202.4131
451.757,312.29925
451.959,285.13918
452.161,260.22169
452.362,160.55171
452.564,179.98736
452.766,160.55171
452.967,170.26954
453.169,215.12102
453.37,151.08307
453.572,142.36194
453.774,178.74148
453.975,214.12432
454.177,292.61443
454.378,319.02697
454.58,457.31905
454.781,632.98738
454.983,701.01214
455.184,757.0765
455.386,876.68046
455.587,770.78112
455.788,572.93622
455.99,449.59463
456.191,489.46262
456.393,442.11938
456.594,353.91146
456.795,346.18704
456.997,381.81905
457.198,307.56492
457.399,354.65898
457.601,251.50056
457.802,283.14578
458.003,397.76625
458.205,445.60783
458.406,469.7778
458.607,846.03195
458.808,1209.32899
459.009,1655.10294
459.211,1863.41319
459.412,2241.9099
459.613,1920.97259
459.814,1759.25806
460.015,1397.95442
460.217,1139.56001
460.418,1161.73658
460.619,1050.35539
460.82,871.44779
461.021,843.78937
461.222,869.45439
461.423,728.1722
461.624,457.56823
461.825,530.82566
462.026,324.25964
462.227,337.96426
462.428,419.44447
462.629,402.00222
462.83,831.08145
463.031,1116.13757
463.232,1768.97589
463.433,2885.77792
463.634,4016.53376
463.835,4883.41334
464.036,5411.91336
464.236,5302.02722
464.437,4892.13446
464.638,4140.3737
464.839,3247.8291
465.04,2882.78782
465.241,2627.88187
465.441,2542.16569
465.642,2473.89176
465.843,2493.57658
466.044,2512.76305
466.244,2549.39177
466.445,2401.38186
466.646,2391.16569
466.847,2092.40495
467.047,1710.91813
467.248,1470.46432
467.449,1057.58146
467.649,1041.13592
467.85,837.31082
468.05,701.26131
468.251,577.42137
468.452,611.55834
468.652,528.08474
468.853,492.20355
469.053,582.90322
469.254,437.13589
469.454,554.74645
469.655,782.99069
469.855,1090.47255
470.056,1178.92965
470.256,1384.74814
470.457,1318.21844
470.657,1293.05177
470.858,1080.50555
471.058,1069.04351
471.259,640.46263
471.459,551.50718
471.659,490.7085
471.86,476.25635
472.06,415.20849
472.26,469.27945
472.461,428.16559
472.661,306.8174
472.861,339.45931
473.062,153.32564
473.262,330.98737
473.462,177.74478
473.662,288.8768
473.863,91.53026
474.063,147.84379
474.263,177.99396
474.463,118.9395
474.663,194.19033
474.864,258.22829
475.064,158.05996
475.264,223.59297
475.464,520.85866
475.664,596.35867
475.864,879.91974
476.064,710.48078
476.264,952.18047
476.464,868.45769
476.664,942.96099
476.864,893.37518
477.064,867.95934
477.265,1044.37519
477.464,1141.05506
477.664,1155.50721
477.864,1108.66232
478.064,1036.65077
478.264,931.24977
478.464,858.73987
478.664,720.94613
478.864,664.38342
479.064,794.95109
479.264,743.62105
479.464,930.25307
479.663,1128.84549
479.863,1096.45275
480.063,1098.69532
480.263,1057.58146
480.463,1179.92635
480.663,952.42964
480.862,1089.47585
481.062,1184.90985
481.262,1231.00721
481.461,1042.13262
481.661,1053.34549
481.861,947.44614
482.061,711.72666
482.26,674.84877
482.46,598.85042
482.66,610.56164
482.859,639.21675
483.059,370.10783
483.258,408.48077
483.458,394.77615
483.658,297.34875
483.857,314.79099
484.057,203.4098
484.256,292.61443
484.456,330.98737
484.655,299.59132
484.855,224.09132
485.054,156.81409
485.254,163.04346
485.453,221.3504
485.653,169.02366
485.852,219.85535
486.051,140.11937
486.251,160.05336
486.45,159.05666
486.649,351.66888
486.849,103.989
487.048,137.12927
487.248,307.31575
487.447,407.73324
487.646,582.40487
487.845,1061.31909
488.045,1514.06993
488.244,2144.98086
488.443,2754.46273
488.642,3196.24989
488.842,3775.83077
489.041,3874.75322
489.24,3803.73837
489.439,3457.88356
489.638,3246.33405
489.838,2817.50399
490.037,2412.34556
490.236,2035.34389
490.435,1794.6409
490.634,1638.6574
490.833,1488.15574
491.032,1334.41481
491.231,1209.82734
491.43,1107.9148
491.629,961.39994
491.828,831.08145
492.027,526.09134
492.226,505.90817
492.425,475.01047
492.624,375.58968
492.823,262.96261
493.022,143.35864
493.221,251.99891
493.42,123.67382
493.619,260.72004
493.818,185.96756
494.017,205.4032
494.216,187.46261
494.414,229.82234
494.613,80.31739
494.812,221.59957
495.011,117.44445
495.21,171.51541
495.408,143.35864
495.607,256.98241
495.806,140.61772
496.005,222.09792
496.203,204.4065
496.402,104.9857
496.601,198.92465
496.799,146.34874
496.998,147.59462
497.197,103.49065
497.395,158.80749
497.594,184.97086
497.793,85.05171
497.991,280.9032
498.19,320.27284
498.388,247.26459
498.587,297.59792
498.785,569.1986
498.984,891.63096
499.182,923.77452
499.381,1275.60953
499.579,1480.68049
499.778,1626.19865
499.976,1452.7729
500.175,1370.04682
500.373,1333.66728
500.572,983.07816
500.77,895.36858
500.968,779.75141
501.167,645.6953
501.365,772.77452
501.564,669.6161
501.762,743.62105
501.96,652.92138
502.159,625.51213
502.357,546.2745
502.555,530.07813
502.753,412.46757
502.952,476.25635
503.15,306.8174
503.348,334.97416
503.546,366.12103
503.745,191.69858
503.943,284.64083
504.141,421.43787
504.339,324.75799
504.537,370.85535
504.735,172.51211
504.933,208.14412
505.132,306.8174
505.33,267.94611
505.528,184.97086
505.726,203.90815
505.924,181.98076
506.122,290.8702
506.32,233.06162
506.518,229.07482
506.716,189.95436
506.914,234.55667
507.112,207.14743
507.31,341.70189
507.508,294.10948
507.706,244.52366
507.904,339.95766
508.101,272.68043
508.299,395.2745
508.497,179.98736
508.695,260.22169
508.893,318.03027
509.091,234.05832
509.289,250.25469
509.486,315.28934
509.684,310.8042
509.882,199.17383
510.08,258.47746
510.277,363.62928
510.475,297.8471
510.673,280.9032
510.871,305.8207
511.068,268.94281
511.266,251.74974
511.464,305.07317
511.661,330.73819
511.859,341.20354
512.056,323.01377
512.254,269.93951
512.452,292.11608
512.649,465.29265
512.847,253.74314
513.044,279.65733
513.242,415.70684
513.439,344.69199
513.637,289.62433
513.834,326.75139
514.032,434.64414
514.229,253.99231
514.427,290.12268
514.624,236.79924
514.822,255.73654
515.019,353.41311
515.217,273.67713
515.414,308.56162
515.611,287.38175
515.809,368.61278
516.006,224.83885
516.203,402.00222
516.401,326.00387
516.598,381.81905
516.795,354.65898
516.993,368.11443
517.19,369.11113
517.387,318.03027
517.584,310.30585
517.781,315.78769
517.979,278.66063
518.176,244.52366
518.373,255.48736
518.57,192.69528
518.767,234.05832
518.964,371.85205
519.162,274.42466
519.359,262.21508
519.556,311.05337
519.753,313.04677
519.95,296.35205
520.147,318.27944
520.344,347.93126
520.541,382.3174
520.738,234.05832
520.935,266.70023
521.132,313.54512
521.329,335.22334
521.526,390.54017
521.723,399.01212
521.92,184.97086
522.117,408.72994
522.314,343.44611
522.511,420.69034
522.707,361.88506
522.904,320.27284
523.101,355.90486
523.298,348.18044
523.495,358.89496
523.692,229.07482
523.888,208.3933
524.085,240.53687
524.282,313.7943
524.479,343.69529
524.675,422.18539
524.872,324.75799
525.069,263.71013
525.266,495.94117
525.462,373.84545
525.659,393.77945
525.856,395.52367
526.052,200.66888
526.249,329.24314
526.445,310.8042
526.642,316.78439
526.839,308.56162
527.035,235.30419
527.232,313.29595
527.428,394.77615
527.625,268.94281
527.821,440.37516
528.018,332.73159
528.214,353.66228
528.411,284.89
528.607,432.65074
528.804,355.65568
529,251.00221
529.196,303.57812
529.393,296.8504
529.589,321.51872
529.786,243.52696
529.982,396.76955
530.178,356.65238
530.375,330.23984
530.571,334.22664
530.767,360.88836
530.963,302.08307
531.16,413.96262
531.356,319.77449
531.552,265.70353
531.748,417.20189
531.945,395.52367
532.141,326.00387
532.337,245.02201
532.533,285.13918
532.729,317.03357
532.926,333.72829
533.122,366.37021
533.318,426.67054
533.514,288.12928
533.71,465.04348
533.906,440.87351
534.102,340.70519
534.298,323.26294
534.494,433.39826
534.69,446.60453
534.886,319.27614
535.082,374.59298
535.278,449.84381
535.474,509.39662
535.67,451.33886
535.866,443.11608
536.062,444.86031
536.258,511.88836
536.454,712.72336
536.65,881.91314
536.846,988.06166
537.041,962.89499
537.237,955.91809
537.433,986.31743
537.629,796.44613
537.825,915.30258
538.02,803.92138
538.216,682.07484
538.412,608.31906
538.608,572.43787
538.803,535.80916
538.999,571.93952
539.195,428.16559
539.39,527.83556
539.586,453.33226
539.782,539.54678
539.977,451.58803
540.173,430.40816
540.369,402.50057
540.564,381.56988
540.76,341.45271
540.955,407.23489
541.151,305.8207
541.347,380.324
541.542,315.28934
541.738,279.9065
541.933,267.19858
542.129,239.04182
542.324,283.14578
542.519,380.07483
542.715,203.4098
542.91,256.98241
543.106,445.35866
543.301,290.62103
543.497,329.24314
543.692,334.97416
543.887,259.72334
544.083,212.62927
544.278,329.99067
544.473,359.89166
544.669,326.00387
544.864,361.13753
545.059,304.824
545.254,271.93291
545.45,236.30089
545.645,412.21839
545.84,366.61938
546.035,200.4197
546.23,198.4263
546.426,285.13918
546.621,269.44116
546.816,362.63258
547.011,197.67878
547.206,243.52696
547.401,269.69033
547.596,295.10618
547.791,225.83554
547.986,313.29595
548.181,185.46921
548.376,333.47911
548.572,173.01046
548.767,221.3504
548.961,245.52036
549.156,341.70189
549.351,226.58307
549.546,224.09132
549.741,272.43126
549.936,127.9098
550.131,292.11608
550.326,217.3636
550.521,309.55832
550.716,426.91971
550.911,309.8075
551.105,272.92961
551.3,196.68208
551.495,309.05997
551.69,176.74808
551.885,410.47417
552.079,339.70849
552.274,315.78769
552.469,230.32069
552.664,292.11608
552.858,219.60617
553.053,362.88176
553.248,252.49726
553.442,355.15733
553.637,314.29265
553.832,461.05668
554.026,306.56822
554.221,271.18538
554.415,333.72829
554.61,370.10783
554.804,433.89661
554.999,430.40816
555.194,241.03522
555.388,390.54017
555.583,302.58142
555.777,344.19364
555.972,475.50882
556.166,259.72334
556.36,323.26294
556.555,197.4296
556.749,182.22993
556.944,278.90981
557.138,194.93785
557.332,196.4329
557.527,365.12433
557.721,300.58802
557.915,198.67548
558.11,267.94611
558.304,323.26294
558.498,372.10123
558.693,347.68209
558.887,264.95601
559.081,260.47086
559.275,397.2679
559.47,221.84875
559.664,258.22829
559.858,184.22333
560.052,290.62103
560.246,264.45766
560.44,396.76955
560.635,228.82564
560.829,267.69693
561.023,312.7976
561.217,298.59462
561.411,228.32729
561.605,296.35205
561.799,189.95436
561.993,202.4131
562.187,219.60617
562.381,219.85535
562.575,201.66558
562.769,319.52532
562.963,166.03356
563.157,351.41971
563.351,349.92466
563.545,218.11112
563.739,113.956
563.933,458.8141
564.126,226.58307
564.32,330.98737
564.514,231.06822
564.708,331.73489
564.902,184.47251
565.096,242.03192
565.289,295.35535
565.483,205.90155
565.677,366.86856
565.871,322.01707
566.064,330.98737
566.258,374.3438
566.452,316.53522
566.645,246.26789
566.839,329.24314
567.033,390.54017
567.226,274.17548
567.42,281.8999
567.614,362.38341
567.807,271.43456
568.001,234.55667
568.194,293.36195
568.388,416.20519
568.581,251.00221
568.775,343.44611
568.969,328.49562
569.162,257.23159
569.355,384.3108
569.549,298.09627
569.742,326.50222
569.936,332.23324
570.129,199.67218
570.323,305.07317
570.516,259.72334
570.709,272.18208
570.903,198.4263
571.096,296.35205
571.289,221.10122
571.483,250.25469
571.676,275.67053
571.869,280.40485
572.063,252.49726
572.256,368.3636
572.449,295.35535
572.642,254.49066
572.836,200.4197
573.029,198.67548
573.222,213.3768
573.415,196.68208
573.608,365.37351
573.802,278.16228
573.995,220.3537
574.188,315.28934
574.381,309.30915
574.574,316.03687
574.767,305.32235
574.96,152.82729
575.153,202.4131
575.346,255.98571
575.539,325.25634
575.732,169.02366
575.925,317.78109
576.118,241.28439
576.311,305.8207
576.504,238.79264
576.697,170.02036
576.89,313.04677
577.083,306.06987
577.276,257.72994
577.469,305.8207
577.661,327.24974
577.854,269.93951
578.047,339.45931
578.24,321.26954
578.433,288.8768
578.626,448.84711
578.818,461.55503
579.011,515.37681
579.204,515.37681
579.397,627.00718
579.589,579.66395
579.782,625.01378
579.975,571.192
580.167,692.78936
580.36,760.81412
580.553,780.74811
580.745,1073.77783
580.938,1653.10954
581.13,3186.28289
581.323,6655.04709
581.516,12838.57215
581.708,21516.58744
581.901,29403.97068
582.093,36000.62778
582.286,39053.02067
582.478,40435.19401
582.671,36264.50403
582.863,30443.52849
583.056,25417.1718
583.248,21165.74914
583.44,18284.29025
583.633,16513.40402
583.825,15238.12673
584.018,14519.50623
584.21,14298.73724
584.402,14478.64154
584.595,15088.87095
584.787,15722.77197
584.979,16154.8413
585.172,15899.68617
585.364,15110.05082
585.556,13362.08868
585.748,10893.0143
585.941,8332.99107
586.133,6536.19065
586.325,5275.86385
586.517,4192.70043
586.709,3765.86378
586.901,3257.54692
587.094,2951.80928
587.286,2741.25646
587.478,2535.93632
587.67,2434.02377
587.862,2205.53036
588.054,2029.11451
588.246,1789.90658
588.438,1567.89172
588.63,1414.89831
588.822,959.15736
589.014,800.18376
589.206,842.5435
589.398,611.05999
589.59,470.27615
589.782,551.258
589.974,636.725
590.166,688.30422
590.358,1048.61116
590.55,1589.07159
590.741,2790.84227
590.933,4447.85556
591.125,5913.5025
591.317,7156.8854
591.509,8179.00096
591.701,8408.2419
591.892,7524.6676
592.084,6549.39692
592.276,5229.26814
592.468,4396.7747
592.659,3772.84067
592.851,3406.55353
593.043,3286.20204
593.234,3156.88025
593.426,2904.71522
593.618,3021.32909
593.809,3030.54856
594.001,3316.85055
594.193,3638.78456
594.384,3661.70866
594.576,3628.07004
594.767,3407.7994
594.959,3024.07001
595.15,2425.05348
595.342,1998.21682
595.533,1642.14585
595.725,1322.20524
595.916,1174.69368
596.108,1104.9247
596.299,1083.49565
596.491,978.34383
596.682,1004.5072
596.873,967.62931
597.065,844.5369
597.256,790.71511
597.447,688.80256
597.639,684.31742
597.83,589.88012
598.021,533.06823
598.213,558.73325
598.404,425.17549
598.595,433.89661
598.786,353.16393
598.978,443.86361
599.169,803.17386
599.36,1496.62769
599.551,2123.30264
599.742,2702.136
599.934,3379.89181
600.125,3460.37531
600.316,3470.09313
600.507,2921.40994
600.698,2675.22511
600.889,2143.23663
601.08,1970.80758
601.271,1640.40162
601.462,1497.62439
601.653,1488.90327
601.844,1399.69864
602.035,1298.28444
602.226,1218.29929
602.417,1164.72668
602.608,1043.87684
602.799,1044.12602
602.99,955.17057
603.181,877.92634
603.372,1338.15243
603.563,1515.81416
603.754,2582.53203
603.944,3726.99249
604.135,4946.20542
604.326,5955.86224
604.517,6436.76985
604.708,6396.40351
604.898,5807.1048
605.089,4905.58991
605.28,4351.92321
605.471,3859.55355
605.661,4086.30274
605.852,5316.47937
606.043,7508.7204
606.233,9871.39709
606.424,11764.62821
606.615,13712.42863
606.805,13820.57055
606.996,12776.02925
607.186,11061.70573
607.377,9196.13303
607.568,7729.98774
607.758,6599.73026
607.949,5893.81768
608.139,5066.05856
608.33,4761.06845
608.52,4350.17899
608.711,4116.20373
608.901,3896.18226
609.092,3540.11129
609.282,3518.68225
609.472,3093.09146
609.663,3033.04031
609.853,2804.29772
610.044,2396.89671
610.234,2467.16404
610.424,3410.54033
610.615,5935.42989
610.805,8898.36898
610.995,12220.36915
611.185,14808.79833
611.376,16327.02117
611.566,17060.34299
611.756,15297.18119
611.946,12787.98964
612.137,10888.77833
612.327,9218.80795
612.517,8650.6891
612.707,9349.37561
612.897,10571.08029
613.087,11683.64635
613.277,12585.16125
613.468,12965.65137
613.658,12584.16455
613.848,11467.36251
614.038,9857.69247
614.228,8543.29471
614.418,7208.46461
614.608,6137.51076
614.798,5133.83414
614.988,4393.53542
615.178,3861.29777
615.368,3412.03538
615.558,3234.62283
615.748,2825.72676
615.937,2848.65086
616.127,2263.33895
616.317,2054.28118
616.507,1710.91813
616.697,1575.86532
616.887,1358.08643
617.077,952.67882
617.266,878.67386
617.456,677.34052
617.646,605.57814
617.836,872.19531
618.025,1433.33726
618.215,2136.25973
618.405,2875.31258
618.595,3436.20534
618.784,3965.95124
618.974,3984.14101
619.164,3726.49414
619.353,3216.68223
619.543,2667.25151
619.732,2204.03531
619.922,2089.16567
620.112,1714.1574
620.301,1616.23165
620.491,1502.60789
620.68,1253.43296
620.87,1354.3488
621.059,1253.93131
621.249,1230.75804
621.438,1150.77289
621.628,1164.22833
621.817,938.22667
622.006,871.19861
622.196,638.46923
622.385,615.29596
622.575,872.44449
622.764,1582.84221
622.953,3313.86045
623.143,5678.28136
623.332,8290.38216
623.521,10127.79809
623.711,11470.35261
623.9,11898.68432
624.089,10678.97304
624.278,9189.4053
624.468,7611.1313
624.657,6409.36061
624.846,5383.00907
625.035,4826.85063
625.224,4495.69715
625.413,4220.35885
625.603,4028.9925
625.792,3663.45288
625.981,3567.76971
626.17,3398.33075
626.359,3117.26143
626.548,2895.9941
626.737,3067.17727
626.926,2731.04029
627.115,2724.56174
627.304,2782.12115
627.493,2812.02214
627.682,2818.74987
627.871,2512.51388
628.06,2263.8373
628.249,1932.18547
628.438,1797.13265
628.627,1561.164
628.816,1485.41482
629.004,1441.8092
629.193,1367.05672
629.382,1392.47257
629.571,1758.26136
629.76,2367.24489
629.949,3275.23834
630.137,4359.39846
630.326,5174.69883
630.515,5718.14935
630.704,5659.84242
630.892,5216.56022
631.081,4305.82585
631.27,3705.81262
631.458,3027.55846
631.647,2597.7317
631.836,2361.76305
632.024,2243.15578
632.213,2063.25148
632.401,2018.89834
632.59,1967.31913
632.779,1835.00724
632.967,1579.10459
633.156,1579.35376
633.344,1408.17059
633.533,1342.88676
633.721,974.35703
633.91,976.84878
634.098,922.52865
634.286,1332.42141
634.475,2908.20367
634.663,6024.63452
634.852,9899.0555
635.04,13890.58871
635.228,16689.32152
635.417,18878.57246
635.605,19088.62692
635.793,17824.81168
635.982,14367.01117
636.17,12501.1893
636.358,11467.86086
636.547,12179.75364
636.735,14174.8973
636.923,16638.48984
637.111,18561.37277
637.299,20448.62369
637.488,20528.35967
637.676,19231.90251
637.864,16534.83307
638.052,13950.14152
638.24,11796.27342
638.428,9763.00599
638.616,8241.04552
638.804,7204.22864
638.992,6166.66423
639.18,5459.2566
639.369,5092.72028
639.557,4686.81432
639.745,4181.98591
639.933,3792.77467
640.12,3271.74989
640.308,2776.6393
640.496,2234.68383
640.684,1514.56828
640.872,1350.362
641.06,779.75141
641.248,573.93292
641.436,574.68045
641.624,346.68539
641.811,263.95931
641.999,331.73489
642.187,370.85535
642.375,242.53027
642.563,280.9032
642.75,270.18868
642.938,332.23324
643.126,369.60948
643.314,316.03687
643.501,379.3273
643.689,357.15073
643.877,409.72664
644.064,432.89991
644.252,394.02862
644.439,522.35371
644.627,437.88341
644.815,429.16229
645.002,372.3504
645.19,300.33885
645.377,426.42136
645.565,337.21674
645.752,454.57813
645.94,415.70684
646.127,403.49727
646.315,435.39166
646.502,683.32072
646.69,777.01049
646.877,1776.70031
647.064,3197.49576
647.252,4856.00409
647.439,6584.77976
647.627,7926.58676
647.814,8783.00099
648.001,8753.59835
648.189,7677.91018
648.376,6436.76985
648.563,5305.01732
648.75,4637.22851
648.938,4017.03211
649.125,3623.08654
649.312,3437.70039
649.499,3747.92318
649.686,4575.18395
649.874,5716.90348
650.061,6525.22695
650.248,7272.00422
650.435,7672.42833
650.622,7083.12962
650.809,6209.27314
650.996,5012.73513
651.183,4163.29779
651.37,3333.54527
651.557,2934.86538
651.744,2480.12114
651.931,2228.20528
652.118,2072.22178
652.305,2108.10297
652.492,1863.41319
652.679,1761.74981
652.866,1585.08479
653.053,1525.78115
653.24,1124.36034
653.427,966.38344
653.614,833.32402
653.801,544.53028
653.987,352.16723
654.174,223.3438
654.361,209.63917
654.548,282.64743
654.735,215.12102
654.921,237.54677
655.108,222.84545
655.295,257.23159
655.481,312.29925
655.668,319.77449
655.855,531.07483
656.041,1149.77619
656.228,2505.78615
656.415,4396.27635
656.601,6271.3177
656.788,7973.68082
656.975,9259.67263
657.161,9733.60335
657.348,9402.94822
657.534,8199.18413
657.721,6677.72201
657.907,5722.88368
658.094,4826.85063
658.28,4364.63113
658.467,3753.15585
658.653,3604.39842
658.84,3281.46771
659.026,3266.76639
659.212,2993.17232
659.399,2651.05514
659.585,2212.25809
659.771,2041.07491
659.958,1546.2135
660.144,1187.89995
660.33,1465.97917
660.517,616.54184
660.703,450.09298
660.889,323.51212
661.075,361.88506
661.262,263.95931
661.448,210.88505
661.634,278.16228
661.82,112.21178
662.006,110.9659
662.193,196.93125
662.379,186.71508
662.565,282.39825
662.751,176.49891
662.937,312.7976
663.123,240.78604
663.309,270.93621
663.495,491.45602
663.681,535.31081
663.867,926.26627
664.053,1745.30427
664.239,3525.65914
664.425,5542.7302
664.611,7596.1808
664.797,9335.42181
664.983,10548.40537
665.169,10880.55555
665.355,9901.54725
665.541,8568.2122
665.726,7142.9316
665.912,5882.85398
666.098,5093.96615
666.284,4517.12619
666.47,4167.53376
666.655,3764.11955
666.841,3549.33076
667.027,3342.01722
667.213,3112.52711
667.398,2838.43469
667.584,2526.96602
667.77,2305.44951
667.955,2545.15579
668.141,3537.37037
668.327,4789.47439
668.512,6215.75169
668.698,7189.52731
668.884,7833.14616
669.069,7973.92999
669.255,7322.08838
669.44,6303.71044
669.626,5533.51073
669.811,4592.87537
669.997,3995.85224
670.182,3564.53043
670.368,3262.28124
670.553,2844.66406
670.739,2754.21356
670.924,2469.90496
671.109,2274.80099
671.295,2068.9825
671.48,1660.33562
671.665,1319.46431
671.851,1084.24318
672.036,820.11775
672.221,510.64249
672.407,499.18044
672.592,318.77779
672.777,299.34215
672.962,147.84379
673.148,145.60122
673.333,184.97086
673.518,124.17217
673.703,176.00056
673.888,148.84049
674.074,46.92795
674.259,110.21838
674.444,112.71013
674.629,85.30088
674.814,176.99726
674.999,86.79593
675.184,112.46095
675.369,149.08967
675.554,172.26293
675.739,86.29758
675.924,64.37019
676.109,133.14247
676.294,58.88834
676.479,158.05996
676.664,114.20518
676.849,10.54841
677.034,128.15897
677.219,83.55666
677.404,-0.16612
677.588,54.65237
677.773,102.24478
677.958,131.39825
678.143,-2.90704
678.328,86.29758
678.512,153.82399
678.697,157.56161
678.882,149.08967
679.067,135.63422
679.251,174.75468
679.436,219.85535
679.621,377.58308
679.805,551.00883
679.99,425.17549
680.175,378.08143
680.359,288.62763
680.544,234.80584
680.729,272.18208
680.913,384.80915
681.098,158.55831
681.282,326.25304
681.467,280.40485
681.651,222.09792
681.836,318.27944
682.02,289.12598
682.205,346.18704
682.389,357.39991
682.573,277.16558
682.758,262.71343
682.942,151.08307
683.127,259.97251
683.311,254.49066
683.495,311.05337
683.68,357.15073
683.864,346.43621
684.048,411.72004
684.233,309.05997
684.417,575.42797
684.601,553.2514
684.785,677.58969
684.97,735.64745
685.154,934.48905
685.338,960.65241
685.522,954.67222
685.706,879.91974
685.89,679.33392
686.075,632.23986
686.259,463.05008
686.443,594.36527
686.627,374.84215
686.811,429.90981
686.995,379.3273
687.179,249.00881
687.363,286.8834
687.547,304.07647
687.731,245.27119
687.915,309.30915
688.099,97.75963
688.283,175.75138
688.467,227.57977
688.651,77.32729
688.835,200.17053
689.018,321.26954
689.202,783.48904
689.386,1640.15245
689.57,3023.32248
689.754,3917.86048
689.938,4975.35889
690.121,5629.94143
690.305,5956.11141
690.489,5541.98268
690.673,4766.05195
690.856,4149.09482
691.04,3568.51723
691.224,2903.71852
691.407,2476.88186
691.591,2311.42971
691.775,1968.31583
691.958,1831.51879
692.142,1637.6607
692.325,1387.73824
692.509,1268.8818
692.693,767.54184
692.876,641.95768
693.06,413.21509
693.243,295.10618
693.427,213.12762
693.61,135.63422
693.794,62.12762
693.977,135.38505
694.16,142.36194
694.344,204.4065
694.527,252.24809
694.711,181.23323
694.894,161.54841
695.077,226.83224
695.261,138.62432
695.444,202.66228
695.627,161.79759
695.811,253.24479
695.994,121.68042
696.177,146.09957
696.36,152.07977
696.543,225.83554
696.727,255.23819
696.91,196.18373
697.093,75.83224
697.276,130.15237
697.459,134.38835
697.642,223.3438
697.826,131.8966
698.009,225.3372
698.192,226.08472
698.375,289.8735
698.558,333.22994
698.741,623.51873
698.924,807.90818
699.107,985.81908
699.29,1621.96268
699.473,4100.75488
699.656,10356.04233
699.839,20061.15668
700.022,28782.5284
700.205,36227.37696
700.387,41735.38879
700.57,45490.95334
700.753,43567.82123
700.936,37366.60474
701.119,31763.40809
701.302,26247.67184
701.484,22209.54292
701.667,18735.0477
701.85,16259.99312
702.033,14178.8841
702.215,12741.64311
702.398,10693.67436
702.581,9103.68913
702.763,6975.23687
702.946,5206.59322
703.129,3607.88687
703.311,2549.39177
703.494,1738.57655
703.677,1376.2762
703.859,872.44449
704.042,583.15239
704.224,427.66724
704.407,413.21509
704.589,319.27614
704.772,234.55667
704.954,195.18703
705.137,217.3636
705.319,242.28109
705.502,176.74808
705.684,106.23158
705.866,79.07151
706.049,115.9494
706.231,173.25963
706.414,63.62267
706.596,119.68702
706.778,191.4494
706.961,102.49395
707.143,216.86525
707.325,107.22828
707.507,27.4923
707.69,67.85864
707.872,4.56821
708.054,199.17383
708.236,129.40485
708.418,196.68208
708.601,193.19363
708.783,327.74809
708.965,375.09133
709.147,440.37516
709.329,466.7877
709.511,317.53192
709.693,383.3141
709.875,374.09463
710.057,226.33389
710.239,114.9527
710.421,219.85535
710.603,149.83719
710.785,63.12432
710.967,116.19858
711.149,60.38339
711.331,167.03026
711.513,51.66227
711.695,16.03025
711.877,75.83224
712.059,133.39165
712.24,-7.14301
712.422,40.20022
712.604,109.72003
712.786,36.4626
712.968,-18.85424
713.149,34.96755
713.331,163.04346
713.513,73.58966
713.695,56.64577
713.876,174.00716
714.058,243.77614
714.24,294.35865
714.421,414.95932
714.603,478.7481
714.785,460.05998
714.966,468.53193
715.148,440.87351
715.329,386.05502
715.511,284.89
715.692,250.75304
715.874,72.84214
716.055,219.85535
716.237,114.9527
716.418,100.9989
716.6,-38.04071
716.781,-4.15292
716.963,12.29263
717.144,95.76623
717.325,19.5187
717.507,118.9395
717.688,63.62267
717.87,113.20848
718.051,15.78108
718.232,10.54841
718.413,9.80088
718.595,203.65898
718.776,54.65237
718.957,152.32894
719.138,-0.91364
719.32,75.58306
719.501,98.00881
719.682,19.76788
719.863,66.11441
720.044,93.52366
720.225,93.02531
720.407,117.44445
720.588,377.08473
720.769,876.18211
720.95,2624.39342
721.131,5269.3853
721.312,8081.07521
721.493,10288.01757
721.674,12173.02592
721.855,13572.14315
722.036,13227.28504
722.217,11630.32292
722.398,9710.67926
722.579,8175.51251
722.76,6635.86062
722.94,5492.89522
723.121,4313.05192
723.302,3346.00402
723.483,2546.65084
723.664,1954.36203
723.845,1351.60788
724.025,1050.10621
724.206,726.1788
724.387,596.60784
724.568,524.84546
724.748,409.97582
724.929,331.23654
725.11,379.82565
725.29,290.37185
725.471,371.85205
725.652,289.12598
725.832,409.47747
726.013,397.2679
726.194,296.10288
726.374,209.63917
726.555,235.80254
726.735,364.87516
726.916,239.04182
727.096,129.40485
727.277,276.41806
727.457,167.52861
727.638,33.4725
727.818,92.27778
727.999,80.81574
728.179,9.30253
728.359,122.67712
728.54,103.73983
728.72,288.8768
728.9,274.42466
729.081,284.14248
729.261,354.90816
729.441,473.7646
729.622,251.25139
729.802,192.4461
729.982,279.15898
730.162,351.91806
730.343,363.87846
730.523,295.10618
730.703,334.47581
730.883,417.20189
731.063,419.44447
731.243,409.97582
731.424,369.60948
731.604,183.72498
731.784,118.44115
731.964,241.78274
732.144,101.49725
732.324,71.34709
732.504,-19.85094
732.684,123.67382
732.864,10.29923
733.044,110.21838
733.224,22.75798
733.404,-22.34269
733.584,-68.19087
733.764,111.71343
733.943,29.23653
734.123,38.456
734.303,28.489
734.483,81.81244
734.663,51.41309
734.843,128.65732
735.022,46.67877
735.202,172.76128
735.382,199.17383
735.562,175.50221
735.741,213.3768
735.921,440.87351
736.101,388.2976
736.281,404.99232
736.46,461.05668
736.64,488.21675
736.819,430.40816
736.999,359.89166
737.179,512.13754
737.358,348.67879
737.538,142.11277
737.717,161.29924
737.897,151.83059
738.076,240.28769
738.256,99.75303
738.435,148.84049
738.615,28.489
738.794,55.39989
738.974,-4.65127
739.153,92.52696
739.332,112.9593
739.512,151.83059
739.691,40.69857
739.871,53.40649
740.05,141.11607
740.229,234.05832
740.408,737.39168
740.588,1554.68545
740.767,2116.07656
740.946,2697.1525
741.126,3058.45615
741.305,3328.06342
741.484,3250.32085
741.663,2740.50894
741.842,2260.59802
742.021,1827.03365
742.201,1300.02867
742.38,956.41644
742.559,609.06659
742.738,324.50882
742.917,296.10288
743.096,393.03192
743.275,95.01871
743.454,79.81904
743.633,84.30418
743.812,199.67218
743.991,89.53686
744.17,82.31079
744.349,249.50716
744.528,178.74148
744.707,133.39165
744.886,165.28604
745.064,91.03191
745.243,93.27448
745.422,179.48901
745.601,327.00057
745.78,503.91477
745.958,544.28111
746.137,618.28606
746.316,634.48243
746.495,797.44283
746.673,542.53688
746.852,535.31081
747.031,379.57648
747.209,490.7085
747.388,296.60123
747.567,217.11442
747.745,272.68043
747.924,178.24313
748.103,159.05666
748.281,67.36029
748.46,125.66722
748.638,112.46095
748.817,146.09957
748.995,118.19198
749.174,86.04841
749.352,167.77779
749.531,96.51376
749.709,27.99065
749.888,100.74973
750.066,66.61276
750.244,174.00716
750.423,301.08637
750.601,332.48241
750.779,403.74644
750.958,561.97253
751.136,573.68375
751.314,483.98077
751.493,518.36691
751.671,546.52368
751.849,418.94612
752.027,214.12432
752.205,300.58802
752.384,217.11442
752.562,157.31244
752.74,122.17877
752.918,117.19528
753.096,144.10617
753.274,9.80088
753.452,82.06161
753.63,31.22992
753.809,27.74148
753.987,62.37679
754.165,-40.78163
754.343,26.99395
754.521,-13.62156
754.699,-41.27998
754.876,56.64577
755.054,141.11607
755.232,176.49891
755.41,169.77119
755.588,294.857
755.766,281.40155
755.944,247.01541
756.122,163.79099
756.3,204.90485
756.477,162.04676
756.655,109.72003
756.833,105.48405
757.011,142.36194
757.188,159.30584
757.366,125.9164
757.544,51.66227
757.721,83.30748
757.899,118.9395
758.077,109.47085
758.254,49.17052
758.432,114.9527
758.61,83.30748
758.787,83.55666
758.965,77.57646
759.142,57.89164
759.32,-14.36909
759.497,35.71507
759.675,-23.58856
759.852,-28.82123
760.03,246.26789
760.207,44.68537
760.385,75.58306
760.562,220.10452
760.74,468.7811
760.917,857.49399
761.094,1268.13428
761.272,1509.08643
761.449,1665.56829
761.626,1715.65245
761.804,1576.36367
761.981,1410.91151
762.158,1014.4742
762.335,688.30422
762.513,571.44117
762.69,324.50882
762.867,258.22829
763.044,226.83224
763.221,92.02861
763.399,138.62432
763.576,75.08471
763.753,145.10287
763.93,66.61276
764.107,-17.35919
764.284,33.22332
764.461,-33.05721
764.638,-8.88724
764.815,35.96425
764.992,2.57481
765.169,0.83058
765.346,17.27613
765.523,11.04676
765.7,56.89494
765.877,214.3735
766.054,36.4626
766.231,174.00716
766.408,-16.61166
766.584,-41.03081
766.761,-43.27338
766.938,-42.0275
767.115,51.66227
767.292,65.86524
767.468,7.30913
767.645,-109.30474
767.822,32.22662
767.999,-52.49285
768.175,-42.52585
768.352,-60.71562
768.529,-35.29978
768.705,93.52366
768.882,55.15072
769.059,-12.12651
769.235,21.76128
769.412,81.81244
769.588,23.75468
769.765,-57.47635
769.941,54.90154
770.118,-11.37899
770.294,90.53356
770.471,83.55666
770.647,181.98076
770.824,10.05006
771,249.25799
771.177,-10.38229
771.353,8.55501
771.529,-27.82453
771.706,60.13422
771.882,124.17217
772.058,-32.30968
772.235,-17.11001
772.411,-4.65127
772.587,29.98405
772.764,-30.06711
772.94,-6.14631
773.116,-110.55061
773.292,-159.13972
773.468,-5.89714
773.645,9.05336
773.821,-149.92025
773.997,-136.71398
774.173,197.92795
774.349,122.42795
774.525,-69.18757
774.701,0.33223
774.877,68.60616
775.053,32.97415
775.229,19.5187
775.405,101.74643
775.581,100.9989
775.757,2.57481
775.933,-17.35919
776.109,-48.75523
776.285,-3.15622
776.461,40.4494
776.637,61.87844
776.813,53.90484
776.989,91.28108
777.165,-55.23378
777.34,5.81408
777.516,76.33059
777.692,138.37514
777.868,168.77449
778.043,135.13587
778.219,44.18702
778.395,-6.64466
778.571,-2.15952
778.746,91.28108
778.922,-22.84104
779.098,-26.57866
779.273,-76.912
779.449,316.78439
779.624,-95.60011
779.8,3.57151
779.976,-24.08691
780.151,14.78438
780.327,-58.22388
780.502,26.99395
780.678,-44.0209
780.853,-15.36579
781.029,36.96095
781.204,168.77449
781.38,-62.21067
781.555,-68.9384
781.73,-0.91364
781.906,45.93125
782.081,53.90484
782.256,-13.37239
782.432,-38.04071
782.607,-45.0176
782.782,76.57976
782.958,91.28108
783.133,0.83058
783.308,135.38505
783.483,76.57976
783.659,-36.04731
783.834,37.4593
784.009,-92.85919
784.184,70.84874
784.359,85.05171
784.534,-62.70902
784.709,36.4626
784.885,42.94115
785.06,175.00386
785.235,508.39992
785.41,1174.94285
785.585,1485.41482
785.76,1800.6211
785.935,2107.85379
786.11,2111.59142
786.285,2020.64257
786.46,1917.48414
786.634,1359.3323
786.809,1174.4445
786.984,844.28772
787.159,584.14909
787.334,407.98242
787.509,374.3438
787.684,190.70188
787.858,59.38669
788.033,21.26293
788.208,167.77779
788.383,1.32893
788.557,58.88834
788.732,33.72167
788.907,39.95105
789.082,0.08306
789.256,48.17382
789.431,10.79758
789.605,-30.81463
789.78,-36.79483
789.955,-12.62486
790.129,-16.11331
790.304,9.05336
790.478,37.21012
790.653,-93.10837
790.827,-68.9384
791.002,-1.16282
791.176,-4.90044
791.351,98.25798
791.525,55.15072
791.7,-60.46645
791.874,15.78108
792.048,57.39329
792.223,-2.15952
792.397,102.49395
792.572,17.02695
792.746,-31.06381
792.92,26.99395
793.094,81.31409
793.269,39.20352
793.443,130.65072
793.617,240.03852
793.791,390.78935
793.966,445.85701
794.14,393.2811
794.314,336.96756
794.488,266.45106
794.662,318.77779
794.836,149.58802
795.01,208.3933
795.185,306.8174
795.359,199.423
795.533,46.18042
795.707,-19.10341
795.881,-14.11991
796.055,40.4494
796.229,-61.71232
796.403,-87.12817
796.577,10.54841
796.75,3.32233
796.924,-97.59351
797.098,-54.73543
797.272,22.01045
797.446,180.73488
797.62,54.65237
797.794,-84.38724
797.967,-2.15952
798.141,-116.53081
798.315,-52.24368
798.489,-50.49945
798.663,-38.78823
798.836,54.15402
799.01,-100.58361
799.184,-110.55061
799.357,-45.51595
799.531,81.31409
799.705,24.25303
799.878,50.66557
800.052,8.30583
800.225,117.9428
800.399,70.35039
800.572,4.31903
800.746,165.53521
800.92,113.20848
801.093,-46.0143
801.266,-71.43015
801.44,36.21342
801.613,-5.14962
801.787,4.56821
801.96,-71.9285
802.134,-0.66447
802.307,-12.37569
802.48,73.83884
802.654,28.23983
802.827,105.9824
803,154.07317
803.174,259.72334
803.347,199.423
803.52,158.30914
803.693,181.48241
803.867,135.8834
804.04,110.21838
804.213,153.32564
804.386,77.32729
804.559,32.72497
804.732,139.12267
804.906,158.55831
805.079,282.8966
805.252,107.47745
805.425,35.96425
805.598,6.31243
805.771,14.5352
805.944,-11.87734
806.117,-107.06216
806.29,342.20024
806.463,210.88505
806.636,90.03521
806.809,72.84214
806.982,-51.9945
807.154,40.69857
807.327,74.08801
807.5,97.26128
807.673,-26.57866
807.846,79.56986
808.019,-13.62156
808.191,70.59956
808.364,-67.44335
808.537,23.75468
808.71,-70.18427
808.882,7.05996
809.055,100.00221
809.228,97.26128
809.4,-23.83773
809.573,-65.44995
809.746,-12.37569
809.918,-31.06381
810.091,-22.09351
810.263,-99.58691
810.436,12.79098
810.609,21.26293
810.781,166.78109
810.954,2.57481
811.126,-39.53576
811.299,114.45435
811.471,78.82234
811.643,116.19858
811.816,-20.10011
811.988,-83.63972
812.161,67.85864
812.333,-26.32948
812.505,156.81409
812.678,234.05832
812.85,137.62762
813.022,79.81904
813.195,46.4296
813.367,-11.87734
813.539,9.55171
813.711,145.85039
813.884,126.66392
814.056,148.09297
814.228,51.91144
814.4,257.23159
814.572,178.24313
814.744,218.11112
814.917,151.58142
815.089,108.72333
815.261,44.93455
815.433,134.38835
815.605,108.22498
815.777,58.38999
815.949,174.00716
816.121,278.41146
816.293,8.30583
816.465,158.80749
816.637,105.73323
816.809,327.24974
816.98,218.11112
817.152,434.14579
817.324,473.51543
817.496,682.57319
817.668,852.75967
817.84,1096.45275
818.011,1133.57982
818.183,1242.46926
818.355,1219.79434
818.527,1169.461
818.698,1021.20192
818.87,1029.92304
819.042,1050.85374
819.214,1311.49072
819.385,1839.99074
819.557,3280.72019
819.728,6067.24343
819.9,11256.56052
820.072,18177.14503
820.243,25182.94736
820.415,29695.50535
820.586,33020.74479
820.758,34842.71188
820.929,34802.84389
821.101,31628.60445
821.272,27540.39138
821.444,23837.65192
821.615,21164.50327
821.787,17339.16974
821.958,13330.94182
822.129,9842.74197
822.301,7021.33424
822.472,4905.34073
822.643,3547.83571
822.815,2409.60463
822.986,1913.49735
823.157,1280.09467
823.328,1190.89005
823.5,1076.51876
823.671,954.67222
823.842,863.47419
824.013,928.0105
824.184,1150.77289
824.356,1478.43792
824.527,2113.33564
824.698,3401.57003
824.869,5418.89026
825.04,7790.28807
825.211,9591.82282
825.382,11168.3526
825.553,11880.24537
825.724,12498.1992
825.895,12059.40215
826.066,10927.40044
826.237,9516.07364
826.408,8482.24685
826.579,7163.8623
826.75,5758.76487
826.921,4457.57338
827.092,3364.19379
827.262,2434.7713
827.433,1700.95113
827.604,1204.59467
827.775,879.17221
827.946,732.40818
828.116,416.70354
828.287,407.48407
828.458,418.94612
828.629,300.08967
828.799,274.42466
828.97,213.62597
829.141,306.06987
829.311,155.56821
829.482,246.76624
829.652,133.64082
829.823,166.53191
829.994,248.26129
830.164,121.68042
830.335,103.24148
830.505,161.79759
830.676,133.64082
830.846,201.16723
831.017,54.40319
831.187,249.50716
831.357,309.8075
831.528,463.29925
831.698,748.85372
831.869,992.29763
832.039,1209.32899
832.209,1325.19534
832.38,1476.19534
832.55,1314.23164
832.72,1501.11284
832.89,1228.01711
833.061,1087.73163
833.231,980.08806
833.401,872.69366
833.571,630.99398
833.742,457.06988
833.912,380.324
834.082,305.57152
834.252,164.28934
834.422,156.06656
834.592,207.64578
834.762,148.84049
834.932,174.75468
835.102,170.51871
835.272,204.65568
835.442,154.57151
835.612,287.38175
835.782,327.99727
835.952,244.02531
836.122,54.40319
836.292,204.15733
836.462,206.3999
836.632,204.90485
836.802,-41.03081
836.972,77.57646
837.141,69.35369
837.311,86.04841
837.481,150.33554
837.651,172.51211
837.821,304.57482
837.99,460.30915
838.16,684.81577
838.33,883.90654
838.499,1066.05341
838.669,1250.19368
838.839,1088.22998
839.008,1081.50225
839.178,904.83723
839.348,949.68872
839.517,817.12765
839.687,654.6656
839.856,562.47088
840.026,528.58308
840.195,266.45106
840.365,218.3603
840.534,271.18538
840.704,82.55996
840.873,175.00386
841.042,98.25798
841.212,-40.28328
841.381,144.10617
841.551,107.47745
841.72,15.03355
841.889,71.84544
842.059,-55.9813
842.228,2.82398
842.397,-52.9912
842.566,27.4923
842.736,92.27778
842.905,85.79923
843.074,29.4857
843.243,6.31243
843.412,87.29428
843.582,-83.63972
843.751,-49.25358
843.92,-3.90374
844.089,11.29593
844.258,-71.43015
844.427,-15.86414
844.596,21.5121
844.765,-11.37899
844.934,74.58636
845.103,26.99395
845.272,58.63917
845.441,24.5022
845.61,103.24148
845.779,-6.89384
845.948,79.07151
846.117,12.79098
846.286,17.77448
846.454,104.48735
846.623,25.24973
846.792,77.32729
846.961,-3.65457
847.13,30.98075
847.298,160.05336
847.467,85.55006
847.636,235.80254
847.805,89.03851
847.973,87.04511
848.142,0.08306
848.311,135.38505
848.479,52.16062
848.648,57.64247
848.816,54.90154
848.985,-93.35754
849.154,59.13752
849.322,-28.82123
849.491,-5.14962
849.659,81.06491
849.828,22.75798
849.996,51.66227
850.165,5.06656
850.333,104.23818
850.501,93.52366
850.67,26.4956
850.838,27.74148
851.007,25.00055
851.175,-11.37899
851.343,107.72663
851.512,-28.07371
851.68,-38.78823
851.848,-3.40539
852.016,-21.84434
852.185,28.489
852.353,-7.64136
852.521,24.25303
852.689,8.05666
852.857,79.32069
853.026,85.30088
853.194,-40.78163
853.362,73.83884
853.53,-35.05061
853.698,-88.12487
853.866,-15.11661
854.034,-65.9483
854.202,-20.34929
854.37,-120.51761
854.538,-60.9648
854.706,3.82068
854.874,-48.75523
855.042,-39.53576
855.21,45.18372
855.378,-28.32288
855.546,-67.69252
855.713,15.28273
855.881,71.84544
856.049,43.19032
856.217,-24.08691
856.385,-65.69912
856.553,-55.48295
856.72,-15.11661
856.888,-52.24368
857.056,-0.91364
857.223,132.39495
857.391,-48.75523
857.559,89.03851
857.726,-30.81463
857.894,-19.35259
858.062,-9.13641
858.229,28.98735
858.397,156.31574
858.564,31.97745
858.732,-18.35589
858.899,75.83224
859.067,15.03355
859.234,99.50386
859.402,47.4263
859.569,-56.72883
859.737,-80.89879
859.904,27.4923
860.072,29.98405
860.239,-46.26348
860.406,124.17217
860.574,79.32069
860.741,143.35864
860.908,86.29758
861.076,-51.24698
861.243,161.29924
861.41,-86.87899
861.577,556.2415
861.745,46.4296
861.912,14.5352
862.079,-101.82949
862.246,50.16722
862.413,-22.34269
862.58,14.28603
862.748,47.92464
862.915,111.9626
863.082,-8.38889
863.249,191.94775
863.416,157.56161
863.583,114.20518
863.75,74.83554
863.917,132.8933
864.084,55.89824
864.251,-28.82123
864.418,31.22992
864.585,79.81904
864.751,135.13587
864.918,-71.18097
865.085,7.80748
865.252,24.00385
865.419,16.27943
865.586,-5.64797
865.752,23.25633
865.919,-62.45985
866.086,165.53521
866.253,9.05336
866.419,-40.03411
866.586,-35.54896
866.753,-43.0242
866.919,-15.36579
867.086,-105.31794
867.253,-44.76843
867.419,-45.76513
867.586,29.73487
867.752,-59.71892
867.919,5.06656
868.085,77.32729
868.252,38.95435
868.418,-9.38559
868.585,41.69527
868.751,12.79098
868.918,-47.26018
869.084,34.22002
869.251,7.05996
869.417,-58.47305
869.583,63.87184
869.75,22.75798
869.916,-30.06711
870.082,85.79923
870.249,16.77778
870.415,91.03191
870.581,53.15732
870.747,24.00385
870.914,-6.64466
871.08,1.07976
871.246,30.4824
871.412,-80.15127
871.578,180.48571
871.744,10.29923
871.911,102.24478
872.077,81.81244
872.243,18.27283
872.409,-51.49615
872.575,40.4494
872.741,76.33059
872.907,114.9527
873.073,-35.54896
873.239,76.08141
873.405,100.9989
873.571,-27.82453
873.737,84.80253
873.902,9.55171
874.068,27.99065
874.234,197.18043
874.4,-46.0143
874.566,20.5154
874.732,94.52036
874.897,1.07976
875.063,-38.04071
875.229,74.33719
875.395,129.40485
875.56,-75.16777
875.726,-14.86744
875.892,-99.58691
876.057,79.56986
876.223,11.04676
876.389,122.42795
876.554,-74.17107
876.72,1.32893
876.885,-17.60836
877.051,106.23158
877.217,-30.56546
877.382,-25.08361
877.548,17.27613
877.713,-4.40209
877.878,-24.08691
878.044,30.73157
878.209,-22.34269
878.375,108.72333
878.54,90.53356
878.705,46.18042
878.871,55.15072
879.036,242.03192
879.201,116.9461
879.367,232.81244
879.532,321.26954
879.697,486.7217
879.863,599.09959
880.028,1036.40159
880.193,1408.66894
880.358,2121.80759
880.523,3006.12941
880.688,3954.4892
880.854,4706.99749
881.019,5179.9315
881.184,5087.98595
881.349,4636.48098
881.514,3920.10306
881.679,3017.59146
881.844,2377.21189
882.009,1633.42472
882.174,1355.59468
882.339,1030.91974
882.504,794.70191
882.669,578.66725
882.834,379.82565
882.999,191.20023
883.163,231.81574
883.328,261.71673
883.493,169.02366
883.658,253.24479
883.823,138.62432
883.988,132.8933
884.152,207.64578
884.317,145.35204
884.482,158.30914
884.646,110.71673
884.811,244.52366
884.976,48.67217
885.14,63.37349
885.305,90.53356
885.47,124.42135
885.634,28.73818
885.799,69.85204
885.963,248.51046
886.128,77.32729
886.292,-53.73873
886.457,88.04181
886.621,-13.87074
886.786,118.19198
886.95,-97.09516
887.115,68.60616
887.279,-0.91364
887.444,-12.37569
887.608,139.87019
887.772,3.82068
887.937,165.78439
888.101,150.08637
888.265,128.40815
888.43,-4.40209
888.594,28.98735
888.758,116.69693
888.922,45.4329
889.087,97.26128
889.251,52.16062
889.415,98.00881
889.579,-8.88724
889.743,-42.0275
889.907,45.93125
890.071,44.93455
890.236,45.4329
890.4,-76.66282
890.564,55.64907
890.728,65.11772
890.892,96.26458
891.056,-12.87404
891.22,-12.37569
891.384,64.61937
891.548,69.10451
891.711,111.9626
891.875,156.56491
892.039,-65.44995
892.203,140.11937
892.367,56.14742
892.531,6.56161
892.695,-48.75523
892.858,24.75138
893.022,37.70847
893.186,52.90814
893.35,-14.36909
893.513,3.32233
893.677,152.57812
893.841,170.26954
894.004,421.18869
894.168,223.09462
894.332,348.67879
894.495,233.80914
894.659,383.06493
894.822,305.8207
894.986,307.8141
895.149,150.33554
895.313,347.18374
895.476,212.13092
895.64,73.83884
895.803,129.40485
895.967,168.27614
896.13,58.63917
896.294,114.70353
896.457,114.70353
