195.513,-323.96894
195.729,-323.96894
195.945,-323.96894
196.161,-316.24452
196.378,-306.52669
196.594,-78.78081
196.81,-88.7478
197.026,77.70105
197.242,-37.91612
197.458,-29.94252
197.674,86.92052
197.89,-4.02833
198.106,106.10699
198.322,-26.70325
198.538,20.88916
198.754,-49.37817
198.97,23.87926
199.186,-1.03823
199.402,73.2159
199.618,-33.92932
199.834,65.74065
200.049,10.92217
200.265,-20.97222
200.481,56.77035
200.697,283.51954
200.913,47.55088
201.129,7.18454
201.345,-33.68014
201.56,38.33141
201.776,-54.61084
201.992,11.17134
202.208,61.00633
202.424,-115.16035
202.639,11.66969
202.855,76.95352
203.071,10.67299
203.287,62.00303
203.502,-16.73625
203.718,70.2258
203.934,65.98983
204.15,-10.75605
204.365,-60.59104
204.581,71.47168
204.797,-107.43592
205.012,23.13174
205.228,-79.02998
205.444,-80.52503
205.659,-26.95242
205.875,64.2456
206.091,-2.53328
206.306,83.68125
206.522,81.93702
206.737,7.18454
206.953,87.66805
207.168,-12.99863
207.384,82.93372
207.6,37.08554
207.815,114.08059
208.031,-34.67684
208.246,19.64329
208.462,-21.47057
208.677,-34.67684
208.893,-21.71975
209.108,7.93207
209.323,-67.06959
209.539,-40.65704
209.754,99.87762
209.97,54.52778
210.185,-1.78575
210.401,-78.78081
210.616,129.03108
210.831,16.90237
211.047,-23.71315
211.262,-48.87982
211.477,83.1829
211.693,-32.68344
211.908,69.72745
212.123,-42.65044
212.339,-15.98872
212.554,-32.68344
212.769,74.46177
212.985,-21.2214
213.2,-64.57784
213.415,52.53438
213.63,-40.65704
213.846,-40.15869
214.061,-109.42932
214.276,30.60699
214.491,-63.83031
214.706,-12.74945
214.922,-72.05308
215.137,35.83966
215.352,-75.79071
215.567,-54.36166
215.782,72.2192
215.997,-4.2775
216.212,-15.73955
216.428,-29.69335
216.643,14.16144
216.858,-109.18015
217.073,67.73405
217.288,-42.40127
217.503,0.20765
217.718,-114.662
217.933,53.53108
218.148,34.09544
218.363,-45.64054
218.578,140.74231
218.793,-43.64714
219.008,-80.02668
219.223,-0.04153
219.438,-106.93757
219.653,-64.57784
219.868,28.11524
220.083,-46.88642
220.298,-15.98872
220.512,-2.2841
220.727,-39.41117
220.942,38.82976
221.157,26.37101
221.372,-86.50523
221.587,22.38421
221.802,43.31491
222.016,40.32481
222.231,20.88916
222.446,43.56408
222.661,57.76705
222.876,10.17464
223.09,0.95517
223.305,1.20435
223.52,-12.2511
223.735,23.63009
223.949,56.27201
224.164,9.67629
224.379,-10.75605
224.594,85.1763
224.808,-13.99533
225.023,6.43702
225.238,-21.2214
225.452,152.7027
225.667,32.10204
225.882,23.87926
226.096,62.2522
226.311,14.16144
226.525,-29.69335
226.74,34.34461
226.955,108.34957
227.169,44.80996
227.384,-44.64384
227.598,-114.16365
227.813,-15.49037
228.027,21.88586
228.242,32.10204
228.456,-75.29236
228.671,-19.47717
228.885,23.63009
229.1,76.95352
229.314,-25.2082
229.529,-62.83361
229.743,5.93867
229.958,90.1598
230.172,-67.31876
230.386,8.92877
230.601,105.11029
230.815,-27.45077
231.03,70.97333
231.244,1.45352
231.458,16.65319
231.673,4.19444
231.887,-61.83691
232.101,74.71095
232.316,-63.33196
232.53,97.88422
232.744,-163.50028
232.958,59.76045
233.173,-33.68014
233.387,-57.60094
233.601,-42.15209
233.815,124.04759
234.03,59.2621
234.244,-23.96232
234.458,-114.16365
234.672,59.76045
234.886,61.00633
235.101,29.61029
235.315,-6.76925
235.529,82.93372
235.743,39.32811
235.957,-60.59104
236.171,-14.49368
236.385,46.05583
236.599,196.55749
236.814,25.87266
237.028,-53.36496
237.242,108.10039
237.456,-18.2313
237.67,-14.2445
237.884,36.08884
238.098,-44.89302
238.312,-102.20325
238.526,-105.19335
238.74,29.36111
238.954,-47.38477
239.168,90.40897
239.382,50.04263
239.596,-3.52998
239.81,-5.02503
240.024,29.85946
240.237,-36.67024
240.451,-26.45407
240.665,-62.08609
240.879,-19.97552
241.093,-55.35836
241.307,-62.58444
241.521,64.99313
241.734,18.89577
241.948,62.2522
242.162,2.45022
242.376,76.206
242.59,28.86276
242.803,84.67795
243.017,15.90567
243.231,-46.38807
243.445,-72.05308
243.658,-53.11579
243.872,-50.37487
244.086,93.64824
244.3,72.96673
244.513,-42.89962
244.727,-68.31546
244.941,42.81656
245.154,-102.95078
245.368,100.62514
245.582,86.67135
245.795,-55.60754
246.009,28.61359
246.222,116.57234
246.436,-33.18179
246.65,-95.22635
246.863,109.09709
247.077,-43.14879
247.29,6.18784
247.504,-29.69335
247.717,48.04923
247.931,39.07893
248.144,49.79346
248.358,-29.94252
248.571,157.6862
248.785,-33.43097
248.998,14.65979
249.212,38.58059
249.425,-28.1983
249.639,101.12349
249.852,-5.02503
250.065,-146.80556
250.279,139.24726
250.492,117.81821
250.706,-74.29566
250.919,-57.60094
251.132,31.60369
251.346,-18.48047
251.559,12.16804
251.772,171.14165
251.986,34.34461
252.199,13.91227
252.412,-41.65374
252.625,-11.75275
252.839,-38.91282
253.052,-74.29566
253.265,-65.57454
253.478,-2.2841
253.692,-31.43757
253.905,-3.2808
254.118,25.87266
254.331,-30.93922
254.544,-84.76101
254.758,13.16474
254.971,16.90237
255.184,-40.90622
255.397,151.95518
255.61,5.68949
255.823,-50.62404
256.036,26.62019
256.249,58.51458
256.462,71.97003
256.676,-30.69005
256.889,-0.04153
257.102,86.92052
257.315,-83.26596
257.528,27.61689
257.741,-112.17025
257.954,-54.61084
258.167,7.43372
258.38,45.55748
258.593,23.13174
258.806,-78.28246
259.019,55.02613
259.231,22.88256
259.444,71.72085
259.657,-25.70655
259.87,83.43207
260.083,75.2093
260.296,204.28191
260.509,-41.40457
260.722,157.93538
260.935,22.63339
261.147,28.61359
261.36,12.66639
261.573,83.68125
261.786,-53.11579
261.999,28.36441
262.211,16.40402
262.424,37.83306
262.637,-122.63559
262.85,-29.94252
263.062,-135.09434
263.275,63.99643
263.488,-32.1851
263.7,42.06903
263.913,-108.6818
264.126,9.67629
264.338,127.78521
264.551,-47.38477
264.764,48.54758
264.976,91.65485
265.189,24.37761
265.402,-11.2544
265.614,-14.99202
265.827,37.83306
266.039,-169.97883
266.252,9.42712
266.465,22.13504
266.677,33.34791
266.89,-0.2907
267.102,-38.41447
267.315,51.03933
267.527,113.33306
267.74,-36.67024
267.952,-51.37156
268.165,-49.87652
268.377,-19.47717
268.589,7.93207
268.802,61.00633
269.014,71.97003
269.227,90.90732
269.439,114.82811
269.651,-94.22965
269.864,17.15154
270.076,74.46177
270.289,43.06573
270.501,-50.12569
270.713,83.1829
270.926,255.86112
271.138,32.35121
271.35,47.55088
271.562,-3.52998
271.775,36.33801
271.987,90.65815
272.199,-68.06629
272.411,-1.53658
272.624,82.1862
272.836,-76.28906
273.048,-76.78741
273.26,-87.00358
273.472,22.88256
273.685,-29.94252
273.897,21.88586
274.109,11.17134
274.321,-32.43427
274.533,100.87432
274.745,-7.76595
274.957,-24.95902
275.17,-58.59764
275.382,-61.33856
275.594,-18.2313
275.806,-48.87982
276.018,-91.23955
276.23,-2.03493
276.442,-75.04318
276.654,-66.82041
276.866,29.36111
277.078,167.15485
277.29,-61.58774
277.502,-29.44417
277.714,-46.13889
277.926,-2.53328
278.138,-46.13889
278.35,12.66639
278.562,-74.79401
278.773,-33.43097
278.985,-38.16529
279.197,-9.01183
279.409,42.56738
279.621,-7.76595
279.833,23.13174
280.045,-39.41117
280.256,-48.87982
280.468,-90.7412
280.68,5.68949
280.892,-5.52338
281.104,-4.52668
281.315,-16.73625
281.527,-65.07619
281.739,-40.15869
281.951,43.31491
282.162,99.87762
282.374,127.28686
282.586,-7.01843
282.797,-63.83031
283.009,-42.65044
283.221,90.90732
283.432,95.64164
283.644,-82.51843
283.856,77.45187
284.067,-31.43757
284.279,80.94032
284.49,43.31491
284.702,-129.11414
284.914,65.74065
285.125,29.36111
285.337,-92.23625
285.548,-2.2841
285.76,19.14494
285.971,89.91062
286.183,109.59544
286.394,-40.90622
286.606,-56.85341
286.817,-3.2808
287.029,41.57068
287.24,-112.91777
287.452,92.65154
287.663,131.27366
287.874,-43.89632
288.086,41.57068
288.297,73.96343
288.509,-13.2478
288.72,-40.15869
288.931,181.60699
289.143,43.81326
289.354,9.67629
289.565,-73.79731
289.777,115.82481
289.988,101.87102
290.199,-4.52668
290.411,11.42052
290.622,-74.79401
290.833,-35.92272
291.044,-84.76101
291.256,-0.53988
291.467,-4.52668
291.678,-55.35836
291.889,23.38091
292.1,34.34461
292.312,8.67959
292.523,97.13669
292.734,187.33802
292.945,-85.01018
293.156,-67.31876
293.367,23.13174
293.578,19.14494
293.789,21.88586
294.001,55.52448
294.212,10.92217
294.423,-118.6488
294.634,16.15484
294.845,87.41887
295.056,-89.7445
295.267,-76.78741
295.478,45.05913
295.689,-20.2247
295.9,691.4189
296.111,-84.01348
296.322,-95.47553
296.533,-45.14219
296.744,-41.65374
296.954,21.38751
297.165,-88.00028
297.376,50.54098
297.587,-23.2148
297.798,47.55088
298.009,14.41062
298.22,45.05913
298.431,74.46177
298.641,-59.59434
298.852,8.92877
299.063,-32.68344
299.274,76.45517
299.485,-75.29236
299.695,91.40567
299.906,-85.75771
300.117,-58.09929
300.328,-0.04153
300.538,24.37761
300.749,-68.56463
300.96,-44.64384
301.171,29.11194
301.381,-67.06959
301.592,22.88256
301.803,0.706
302.013,-79.02998
302.224,-18.48047
302.434,37.58389
302.645,-54.86001
302.856,40.57398
303.066,-41.15539
303.277,29.36111
303.487,-42.40127
303.698,-31.1884
303.908,-102.95078
304.119,-24.2115
304.33,-51.12239
304.54,-44.89302
304.751,-93.7313
304.961,-39.41117
305.171,-10.75605
305.382,-152.78576
305.592,80.69115
305.803,-20.97222
306.013,-46.63724
306.224,55.77366
306.434,165.16145
306.644,31.60369
306.855,-28.69665
307.065,-19.72635
307.276,48.29841
307.486,-10.50688
307.696,-9.261
307.907,31.10534
308.117,-115.16035
308.327,87.91722
308.537,-6.52008
308.748,-25.95572
308.958,-43.14879
309.168,-38.41447
309.379,45.80666
309.589,-28.94582
309.799,-73.29896
310.009,-17.98212
310.219,105.85782
310.43,-40.90622
310.64,16.15484
310.85,-18.2313
311.06,28.86276
311.27,62.00303
311.48,29.85946
311.69,88.91392
311.901,5.44032
312.111,54.27861
312.321,-28.69665
312.531,35.34131
312.741,-71.05638
312.951,62.00303
313.161,45.30831
313.371,-0.2907
313.581,44.06243
313.791,-42.65044
314.001,-24.2115
314.211,49.29511
314.421,82.93372
314.631,21.63669
314.841,2.94857
315.051,7.68289
315.261,51.78686
315.47,7.18454
315.68,23.63009
315.89,-82.51843
316.1,-81.77091
316.31,34.84296
316.52,-22.96562
316.73,-19.228
316.939,64.99313
317.149,45.05913
317.359,-2.03493
317.569,22.13504
317.779,140.24396
317.988,33.59709
318.198,-77.53493
318.408,102.61854
318.618,-51.12239
318.827,83.68125
319.037,-46.13889
319.247,82.43537
319.456,46.05583
319.666,59.01293
319.876,28.36441
320.085,72.71755
320.295,13.66309
320.505,88.1664
320.714,30.35781
320.924,100.12679
321.133,16.40402
321.343,25.87266
321.553,8.92877
321.762,-24.95902
321.972,-70.30886
322.181,69.47828
322.391,21.63669
322.6,19.89247
322.81,-40.65704
323.019,-36.91942
323.229,20.14164
323.438,150.46013
323.648,134.51293
323.857,1.20435
324.066,-72.80061
324.276,-69.06298
324.485,22.38421
324.695,11.91887
324.904,-37.66694
325.113,83.43207
325.323,43.06573
325.532,30.35781
325.741,-35.17519
325.951,42.56738
326.16,58.01623
326.369,57.01953
326.579,78.94692
326.788,-57.85011
326.997,-18.97882
327.206,77.45187
327.416,27.11854
327.625,-53.86331
327.834,-81.27256
328.043,-43.39797
328.252,-99.46233
328.462,-34.67684
328.671,-4.77585
328.88,139.99478
329.089,-5.02503
329.298,-79.52833
329.507,-40.65704
329.716,35.83966
329.926,-26.95242
330.135,-39.90952
330.344,-48.63064
330.553,-75.04318
330.762,90.65815
330.971,28.61359
331.18,67.98323
331.389,-55.35836
331.598,104.11359
331.807,-4.2775
332.016,27.36771
332.225,-58.09929
332.434,74.2126
332.643,69.72745
332.852,5.44032
333.06,15.90567
333.269,10.42382
333.478,-63.83031
333.687,-57.35176
333.896,-16.2379
334.105,-17.98212
334.314,37.58389
334.523,-3.03163
334.731,-10.50688
334.94,131.52283
335.149,-42.89962
335.358,-44.14549
335.567,24.12844
335.775,142.73571
335.984,-68.06629
336.193,17.40072
336.402,28.11524
336.61,-50.62404
336.819,-45.39137
337.028,-51.86991
337.236,66.98653
337.445,-38.91282
337.654,23.63009
337.862,-45.14219
338.071,2.20105
338.279,-5.2742
338.488,-43.39797
338.697,34.59379
338.905,44.31161
339.114,100.62514
339.322,46.55418
339.531,-45.88972
339.739,-80.02668
339.948,78.69775
340.157,-32.93262
340.365,44.31161
340.574,-35.67354
340.782,-50.87321
340.99,-78.03328
341.199,-45.64054
341.407,-51.62074
341.616,-40.40787
341.824,-34.17849
342.033,25.62349
342.241,2.45022
342.449,5.68949
342.658,41.81986
342.866,52.53438
343.074,-43.39797
343.283,57.51788
343.491,62.75055
343.699,-43.14879
343.908,136.25716
344.116,-27.2016
344.324,27.86606
344.532,146.47333
344.741,-7.76595
344.949,-33.92932
345.157,-46.88642
345.365,-70.55803
345.574,-63.33196
345.782,87.41887
345.99,4.94197
346.198,-44.89302
346.406,97.38587
346.614,-17.73295
346.823,35.59049
347.031,22.13504
347.239,-22.96562
347.447,-33.43097
347.655,-88.7478
347.863,72.2192
348.071,31.35451
348.279,-13.49698
348.487,-1.78575
348.695,-40.90622
348.903,-27.94912
349.111,-33.43097
349.319,-2.2841
349.527,-79.02998
349.735,30.10864
349.943,103.86442
350.151,-73.54813
350.359,136.00798
350.567,20.39082
350.775,58.51458
350.983,46.55418
351.19,44.31161
351.398,21.38751
351.606,-59.09599
351.814,-14.49368
352.022,33.84626
352.23,136.00798
352.437,-5.2742
352.645,24.62679
352.853,-121.38972
353.061,98.13339
353.269,53.03273
353.476,-47.13559
353.684,30.85616
353.892,-13.99533
354.099,25.37431
354.307,149.46343
354.515,123.79841
354.722,-32.1851
354.93,-8.51348
355.138,13.91227
355.345,24.62679
355.553,-126.12404
355.761,56.02283
355.968,-74.79401
356.176,-56.10589
356.383,20.63999
356.591,53.53108
356.799,33.34791
357.006,-74.29566
357.214,40.82316
357.421,65.2423
357.629,9.92547
357.836,-94.47883
358.044,-23.71315
358.251,65.49148
358.458,-94.728
358.666,-116.15705
358.873,-94.47883
359.081,18.39742
359.288,-8.51348
359.496,-19.72635
359.703,-38.91282
359.91,-41.15539
360.118,-6.2709
360.325,-100.7082
360.532,11.42052
360.74,-4.02833
360.947,51.53768
361.154,-27.94912
361.362,-73.29896
361.569,1.45352
361.776,-91.7379
361.983,124.29676
362.191,-55.60754
362.398,-36.42107
362.605,-24.95902
362.812,-32.43427
363.019,-27.94912
363.227,-47.38477
363.434,-97.46893
363.641,82.43537
363.848,59.51128
364.055,80.94032
364.262,25.62349
364.469,-87.25275
364.676,46.05583
364.883,-84.01348
365.091,-69.31216
365.298,6.93537
365.505,36.33801
365.712,171.14165
365.919,-72.05308
366.126,68.2324
366.333,735.27369
366.54,-5.52338
366.747,-12.99863
366.954,73.96343
367.16,-18.48047
367.367,-8.01513
367.574,171.14165
367.781,-1.2874
367.988,9.92547
368.195,-53.36496
368.402,5.93867
368.609,-5.2742
368.816,-43.14879
369.022,-48.38147
369.229,-227.03989
369.436,40.57398
369.643,-112.91777
369.85,-61.33856
370.056,120.06079
370.263,-10.00853
370.47,131.52283
370.677,-50.12569
370.883,-2.2841
371.09,-19.47717
371.297,3.69609
371.503,-33.18179
371.71,-26.70325
371.917,-103.94747
372.123,138.74891
372.33,-41.90292
372.537,-78.03328
372.743,-93.23295
372.95,84.1796
373.156,28.36441
373.363,58.2654
373.57,-48.13229
373.776,180.11195
373.983,-16.73625
374.189,-95.22635
374.396,19.39412
374.602,-32.43427
374.809,54.77696
375.015,25.12514
375.222,-112.17025
375.428,-28.94582
375.634,-20.2247
375.841,-19.228
376.047,-56.60424
376.254,61.2555
376.46,108.84792
376.666,40.57398
376.873,12.91557
377.079,-8.2643
377.286,-67.81711
377.492,-10.2577
377.698,38.82976
377.904,77.45187
378.111,108.10039
378.317,-84.26266
378.523,-149.54649
378.73,-56.85341
378.936,-27.94912
379.142,2.45022
379.348,-18.72965
379.554,107.60204
379.761,-5.2742
379.967,62.50138
380.173,-30.69005
380.379,-66.32206
380.585,-38.41447
380.791,95.64164
380.997,-37.16859
381.204,-88.49863
381.41,76.45517
381.616,-11.75275
381.822,-42.89962
382.028,-20.47387
382.234,-32.93262
382.44,-91.23955
382.646,6.93537
382.852,-84.51183
383.058,-59.84351
383.264,13.66309
383.47,-118.89797
383.676,-41.65374
383.882,-140.57619
384.088,23.63009
384.294,-77.28576
384.5,-24.70985
384.705,-72.30226
384.911,-29.94252
385.117,-54.36166
385.323,61.75385
385.529,-11.50358
385.735,9.92547
385.941,-2.03493
386.146,70.97333
386.352,15.90567
386.558,36.33801
386.764,-30.44087
386.969,21.63669
387.175,-61.08939
387.381,90.1598
387.587,-76.03988
387.792,-29.94252
387.998,39.07893
388.204,-62.83361
388.409,6.43702
388.615,4.19444
388.821,132.02118
389.026,-16.48707
389.232,-94.22965
389.438,49.04593
389.643,-17.98212
389.849,17.15154
390.054,-68.56463
390.26,-99.96068
390.465,-37.66694
390.671,-103.19995
390.876,-95.97388
391.082,81.93702
391.287,-108.18345
391.493,-58.34846
391.698,68.73075
391.904,97.38587
392.109,182.60369
392.315,-136.09104
392.52,31.35451
392.726,-70.30886
392.931,10.17464
393.136,45.55748
393.342,-99.46233
393.547,-18.2313
393.752,81.68785
393.958,19.89247
394.163,-41.65374
394.368,-102.7016
394.574,60.50798
394.779,-152.53659
394.984,128.28356
395.19,-41.40457
395.395,-25.70655
395.6,60.00963
395.805,62.50138
396.01,-50.87321
396.216,202.78686
396.421,10.42382
396.626,-54.86001
396.831,65.49148
397.036,-108.6818
397.241,-123.63229
397.447,67.73405
397.652,-2.53328
397.857,12.41722
398.062,-11.2544
398.267,-90.24285
398.472,-82.76761
398.677,28.11524
398.882,21.63669
399.087,3.94527
399.292,-79.27916
399.497,190.32812
399.702,-23.96232
399.907,33.84626
400.112,32.60039
400.317,-37.91612
400.522,10.42382
400.727,-11.50358
400.932,50.29181
401.137,-108.93097
401.341,56.27201
401.546,-2.2841
401.751,53.03273
401.956,-38.91282
402.161,-12.2511
402.366,-7.2676
402.57,-19.97552
402.775,4.19444
402.98,54.52778
403.185,22.13504
403.39,110.59214
403.594,44.56078
403.799,4.94197
404.004,7.93207
404.208,-77.03658
404.413,-24.70985
404.618,-65.32536
404.822,-23.71315
405.027,-124.87817
405.232,1.95187
405.436,-54.11249
405.641,-75.29236
405.846,-113.41612
406.05,108.59874
406.255,-62.58444
406.459,33.09874
406.664,34.09544
406.868,-83.01678
407.073,226.95683
407.277,116.82151
407.482,-5.77255
407.686,41.32151
407.891,-97.21975
408.095,-4.77585
408.3,5.93867
408.504,-15.2412
408.709,-68.56463
408.913,29.85946
409.118,-90.99038
409.322,67.98323
409.526,23.13174
409.731,110.84131
409.935,-25.2082
410.139,-12.50028
410.344,64.2456
410.548,21.88586
410.752,50.29181
410.957,43.56408
411.161,-23.96232
411.365,-46.63724
411.569,154.6961
411.774,128.28356
411.978,2.6994
412.182,14.90897
412.386,-10.00853
412.59,51.53768
412.795,-49.62734
412.999,13.91227
413.203,12.16804
413.407,136.25716
413.611,9.17794
413.815,26.12184
414.019,82.1862
414.223,131.27366
414.427,-15.2412
414.632,118.56574
414.836,-27.94912
415.04,-4.02833
415.244,-12.74945
415.448,37.33471
415.652,19.14494
415.856,49.79346
416.06,22.13504
416.264,37.83306
416.467,201.54099
416.671,51.78686
416.875,164.91227
417.079,136.25716
417.283,97.63504
417.487,30.60699
417.691,79.44527
417.895,81.93702
418.099,2.94857
418.302,20.63999
418.506,27.86606
418.71,113.33306
418.914,13.66309
419.118,-31.68675
419.321,19.39412
419.525,71.72085
419.729,102.61854
419.933,156.19115
420.136,56.27201
420.34,96.63834
420.544,144.97828
420.747,164.41392
420.951,92.65154
421.155,36.83636
421.358,83.43207
421.562,91.90402
421.766,124.29676
421.969,149.96178
422.173,92.40237
422.376,75.70765
422.58,67.73405
422.783,54.02943
422.987,86.173
423.19,132.51953
423.394,106.35617
423.597,112.08719
423.801,1.45352
424.004,210.26211
424.208,197.80337
424.411,85.67465
424.615,163.16805
424.818,21.13834
425.022,197.80337
425.225,132.27036
425.428,100.37597
425.632,197.55419
425.835,164.91227
426.038,141.98818
426.242,61.2555
426.445,48.79676
426.648,105.85782
426.852,125.54264
427.055,98.88092
427.258,197.55419
427.461,178.6169
427.665,265.32977
427.868,287.25717
428.071,260.84462
428.274,247.88753
428.477,206.77366
428.681,375.96344
428.884,45.55748
429.087,112.08719
429.29,166.40732
429.493,254.36607
429.696,216.98983
429.899,168.6499
430.102,223.21921
430.306,235.67795
430.509,172.38752
430.712,287.50634
430.915,115.82481
431.118,111.09049
431.321,169.14825
431.524,129.03108
431.727,157.6862
431.93,141.48983
432.133,160.6763
432.336,210.01294
432.538,146.7225
432.741,215.99314
432.944,169.39742
433.147,281.27697
433.35,339.5839
433.553,175.6268
433.756,177.86937
433.959,167.15485
434.161,348.30502
434.364,245.64495
434.567,273.05419
434.77,258.1037
434.973,268.0707
435.175,264.33307
435.378,382.69116
435.581,223.46838
435.784,186.34132
435.986,161.92218
436.189,257.107
436.392,290.99479
436.594,195.31162
436.797,241.40898
437,320.39743
437.202,274.79842
437.405,243.65155
437.607,300.71261
437.81,312.17466
438.013,280.52944
438.215,166.40732
438.418,187.58719
438.62,193.81657
438.823,410.84793
439.025,356.27862
439.228,322.64001
439.43,237.42218
439.633,268.56905
439.835,265.32977
440.038,311.42713
440.24,388.67136
440.443,179.11525
440.645,289.49974
440.847,264.83142
441.05,162.6697
441.252,273.05419
441.455,387.42549
441.657,301.95849
441.859,311.42713
442.062,151.95518
442.264,271.80832
442.466,293.73571
442.668,349.30172
442.871,210.51129
443.073,154.6961
443.275,320.89578
443.477,239.66475
443.68,389.66806
443.882,174.13175
444.084,115.82481
444.286,203.03604
444.488,135.01128
444.69,180.6103
444.893,304.69941
445.095,210.51129
445.297,88.66475
445.499,122.30336
445.701,128.28356
445.903,279.78192
446.105,133.51623
446.307,138.74891
446.509,187.83637
446.711,144.97828
446.913,100.12679
447.115,245.39578
447.317,238.91723
447.519,64.49478
447.721,44.56078
447.923,97.63504
448.125,23.38091
448.327,57.2687
448.529,78.69775
448.731,-8.01513
448.933,83.1829
449.134,114.32976
449.336,50.04263
449.538,66.73735
449.74,122.55254
449.942,-7.2676
450.144,158.18455
450.345,236.67465
450.547,23.87926
450.749,208.51789
450.951,36.83636
451.152,43.56408
451.354,37.83306
451.556,31.35451
451.757,129.03108
451.959,126.04099
452.161,69.47828
452.362,57.2687
452.564,65.2423
452.766,19.39412
452.967,62.00303
453.169,78.94692
453.37,14.65979
453.572,1.45352
453.774,-19.47717
453.975,36.58719
454.177,67.73405
454.378,3.19774
454.58,-1.03823
454.781,56.52118
454.983,6.93537
455.184,-14.2445
455.386,130.77531
455.587,78.69775
455.788,-34.42767
455.99,-55.60754
456.191,67.73405
456.393,50.54098
456.594,-39.41117
456.795,-21.71975
456.997,25.12514
457.198,-0.04153
457.399,58.76375
457.601,-26.95242
457.802,19.39412
458.003,85.67465
458.205,15.90567
458.406,-102.95078
458.607,-32.1851
458.808,-7.51678
459.009,9.42712
459.211,-90.24285
459.412,167.40402
459.613,-4.52668
459.814,22.63339
460.015,-19.228
460.217,-0.04153
460.418,145.22746
460.619,123.30006
460.82,58.2654
461.021,82.68455
461.222,151.95518
461.423,94.39577
461.624,-80.52503
461.825,52.28521
462.026,-70.80721
462.227,13.16474
462.428,27.61689
462.629,-91.48873
462.83,134.01458
463.031,-12.50028
463.232,-61.08939
463.433,70.72415
463.634,-43.89632
463.835,-1.78575
464.036,-12.74945
464.236,-28.44747
464.437,-12.00193
464.638,-7.2676
464.839,15.65649
465.04,38.58059
465.241,19.14494
465.441,44.80996
465.642,18.39742
465.843,70.72415
466.044,6.43702
466.244,-22.2181
466.445,-61.33856
466.646,33.09874
466.847,41.81986
467.047,-21.47057
467.248,67.73405
467.449,-7.01843
467.649,112.83471
467.85,-45.14219
468.05,-12.74945
468.251,-84.01348
468.452,-66.82041
468.652,-22.2181
468.853,10.92217
469.053,107.35287
469.254,-58.84681
469.454,-58.34846
469.655,7.68289
469.855,103.11689
470.056,-16.98542
470.256,27.86606
470.457,-26.70325
470.657,17.40072
470.858,-19.228
471.058,159.43043
471.259,-88.24945
471.459,-50.12569
471.659,-102.7016
471.86,-98.96398
472.06,-79.77751
472.26,2.94857
472.461,24.87596
472.661,-47.63394
472.861,6.93537
473.062,-122.38642
473.262,95.14329
473.462,-40.90622
473.662,79.1961
473.863,-52.61744
474.063,-26.2049
474.263,-6.2709
474.463,-17.2346
474.663,57.76705
474.864,50.29181
475.064,-52.11909
475.264,-51.86991
475.464,109.09709
475.664,-26.70325
475.864,97.88422
476.064,-151.29071
476.264,49.79346
476.464,-99.21315
476.664,20.14164
476.864,24.37761
477.064,-115.16035
477.265,-92.48543
477.464,6.43702
477.664,-2.03493
477.864,-59.59434
478.064,-8.51348
478.264,52.78356
478.464,89.1631
478.664,39.32811
478.864,19.64329
479.064,37.83306
479.264,-89.24615
479.464,-43.64714
479.663,64.49478
479.863,-5.2742
480.063,-18.72965
480.263,-1.03823
480.463,145.97498
480.663,-100.7082
480.862,17.89907
481.062,-44.64384
481.262,10.67299
481.461,-122.38642
481.661,13.16474
481.861,-50.12569
482.061,-78.53163
482.26,-27.69995
482.46,-23.71315
482.66,48.04923
482.859,147.47003
483.059,-70.05968
483.258,-12.00193
483.458,54.52778
483.658,-69.56133
483.857,19.64329
484.057,-89.24615
484.256,22.38421
484.456,86.92052
484.655,71.72085
484.855,36.33801
485.054,-53.36496
485.254,5.68949
485.453,-9.51018
485.653,-26.95242
485.852,15.90567
486.051,-89.49533
486.251,-7.2676
486.45,-49.62734
486.649,147.7192
486.849,-63.58114
487.048,-111.92107
487.248,0.45682
487.447,-9.75935
487.646,7.93207
487.845,39.32811
488.045,65.98983
488.244,19.89247
488.443,3.44692
488.642,-78.28246
488.842,-21.2214
489.041,-78.53163
489.24,-56.60424
489.439,-50.37487
489.638,24.37761
489.838,12.66639
490.037,40.07563
490.236,19.39412
490.435,-83.76431
490.634,-37.91612
490.833,-14.49368
491.032,-79.52833
491.231,-18.72965
491.43,8.18124
491.629,-12.99863
491.828,40.07563
492.027,-116.6554
492.226,-16.2379
492.425,26.62019
492.624,52.53438
492.823,-47.63394
493.022,-120.6422
493.221,-13.49698
493.42,-100.20985
493.619,72.2192
493.818,27.36771
494.017,1.95187
494.216,-13.2478
494.414,101.62184
494.613,-113.41612
494.812,21.88586
495.011,-55.35836
495.21,5.19114
495.408,-76.28906
495.607,81.68785
495.806,-79.77751
496.005,21.38751
496.203,-8.76265
496.402,-84.26266
496.601,-12.00193
496.799,-53.61414
496.998,-31.43757
497.197,-73.04978
497.395,-37.41777
497.594,22.88256
497.793,-87.7511
497.991,62.50138
498.19,100.37597
498.388,-29.69335
498.587,21.38751
498.785,83.43207
498.984,243.1532
499.182,-0.53988
499.381,-0.78905
499.579,-55.10919
499.778,46.55418
499.976,-69.56133
500.175,-61.33856
500.373,106.35617
500.572,-46.88642
500.77,4.69279
500.968,-44.14549
501.167,-84.01348
501.365,8.67959
501.564,-29.44417
501.762,94.14659
501.96,53.03273
502.159,68.2324
502.357,23.87926
502.555,22.88256
502.753,9.92547
502.952,75.2093
503.15,-54.11249
503.348,6.43702
503.546,108.34957
503.745,-61.58774
503.943,23.87926
504.141,145.47663
504.339,28.11524
504.537,97.63504
504.735,-89.49533
504.933,-35.92272
505.132,69.2291
505.33,15.65649
505.528,-81.27256
505.726,-60.59104
505.924,-72.30226
506.122,11.91887
506.32,-38.66364
506.518,-30.1917
506.716,-40.65704
506.914,-13.99533
507.112,-31.68675
507.31,83.43207
507.508,27.86606
507.706,-22.71645
507.904,68.2324
508.101,-10.2577
508.299,80.44197
508.497,-81.77091
508.695,1.20435
508.893,38.08224
509.091,-18.48047
509.289,-31.93592
509.486,49.04593
509.684,12.16804
509.882,-113.91447
510.08,-16.98542
510.277,46.80336
510.475,10.17464
510.673,-4.77585
510.871,29.85946
511.068,-20.97222
511.266,-80.77421
511.464,-9.75935
511.661,45.05913
511.859,29.11194
512.056,17.15154
512.254,-53.86331
512.452,-1.03823
512.649,143.23406
512.847,14.16144
513.044,-15.2412
513.242,103.86442
513.439,47.05253
513.637,31.35451
513.834,48.54758
514.032,164.41392
514.229,-45.39137
514.427,2.45022
514.624,-53.86331
514.822,-8.2643
515.019,54.77696
515.217,-25.2082
515.414,10.42382
515.611,21.38751
515.809,101.62184
516.006,-62.83361
516.203,73.71425
516.401,5.19114
516.598,98.13339
516.795,58.76375
516.993,96.38917
517.19,82.68455
517.387,45.30831
517.584,-3.2808
517.781,20.63999
517.979,-24.95902
518.176,-53.61414
518.373,-46.38807
518.57,-126.87157
518.767,-56.85341
518.964,82.43537
519.162,-6.02173
519.359,-9.75935
519.556,11.91887
519.753,-7.51678
519.95,-4.2775
520.147,-7.01843
520.344,84.42877
520.541,98.88092
520.738,-20.97222
520.935,-19.228
521.132,-6.2709
521.329,15.15814
521.526,74.46177
521.723,116.82151
521.92,-99.96068
522.117,85.67465
522.314,42.06903
522.511,93.39907
522.707,34.84296
522.904,-5.02503
523.101,53.78026
523.298,-19.97552
523.495,19.39412
523.692,-70.80721
523.888,-60.84021
524.085,-40.65704
524.282,17.15154
524.479,65.49148
524.675,67.2357
524.872,10.67299
525.069,-43.14879
525.266,218.48488
525.462,16.65319
525.659,110.59214
525.856,37.08554
526.052,-83.01678
526.249,7.68289
526.445,-19.97552
526.642,35.59049
526.839,17.64989
527.035,-74.04648
527.232,27.36771
527.428,112.58554
527.625,-45.64054
527.821,118.31656
528.018,25.12514
528.214,44.56078
528.411,19.89247
528.607,86.173
528.804,35.83966
529,-31.93592
529.196,-30.69005
529.393,29.11194
529.589,-16.48707
529.786,-59.59434
529.982,64.74395
530.178,19.14494
530.375,6.68619
530.571,-29.94252
530.767,2.94857
530.963,-10.2577
531.16,28.11524
531.356,1.95187
531.552,-87.25275
531.748,89.1631
531.945,34.59379
532.141,-5.02503
532.337,-72.30226
532.533,-35.67354
532.729,-41.90292
532.926,-10.50688
533.122,9.92547
533.318,105.35947
533.514,-56.85341
533.71,128.53273
533.906,105.85782
534.102,-28.1983
534.298,11.42052
534.494,111.09049
534.69,140.74231
534.886,-3.77915
535.082,38.82976
535.278,99.37927
535.474,192.32152
535.67,45.55748
535.866,43.31491
536.062,17.89907
536.258,-29.44417
536.454,11.17134
536.65,62.50138
536.846,60.50798
537.041,6.18784
537.237,9.17794
537.433,107.10369
537.629,22.38421
537.825,211.00964
538.02,151.20765
538.216,75.45847
538.412,30.85616
538.608,-2.2841
538.803,-15.98872
538.999,20.63999
539.195,-69.31216
539.39,34.09544
539.586,15.65649
539.782,117.56904
539.977,21.88586
540.173,3.44692
540.369,21.13834
540.564,-7.01843
540.76,-27.45077
540.955,47.30171
541.151,-22.96562
541.347,20.14164
541.542,-7.2676
541.738,-48.87982
541.933,-40.40787
542.129,-40.15869
542.324,-8.51348
542.519,45.80666
542.715,-65.32536
542.91,-2.78245
543.106,92.65154
543.301,-10.50688
543.497,25.87266
543.692,29.36111
543.887,-31.68675
544.083,-52.11909
544.278,40.32481
544.473,76.70435
544.669,21.88586
544.864,54.02943
545.059,93.89742
545.254,-12.00193
545.45,-50.12569
545.645,117.07069
545.84,94.14659
546.035,-87.00358
546.23,-75.79071
546.426,4.19444
546.621,-7.2676
546.816,54.02943
547.011,-72.30226
547.206,-1.03823
547.401,-2.2841
547.596,9.67629
547.791,-20.97222
547.986,79.44527
548.181,-81.27256
548.376,94.14659
548.572,-50.12569
548.767,-29.44417
548.961,-30.93922
549.156,97.13669
549.351,-20.47387
549.546,-25.70655
549.741,19.64329
549.936,-95.22635
550.131,3.69609
550.326,-22.2181
550.521,62.50138
550.716,183.84957
550.911,45.55748
551.105,19.39412
551.3,-30.93922
551.495,56.27201
551.69,-141.32371
551.885,108.59874
552.079,49.54428
552.274,44.56078
552.469,-60.34186
552.664,-24.2115
552.858,-80.52503
553.053,77.45187
553.248,-66.57124
553.442,43.81326
553.637,-7.2676
553.832,115.57564
554.026,7.43372
554.221,-42.65044
554.415,-9.261
554.61,73.46508
554.804,110.09379
554.999,101.62184
555.194,-106.43922
555.388,45.30831
555.583,42.56738
555.777,48.79676
555.972,165.90897
556.166,33.59709
556.36,109.59544
556.555,-48.63064
556.749,-81.52173
556.944,37.58389
557.138,-63.58114
557.332,-17.48377
557.527,168.6499
557.721,42.31821
557.915,-30.1917
558.11,36.83636
558.304,80.44197
558.498,96.88752
558.693,73.71425
558.887,13.41392
559.081,5.44032
559.275,123.54924
559.47,-39.66034
559.664,-12.74945
559.858,-25.95572
560.052,26.37101
560.246,33.59709
560.44,95.39247
560.635,-16.73625
560.829,29.85946
561.023,93.89742
561.217,76.70435
561.411,8.18124
561.605,49.29511
561.799,-25.70655
561.993,-50.87321
562.187,15.40732
562.381,-47.38477
562.575,-20.47387
562.769,59.01293
562.963,-87.50193
563.157,101.12349
563.351,99.62844
563.545,-39.16199
563.739,-105.6917
563.933,231.19281
564.126,-14.74285
564.32,65.74065
564.514,-22.2181
564.708,99.13009
564.902,-56.85341
565.096,-4.52668
565.289,27.11854
565.483,-65.32536
565.677,131.52283
565.871,80.69115
566.064,65.74065
566.258,82.68455
566.452,19.14494
566.645,-59.34516
566.839,61.50468
567.033,119.06409
567.226,20.39082
567.42,1.7027
567.614,71.2225
567.807,65.98983
568.001,13.16474
568.194,39.07893
568.388,119.31326
568.581,-14.2445
568.775,96.63834
568.969,97.63504
569.162,27.61689
569.355,134.51293
569.549,78.69775
569.742,130.77531
569.936,98.88092
570.129,46.30501
570.323,114.32976
570.516,138.74891
570.709,99.62844
570.903,55.52448
571.096,196.80667
571.289,100.62514
571.483,154.19775
571.676,163.6664
571.869,195.56079
572.063,173.88257
572.256,260.84462
572.449,212.75386
572.642,186.09214
572.836,176.6235
573.029,225.21261
573.222,209.26541
573.415,221.97333
573.608,383.93704
573.802,297.22416
573.995,300.71261
574.188,423.0575
574.381,458.19117
574.574,482.61031
574.767,505.03605
574.96,365.49809
575.153,446.72912
575.346,534.68787
575.539,624.64002
575.732,545.40239
575.925,725.05752
576.118,689.67468
576.311,773.8958
576.504,798.06577
576.697,743.99481
576.89,931.37436
577.083,1025.31331
577.276,978.46842
577.469,1072.40737
577.661,1134.45193
577.854,1174.56909
578.047,1287.69451
578.24,1304.38923
578.433,1427.73082
578.626,1537.11861
578.818,1622.83479
579.011,1698.83314
579.204,1722.50476
579.397,1922.84141
579.589,1943.52293
579.782,2070.85131
579.975,2096.26716
580.167,2294.6104
580.36,2422.43714
580.553,2463.30183
580.745,2646.19623
580.938,2789.97016
581.13,2848.77545
581.323,2942.96357
581.516,3025.44047
581.708,3238.48504
581.901,3316.72596
582.093,3450.5329
582.286,3462.74247
582.478,3915.7425
582.671,3830.02632
582.863,3955.85966
583.056,4192.32667
583.248,4355.28707
583.44,4433.528
583.633,4517.25078
583.825,4726.05937
584.018,4705.62702
584.21,4948.82176
584.402,5108.04454
584.595,5280.97194
584.787,5393.59901
584.979,5504.23268
585.172,5565.03136
585.364,5884.47362
585.556,6017.03468
585.748,6032.98188
585.941,6050.6733
586.133,6286.39278
586.325,6521.11556
586.517,6479.25418
586.709,6790.72284
586.901,6800.44066
587.094,6942.96872
587.286,7069.79876
587.478,7293.0595
587.67,7500.12387
587.862,7537.74928
588.054,7653.8648
588.246,7850.21464
588.438,7993.7394
588.63,8231.20311
588.822,8174.88958
589.014,8375.22622
589.206,8730.79884
589.398,8689.93416
589.59,8608.20478
589.782,8948.57773
589.974,8923.66024
590.166,9091.35497
590.358,9240.36158
590.55,9419.76753
590.741,9483.30713
590.933,9729.99031
591.125,9643.52661
591.317,9691.86655
591.509,9922.85171
591.701,10214.63555
591.892,10219.86823
592.084,10446.11906
592.276,10344.45569
592.468,10413.9755
592.659,10572.69993
592.851,10662.15373
593.043,10822.12403
593.234,11009.00523
593.426,10910.33196
593.618,11259.67521
593.809,11291.07125
594.001,11521.55806
594.193,11581.36004
594.384,11550.21318
594.576,11575.13067
594.767,11693.23959
594.959,11758.02507
595.15,11806.86336
595.342,12083.6967
595.533,12262.35513
595.725,12191.83862
595.916,12279.5482
596.108,12396.90959
596.299,12559.62082
596.491,12431.29573
596.682,12787.61588
596.873,12874.57793
597.065,12843.92941
597.256,12935.37661
597.447,12940.11094
597.639,13081.89147
597.83,13231.89478
598.021,13195.51524
598.213,13490.28918
598.404,13391.11756
598.595,13475.58786
598.786,13295.93274
598.978,13515.20668
599.169,13490.53836
599.36,13792.04002
599.551,13657.23639
599.742,13796.02682
599.934,13950.76445
600.125,13908.65389
600.316,13969.95092
600.507,13878.25455
600.698,14155.58625
600.889,14159.32387
601.08,14191.71661
601.271,14137.39648
601.462,14100.26941
601.653,14216.88328
601.844,14462.56976
602.035,14280.92124
602.226,14518.88329
602.417,14331.0054
602.608,14287.64896
602.799,14412.4856
602.99,14387.56811
603.181,14454.34699
603.372,14954.1919
603.563,14714.23644
603.754,14839.07308
603.944,14593.3866
604.135,14787.99222
604.326,14697.29254
604.517,14556.01036
604.708,14777.52687
604.898,14651.44436
605.089,14673.12258
605.28,14916.81566
605.471,14809.42126
605.661,14761.08133
605.852,14641.47736
606.043,14773.04172
606.233,14601.60937
606.424,14694.05327
606.615,15153.03349
606.805,14630.51366
606.996,14609.58297
607.186,14677.35855
607.377,14600.11432
607.568,14794.71994
607.758,14732.67538
607.949,14875.45262
608.139,14567.47241
608.33,14742.39321
608.52,14529.34864
608.711,14674.11928
608.901,14698.04007
609.092,14404.512
609.282,14699.53512
609.472,14319.54335
609.663,14295.37338
609.853,14596.12752
610.044,14374.86018
610.234,14280.42289
610.424,14290.88823
610.615,14527.85359
610.805,14021.03178
610.995,14217.13245
611.185,14135.65225
611.376,13889.96577
611.566,14168.29417
611.756,14057.90967
611.946,14020.78261
612.137,14148.60935
612.327,13983.90472
612.517,13857.07468
612.707,13889.96577
612.897,13910.64729
613.087,13723.26774
613.277,13733.48391
613.468,13502.49875
613.658,13611.3882
613.848,13625.59117
614.038,13500.75453
614.228,13589.70998
614.418,13570.27434
614.608,13419.5235
614.798,13209.96739
614.988,13337.29578
615.178,13306.14891
615.368,13110.79576
615.558,13358.47565
615.748,12996.1753
615.937,13250.83208
616.127,12900.24295
616.317,12820.50697
616.507,12798.57958
616.697,12798.57958
616.887,12906.47232
617.077,12644.83865
617.266,12795.09113
617.456,12614.4393
617.646,12362.27427
617.836,12456.21322
618.025,12512.52676
618.215,12135.27591
618.405,12388.43764
618.595,12181.37328
618.784,12327.38978
618.974,12114.59439
619.164,12125.80727
619.353,12197.0713
619.543,11921.23465
619.732,11810.85015
619.922,12000.47228
620.112,11724.38645
620.301,11765.50032
620.491,11760.51682
620.68,11673.80394
620.87,11623.71978
621.059,11701.21319
621.249,11624.96566
621.438,11400.95739
621.628,11552.45575
621.817,11436.83858
622.006,11286.83528
622.196,11317.98214
622.385,11190.90293
622.575,11293.81217
622.764,11100.7016
622.953,11068.80721
623.143,11034.42107
623.332,11230.27257
623.521,11117.14715
623.711,10985.33361
623.9,10996.29731
624.089,10793.21974
624.278,10840.3138
624.468,10693.79894
624.657,10731.42436
624.846,10573.9458
625.035,10634.74448
625.224,10677.3534
625.413,10545.78903
625.603,10487.4821
625.792,10307.82698
625.981,10332.74447
626.17,10282.66031
626.359,10249.02169
626.548,10274.93589
626.737,10547.28408
626.926,10162.05964
627.115,10036.47548
627.304,10131.41113
627.493,10031.99033
627.682,10099.26756
627.871,9864.79395
628.06,9977.91937
628.249,9884.47877
628.438,9853.58108
628.627,9852.08603
628.816,9769.35995
629.004,9739.20979
629.193,9673.92595
629.382,9654.98866
629.571,9661.96556
629.76,9653.49361
629.949,9487.54311
630.137,9648.51011
630.326,9595.43585
630.515,9475.83189
630.704,9331.31043
630.892,9304.89788
631.081,9270.76092
631.27,9298.17016
631.458,9100.82362
631.647,9223.66686
631.836,9176.32362
632.024,9128.48203
632.213,9109.79391
632.401,9195.75926
632.59,9104.81041
632.779,9072.91602
632.967,8825.98367
633.156,8936.36816
633.344,8936.86651
633.533,8984.20975
633.721,8706.87805
633.91,8775.65033
634.098,8701.3962
634.286,8635.11567
634.475,8590.51336
634.663,8637.35825
634.852,8455.46055
635.04,8602.22458
635.228,8280.0414
635.417,8385.19322
635.605,8402.63546
635.793,9024.07774
635.982,8231.20311
636.17,8275.0579
636.358,8172.39783
636.547,8132.28066
636.735,8021.39782
636.923,8087.92753
637.111,7939.91762
637.299,8123.80871
637.488,7857.19154
637.676,8005.94897
637.864,7846.47702
638.052,7798.13708
638.24,7866.41101
638.428,7677.28724
638.616,7676.53972
638.804,7735.345
638.992,7570.3912
639.18,7499.62552
639.369,7542.23443
639.557,7552.69978
639.745,7409.92254
639.933,7384.75587
640.12,7245.71626
640.308,7309.50504
640.496,7310.00339
640.684,7182.675
640.872,7281.59745
641.06,7142.30867
641.248,7121.1288
641.436,7147.29216
641.624,6971.62384
641.811,6844.7938
641.999,6849.7773
642.187,6914.56278
642.375,6839.56113
642.563,6837.31855
642.75,6808.66343
642.938,6806.67003
643.126,6645.9522
643.314,6655.67003
643.501,6673.36145
643.689,6533.82349
643.877,6479.25418
644.064,6409.4852
644.252,6329.74922
644.439,6528.34164
644.627,6352.67331
644.815,6466.54626
645.002,6219.6139
645.19,6214.38123
645.377,6331.49344
645.565,6040.95547
645.752,6138.1337
645.94,6110.22611
646.127,6024.26075
646.315,5996.60234
646.502,6087.30201
646.69,5795.51817
646.877,5976.66834
647.064,5883.72609
647.252,5692.35975
647.439,5697.34325
647.627,5733.47361
647.814,5613.62047
648.001,5655.48186
648.189,5513.20297
648.376,5530.14687
648.563,5418.01815
648.75,5554.31684
648.938,5514.69802
649.125,5489.78053
649.312,5415.02805
649.499,5306.63696
649.686,5381.63861
649.874,5376.40594
650.061,5287.69966
650.248,5331.30527
650.435,5320.59075
650.622,5109.29041
650.809,5048.99008
650.996,4995.66664
651.183,5064.18975
651.37,4979.71945
651.557,5019.33826
651.744,4947.07753
651.931,4903.97027
652.118,4814.26729
652.305,4970.74915
652.492,4774.15013
652.679,4763.68478
652.866,4738.76729
653.053,4773.90096
653.24,4598.4818
653.427,4603.21613
653.614,4584.27883
653.801,4610.94055
653.987,4484.60886
654.174,4418.57751
654.361,4406.11876
654.548,4473.39599
654.735,4302.46199
654.921,4356.53295
655.108,4338.34318
655.295,4297.22931
655.481,4328.87453
655.668,4237.42733
655.855,4204.28707
656.041,4181.86132
656.228,4219.48674
656.415,4068.98508
656.601,4021.64184
656.788,4083.93557
656.975,4030.61214
657.161,3941.40751
657.348,4004.1996
657.534,3996.47517
657.721,3796.88605
657.907,3896.30685
658.094,3840.49167
658.28,3921.97187
658.467,3700.95371
658.653,3796.3877
658.84,3734.8415
659.026,3825.79035
659.212,3760.75569
659.399,3691.23588
659.585,3558.17647
659.771,3692.23258
659.958,3552.19627
660.144,3482.67647
660.33,4147.47518
660.517,3474.95205
660.703,3463.49
660.889,3343.13851
661.075,3489.65337
661.262,3386.49495
661.448,3395.46524
661.634,3442.06095
661.82,3218.55104
662.006,3198.36787
662.193,3270.87778
662.379,3300.77877
662.565,3330.18141
662.751,3158.99823
662.937,3266.14345
663.123,3182.91903
663.309,3117.13685
663.495,3250.69461
663.681,3146.29031
663.867,3139.56259
664.053,3028.1814
664.239,3144.04774
664.425,2950.18964
664.611,2928.51142
664.797,2956.16984
664.983,2964.89096
665.169,2977.10053
665.355,2805.16983
665.541,2944.95697
665.726,2853.50977
665.912,2743.12528
666.098,2796.69789
666.284,2732.41075
666.47,2777.01307
666.655,2672.11042
666.841,2665.63187
667.027,2716.46356
667.213,2703.00811
667.398,2754.08897
667.584,2735.15168
667.77,2650.18303
667.955,2646.94375
668.141,2660.15002
668.327,2622.27543
668.512,2701.26389
668.698,2611.56091
668.884,2482.98665
669.069,2487.22262
669.255,2454.33153
669.44,2469.03285
669.626,2597.60712
669.811,2338.96354
669.997,2341.70446
670.182,2379.57905
670.368,2324.01304
670.553,2180.98663
670.739,2322.01964
670.924,2253.74571
671.109,2268.44703
671.295,2323.01634
671.48,2281.90248
671.665,2204.65825
671.851,2271.18796
672.036,2185.47178
672.221,2116.94868
672.407,2230.82162
672.592,2152.58069
672.777,2200.67145
672.962,2005.81666
673.148,2082.56254
673.333,2111.46683
673.518,2050.41897
673.703,2070.10379
673.888,2053.15989
674.074,1890.69784
674.259,2008.30841
674.444,1951.7457
674.629,1899.66814
674.814,1979.90246
674.999,1863.53777
675.184,1881.72754
675.369,1908.88761
675.554,1897.67474
675.739,1842.60708
675.924,1820.18133
676.109,1836.87606
676.294,1770.8447
676.479,1852.57408
676.664,1777.32325
676.849,1743.43546
677.034,1815.44701
677.219,1764.61533
677.404,1665.19453
677.588,1756.64173
677.773,1793.27044
677.958,1775.8282
678.143,1601.15657
678.328,1702.57077
678.512,1735.21268
678.697,1728.98331
678.882,1696.09222
679.067,1614.36284
679.251,1591.9371
679.436,1550.32489
679.621,1645.01136
679.805,1732.22258
679.99,1546.08891
680.175,1539.11201
680.359,1441.93379
680.544,1467.84798
680.729,1519.92554
680.913,1615.85789
681.098,1386.36778
681.282,1545.83974
681.467,1458.87769
681.651,1373.65986
681.836,1429.72422
682.02,1395.58725
682.205,1480.80508
682.389,1482.30013
682.573,1438.69452
682.758,1395.33808
682.942,1281.46514
683.127,1457.63181
683.311,1347.24732
683.495,1424.74072
683.68,1401.81663
683.864,1352.97834
684.048,1348.49319
684.233,1186.52949
684.417,1397.82983
684.601,1286.44863
684.785,1269.25556
684.97,1250.06909
685.154,1353.47669
685.338,1285.45193
685.522,1307.87768
685.706,1218.42388
685.89,1115.51463
686.075,1183.29021
686.259,1094.58394
686.443,1297.16316
686.627,1104.30176
686.811,1226.89583
686.995,1185.78196
687.179,1085.61364
687.363,1173.07404
687.547,1166.09714
687.731,1127.97338
687.915,1225.40078
688.099,979.46512
688.283,1116.01298
688.467,1141.42883
688.651,954.7968
688.835,1046.74235
689.018,994.66479
689.202,1028.05423
689.386,1010.61199
689.57,1136.44533
689.754,951.05918
689.938,963.51793
690.121,937.10538
690.305,955.7935
690.489,948.31825
690.673,994.66479
690.856,971.24235
691.04,1074.89912
691.224,912.43706
691.407,864.84465
691.591,974.7308
691.775,851.38921
691.958,932.12188
692.142,956.29185
692.325,899.72914
692.509,1021.57568
692.693,781.8694
692.876,865.343
693.06,830.70769
693.243,837.43541
693.427,827.21924
693.61,816.75389
693.794,752.46676
693.977,807.28524
694.16,828.46511
694.344,852.13673
694.527,851.14003
694.711,778.8793
694.894,732.28359
695.077,811.02287
695.261,735.77204
695.444,763.92881
695.627,706.3694
695.811,850.64168
695.994,702.3826
696.177,755.70603
696.36,692.91395
696.543,762.93211
696.727,783.61363
696.91,752.21758
697.093,673.97666
697.276,657.78029
697.459,679.20933
697.642,760.19118
697.826,671.73408
698.009,729.79184
698.192,659.77369
698.375,666.00306
698.558,650.05586
698.741,746.98491
698.924,725.05752
699.107,616.9156
699.29,563.59216
699.473,725.55587
699.656,699.89085
699.839,639.34134
700.022,637.84629
700.205,775.64003
700.387,489.83638
700.57,599.9717
700.753,593.24398
700.936,573.30998
701.119,616.41725
701.302,482.36114
701.484,566.58226
701.667,596.23408
701.85,437.26047
702.033,566.08391
702.215,696.65158
702.398,556.11691
702.581,696.4024
702.763,489.08886
702.946,521.23242
703.129,468.90569
703.311,497.56081
703.494,457.69282
703.677,611.9321
703.859,515.99975
704.042,426.29678
704.224,402.37598
704.407,490.58391
704.589,478.12516
704.772,450.71592
704.954,442.9915
705.137,486.59711
705.319,552.62847
705.502,493.82318
705.684,422.0608
705.866,437.0113
706.049,449.71922
706.231,540.16972
706.414,422.55915
706.596,498.80668
706.778,529.20602
706.961,464.17137
707.143,575.05421
707.325,442.24397
707.507,355.78027
707.69,421.81163
707.872,358.02285
708.054,490.08556
708.236,392.65816
708.418,416.82813
708.601,333.6037
708.783,366.49479
708.965,380.69776
709.147,371.97664
709.329,381.19611
709.511,293.23736
709.693,333.85288
709.875,396.39578
710.057,312.92218
710.239,248.38588
710.421,344.06905
710.603,315.41393
710.785,273.80172
710.967,324.38423
711.149,317.65651
711.331,408.60536
711.513,280.52944
711.695,299.96509
711.877,342.574
712.059,385.68126
712.24,274.54924
712.422,285.26377
712.604,354.03605
712.786,295.47994
712.968,225.21261
713.149,306.19446
713.331,414.58555
713.513,296.47664
713.695,256.60865
713.876,261.59215
714.058,277.04099
714.24,242.65485
714.421,245.89413
714.603,306.19446
714.785,231.44198
714.966,305.94528
715.148,294.98159
715.329,333.35453
715.511,245.89413
715.692,230.69446
715.874,121.05749
716.055,257.85452
716.237,230.94363
716.418,210.51129
716.6,134.01458
716.781,137.75221
716.963,162.42053
717.144,264.83142
717.325,169.6466
717.507,273.80172
717.688,215.74396
717.87,284.26707
718.051,170.14495
718.232,204.53109
718.413,166.40732
718.595,341.32812
718.776,209.76376
718.957,296.97499
719.138,122.05419
719.32,191.82317
719.501,228.70106
719.682,139.74561
719.863,158.18455
720.044,162.6697
720.225,90.1598
720.407,128.53273
720.588,255.61195
720.769,193.56739
720.95,255.1136
721.131,59.76045
721.312,189.08224
721.493,82.68455
721.674,104.61194
721.855,205.02944
722.036,145.7258
722.217,154.94528
722.398,163.91557
722.579,113.08389
722.76,124.04759
722.94,190.57729
723.121,117.31986
723.302,37.08554
723.483,116.82151
723.664,132.02118
723.845,90.1598
724.025,129.52943
724.206,128.03438
724.387,181.85617
724.568,215.24561
724.748,215.24561
724.929,104.36277
725.11,176.6235
725.29,53.03273
725.471,84.42877
725.652,-0.2907
725.832,133.76541
726.013,133.01788
726.194,80.44197
726.374,27.36771
726.555,99.62844
726.735,281.27697
726.916,186.34132
727.096,101.12349
727.277,293.98489
727.457,179.6136
727.638,38.82976
727.818,118.56574
727.999,50.79016
728.179,5.68949
728.359,65.49148
728.54,26.12184
728.72,162.6697
728.9,53.78026
729.081,38.33141
729.261,103.61524
729.441,214.49809
729.622,-29.69335
729.802,3.69609
729.982,114.08059
730.162,178.11855
730.343,157.93538
730.523,23.13174
730.703,62.00303
730.883,127.78521
731.063,121.30666
731.243,120.06079
731.424,134.51293
731.604,11.17134
731.784,1.20435
731.964,204.28191
732.144,47.80006
732.324,58.76375
732.504,-12.50028
732.684,163.16805
732.864,-16.98542
733.044,105.11029
733.224,29.85946
733.404,8.43042
733.584,-44.89302
733.764,134.51293
733.943,86.173
734.123,62.50138
734.303,40.82316
734.483,88.1664
734.663,99.87762
734.843,139.49643
735.022,30.60699
735.202,89.66145
735.382,69.72745
735.562,9.17794
735.741,-16.48707
735.921,147.7192
736.101,31.85286
736.281,43.81326
736.46,88.41557
736.64,112.08719
736.819,62.99973
736.999,24.12844
737.179,208.26871
737.358,127.28686
737.538,-58.59764
737.717,20.14164
737.897,64.99313
738.076,178.86607
738.256,6.18784
738.435,129.77861
738.615,23.13174
738.794,65.49148
738.974,6.43702
739.153,84.1796
739.332,123.79841
739.512,118.31656
739.691,6.18784
739.871,-9.51018
740.05,86.67135
740.229,28.61359
740.408,18.14824
740.588,92.40237
740.767,24.87596
740.946,107.85122
741.126,13.66309
741.305,26.62019
741.484,88.41557
741.663,106.10699
741.842,43.56408
742.021,120.06079
742.201,64.49478
742.38,89.91062
742.559,36.83636
742.738,-14.2445
742.917,44.31161
743.096,253.1202
743.275,-2.2841
743.454,22.88256
743.633,25.37431
743.812,183.35122
743.991,10.42382
744.17,-20.72305
744.349,135.50963
744.528,65.2423
744.707,36.83636
744.886,99.87762
745.064,-10.75605
745.243,-1.53658
745.422,10.17464
745.601,50.79016
745.78,126.29016
745.958,78.1994
746.137,12.91557
746.316,10.17464
746.495,188.58389
746.673,4.19444
746.852,7.93207
747.031,-32.1851
747.209,121.30666
747.388,25.12514
747.567,-33.68014
747.745,109.59544
747.924,57.51788
748.103,94.14659
748.281,1.20435
748.46,76.45517
748.638,80.1928
748.817,138.49973
748.995,74.71095
749.174,94.89412
749.352,172.13835
749.531,115.57564
749.709,33.34791
749.888,106.10699
750.066,-17.2346
750.244,28.61359
750.423,10.92217
750.601,-20.47387
750.779,-58.34846
750.958,-11.75275
751.136,15.65649
751.314,-11.00523
751.493,27.61689
751.671,104.61194
751.849,69.47828
752.027,-57.35176
752.205,76.206
752.384,81.43867
752.562,77.45187
752.74,24.37761
752.918,59.76045
753.096,90.1598
753.274,-21.47057
753.452,72.46838
753.63,-8.51348
753.809,37.83306
753.987,48.79676
754.165,-28.44747
754.343,55.02613
754.521,-1.03823
754.699,-44.89302
754.876,-5.02503
755.054,54.27861
755.232,57.51788
755.41,6.18784
755.588,89.1631
755.766,15.40732
755.944,-5.02503
756.122,-40.15869
756.3,72.46838
756.477,17.89907
756.655,0.20765
756.833,12.41722
757.011,79.69445
757.188,99.87762
757.366,60.2588
757.544,22.13504
757.721,47.05253
757.899,78.69775
758.077,57.51788
758.254,5.93867
758.432,69.47828
758.61,49.54428
758.787,46.80336
758.965,50.04263
759.142,37.83306
759.32,-28.44747
759.497,29.61029
759.675,-49.87652
759.852,-7.51678
760.03,181.85617
760.207,-4.02833
760.385,21.13834
760.562,133.76541
760.74,45.30831
760.917,90.90732
761.094,72.46838
761.272,58.01623
761.449,-2.03493
761.626,-28.69665
761.804,-37.16859
761.981,40.07563
762.158,36.83636
762.335,-113.16695
762.513,52.53438
762.69,-56.10589
762.867,39.07893
763.044,79.69445
763.221,-40.65704
763.399,61.00633
763.576,-31.68675
763.753,48.04923
763.93,-14.99202
764.107,-76.53823
764.284,-50.37487
764.461,-30.93922
764.638,-38.66364
764.815,31.10534
764.992,-44.64384
765.169,46.30501
765.346,41.81986
765.523,-21.2214
765.7,38.58059
765.877,206.77366
766.054,28.36441
766.231,111.58884
766.408,-33.68014
766.584,-65.82371
766.761,-57.35176
766.938,-52.86661
767.115,29.61029
767.292,28.11524
767.468,-2.03493
767.645,-116.40622
767.822,25.37431
767.999,-82.02008
768.175,-30.44087
768.352,-66.07289
768.529,-44.64384
768.705,53.78026
768.882,62.75055
769.059,-36.42107
769.235,20.39082
769.412,66.48818
769.588,29.36111
769.765,-54.61084
769.941,42.81656
770.118,-47.88312
770.294,66.239
770.471,45.05913
770.647,143.23406
770.824,-6.52008
771,176.37432
771.177,-28.94582
771.353,-33.18179
771.529,-80.52503
771.706,31.35451
771.882,125.04429
772.058,-61.33856
772.235,-57.85011
772.411,-16.2379
772.587,60.00963
772.764,-59.34516
772.94,-1.03823
773.116,-95.97388
773.292,-185.92603
773.468,-12.74945
773.645,-19.47717
773.821,-147.55309
773.997,-157.76926
774.173,169.39742
774.349,77.2027
774.525,-78.28246
774.701,-6.76925
774.877,23.87926
775.053,-15.49037
775.229,-24.95902
775.405,72.2192
775.581,30.60699
775.757,-51.86991
775.933,-63.83031
776.109,-60.09269
776.285,-24.46067
776.461,8.92877
776.637,27.61689
776.813,24.87596
776.989,70.97333
777.165,-107.93427
777.34,-85.25936
777.516,12.91557
777.692,35.59049
777.868,80.44197
778.043,60.00963
778.219,-13.2478
778.395,-42.40127
778.571,-25.45737
778.746,60.00963
778.922,-27.69995
779.098,-13.99533
779.273,-109.42932
779.449,299.96509
779.624,-95.47553
779.8,0.20765
779.976,-57.10259
780.151,14.16144
780.327,-34.67684
780.502,23.63009
780.678,-44.14549
780.853,-10.00853
781.029,23.13174
781.204,142.23736
781.38,-66.82041
781.555,-74.04648
781.73,1.95187
781.906,41.81986
782.081,36.08884
782.256,-51.86991
782.432,-63.83031
782.607,-83.01678
782.782,55.27531
782.958,68.48158
783.133,-0.78905
783.308,107.60204
783.483,41.81986
783.659,-74.54483
783.834,42.81656
784.009,-97.46893
784.184,40.57398
784.359,51.03933
784.534,-88.00028
784.709,7.43372
784.885,-45.64054
785.06,-11.2544
785.235,23.63009
785.41,122.80171
785.585,-1.03823
785.76,-24.70985
785.935,44.56078
786.11,-28.1983
786.285,-74.54483
786.46,156.19115
786.634,74.46177
786.809,104.61194
786.984,15.65649
787.159,-81.52173
787.334,-76.28906
787.509,34.59379
787.684,-26.2049
787.858,-99.21315
788.033,-113.91447
788.208,83.1829
788.383,-55.60754
788.557,-6.02173
788.732,-36.67024
788.907,15.15814
789.082,-34.42767
789.256,-2.78245
789.431,-34.42767
789.605,-37.16859
789.78,-57.10259
789.955,-40.40787
790.129,0.20765
790.304,-24.70985
790.478,-5.77255
790.653,-116.6554
790.827,-86.50523
791.002,-54.61084
791.176,-30.1917
791.351,52.03603
791.525,22.13504
791.7,-56.60424
791.874,-33.18179
792.048,21.38751
792.223,-18.97882
792.397,87.1697
792.572,-38.41447
792.746,-85.50853
792.92,-7.2676
793.094,40.57398
793.269,-40.40787
793.443,-81.27256
793.617,-35.17519
793.791,56.02283
793.966,77.95022
794.14,0.706
794.314,-12.00193
794.488,-47.88312
794.662,73.96343
794.836,-56.60424
795.01,6.93537
795.185,193.56739
795.359,53.53108
795.533,-16.2379
795.707,-97.46893
795.881,-46.38807
796.055,3.44692
796.229,-101.7049
796.403,-86.50523
796.577,14.41062
796.75,-38.91282
796.924,-118.15045
797.098,-90.7412
797.272,-12.50028
797.446,142.73571
797.62,-6.02173
797.794,-123.13394
797.967,11.66969
798.141,-138.58279
798.315,-74.29566
798.489,-48.13229
798.663,-29.94252
798.836,21.13834
799.01,-98.96398
799.184,-94.47883
799.357,-71.30556
799.531,60.50798
799.705,18.89577
799.878,35.83966
800.052,-13.99533
800.225,126.04099
800.399,48.54758
800.572,5.19114
800.746,136.50633
800.92,62.00303
801.093,-62.58444
801.266,-71.30556
801.44,31.60369
801.613,-33.68014
801.787,0.20765
801.96,-72.05308
802.134,-14.2445
802.307,-37.16859
802.48,-13.74615
802.654,-53.86331
802.827,-4.2775
803,-13.99533
803.174,89.1631
803.347,-3.77915
803.52,-6.02173
803.693,-6.2709
803.867,-41.90292
804.04,-54.11249
804.213,11.42052
804.386,-23.46397
804.559,-45.64054
804.732,42.56738
804.906,58.01623
805.079,218.48488
805.252,31.10534
805.425,-16.2379
805.598,-72.30226
805.771,-18.72965
805.944,-72.05308
806.117,-107.43592
806.29,294.23406
806.463,124.04759
806.636,45.05913
806.809,2.94857
806.982,-109.92767
807.154,-15.73955
807.327,74.96012
807.5,40.32481
807.673,-66.32206
807.846,20.88916
808.019,-57.35176
808.191,32.60039
808.364,-62.58444
808.537,13.41392
808.71,-56.35506
808.882,-19.72635
809.055,56.52118
809.228,66.98653
809.4,-61.33856
809.573,-94.47883
809.746,-15.73955
809.918,-29.94252
810.091,-63.08279
810.263,-127.61909
810.436,10.67299
810.609,8.43042
810.781,111.58884
810.954,-14.2445
811.126,-56.85341
811.299,49.79346
811.471,8.43042
811.643,71.2225
811.816,-31.68675
811.988,-99.21315
812.161,7.93207
812.333,-79.02998
812.505,137.00468
812.678,157.6862
812.85,111.58884
813.022,12.91557
813.195,13.41392
813.367,-75.54153
813.539,-33.18179
813.711,74.96012
813.884,25.62349
814.056,48.79676
814.228,-32.93262
814.4,115.57564
814.572,69.97663
814.744,106.35617
814.917,9.67629
815.089,-34.67684
815.261,-91.7379
815.433,16.65319
815.605,-39.90952
815.777,-32.1851
815.949,91.90402
816.121,135.75881
816.293,-110.92437
816.465,19.39412
816.637,-39.90952
816.809,118.31656
816.98,-58.84681
817.152,96.13999
817.324,-45.39137
817.496,-17.48377
817.668,0.706
817.84,70.72415
818.011,9.42712
818.183,49.79346
818.355,-37.91612
818.527,-23.96232
818.698,-96.7214
818.87,-41.65374
819.042,-93.7313
819.214,-33.68014
819.385,-71.80391
819.557,6.43702
819.728,-58.09929
819.9,-37.91612
820.072,23.13174
820.243,7.43372
820.415,-47.38477
820.586,-6.76925
820.758,18.14824
820.929,-36.67024
821.101,86.173
821.272,-84.51183
821.444,22.88256
821.615,164.6631
821.787,40.57398
821.958,-37.91612
822.129,-53.11579
822.301,-67.56794
822.472,-6.76925
822.643,11.42052
822.815,-44.64384
822.986,95.14329
823.157,-141.57289
823.328,24.12844
823.5,27.61689
823.671,54.02943
823.842,-93.7313
824.013,-49.37817
824.184,47.05253
824.356,-6.2709
824.527,-42.40127
824.698,35.34131
824.869,59.2621
825.04,66.98653
825.211,-88.7478
825.382,-3.52998
825.553,-32.68344
825.724,-72.55143
825.895,72.96673
826.066,-79.02998
826.237,-69.81051
826.408,65.2423
826.579,-18.2313
826.75,-85.75771
826.921,-17.73295
827.092,32.60039
827.262,35.34131
827.433,-17.98212
827.604,-24.46067
827.775,-37.91612
827.946,61.50468
828.116,-111.17355
828.287,-25.70655
828.458,43.31491
828.629,-42.89962
828.799,-7.01843
828.97,-23.71315
829.141,128.28356
829.311,-37.16859
829.482,64.2456
829.652,-18.48047
829.823,-28.69665
829.994,95.14329
830.164,-31.93592
830.335,8.67959
830.505,43.56408
830.676,4.44362
830.846,60.50798
831.017,-101.45573
831.187,-0.53988
831.357,-14.49368
831.528,-56.60424
831.698,-0.04153
831.869,25.12514
832.039,-24.46067
832.209,-72.30226
832.38,62.00303
832.55,-119.6455
832.72,92.15319
832.89,-67.81711
833.061,-27.94912
833.231,-12.50028
833.401,-10.00853
833.571,-60.09269
833.742,-16.2379
833.912,-13.74615
834.082,1.7027
834.252,-49.37817
834.422,-23.2148
834.592,17.15154
834.762,-17.2346
834.932,-40.65704
835.102,-76.78741
835.272,-46.13889
835.442,-112.91777
835.612,31.35451
835.782,71.72085
835.952,20.14164
836.122,-133.35012
836.292,17.15154
836.462,35.59049
836.632,49.79346
836.802,-173.71646
836.972,1.7027
837.141,-33.68014
837.311,-41.90292
837.481,15.40732
837.651,-67.81711
837.821,-16.2379
837.99,6.93537
838.16,18.64659
838.33,30.60699
838.499,63.74725
838.669,163.6664
838.839,-55.85671
839.008,-79.02998
839.178,-133.84847
839.348,-7.2676
839.517,-23.46397
839.687,-38.66364
839.856,-43.39797
840.026,50.29181
840.195,-66.57124
840.365,-41.90292
840.534,100.37597
840.704,-36.17189
840.873,43.31491
841.042,20.39082
841.212,-99.21315
841.381,111.09049
841.551,55.27531
841.72,-35.17519
841.889,50.29181
842.059,-84.01348
842.228,-67.06959
842.397,-68.06629
842.566,-39.90952
842.736,33.84626
842.905,46.05583
843.074,9.42712
843.243,-57.35176
843.412,41.07233
843.582,-125.62569
843.751,-74.54483
843.92,-1.2874
844.089,-3.77915
844.258,-93.7313
844.427,-14.74285
844.596,-20.2247
844.765,-31.93592
844.934,61.2555
845.103,25.62349
845.272,5.68949
845.441,-13.49698
845.61,57.51788
845.779,10.92217
845.948,51.53768
846.117,-12.00193
846.286,-19.47717
846.454,31.35451
846.623,12.16804
846.792,75.45847
846.961,-66.07289
847.13,-48.13229
847.298,97.38587
847.467,-14.49368
847.636,153.20105
847.805,-16.48707
847.973,12.41722
848.142,-84.01348
848.311,64.49478
848.479,-3.77915
848.648,17.89907
848.816,-1.2874
848.985,-104.19665
849.154,-3.2808
849.322,-97.96728
849.491,-36.91942
849.659,18.39742
849.828,-40.40787
849.996,6.18784
850.165,-72.80061
850.333,48.79676
850.501,31.85286
850.67,-23.96232
850.838,-31.68675
851.007,-38.16529
851.175,-8.51348
851.343,64.49478
851.512,-33.92932
851.68,-119.39632
851.848,-56.10589
852.016,-11.00523
852.185,18.39742
852.353,-85.75771
852.521,-7.2676
852.689,-44.89302
852.857,52.28521
853.026,47.05253
853.194,-52.61744
853.362,30.35781
853.53,-29.94252
853.698,-97.21975
853.866,-16.73625
854.034,-98.96398
854.202,-6.02173
854.37,-106.93757
854.538,-63.83031
854.706,-13.49698
854.874,-52.11909
855.042,-66.07289
855.21,87.1697
855.378,-53.36496
855.546,-101.45573
855.713,5.19114
855.881,8.43042
856.049,21.38751
856.217,-25.45737
856.385,-82.51843
856.553,-93.98048
856.72,-61.08939
856.888,-67.31876
857.056,-29.69335
857.223,98.13339
857.391,-48.87982
857.559,84.67795
857.726,-42.89962
857.894,-48.13229
858.062,-39.16199
858.229,21.88586
858.397,112.83471
858.564,26.62019
858.732,-17.48377
858.899,55.02613
859.067,3.94527
859.234,93.39907
859.402,-1.53658
859.569,-92.48543
859.737,-118.6488
859.904,-18.48047
860.072,47.30171
860.239,-50.37487
860.406,85.1763
860.574,57.2687
860.741,91.90402
860.908,31.85286
861.076,-76.53823
861.243,127.53604
861.41,-113.41612
861.577,503.29183
861.745,18.89577
861.912,17.64989
862.079,-123.88147
862.246,-6.2709
862.413,-52.61744
862.58,-8.76265
862.748,23.87926
862.915,84.67795
863.082,-44.39467
863.249,124.54594
863.416,89.66145
863.583,54.52778
863.75,9.42712
863.917,76.95352
864.084,-3.2808
864.251,-27.2016
864.418,-11.00523
864.585,66.98653
864.751,89.66145
864.918,-58.34846
865.085,-31.43757
865.252,-15.98872
865.419,-15.2412
865.586,-42.15209
865.752,43.31491
865.919,-38.41447
866.086,147.22085
866.253,2.20105
866.419,-79.27916
866.586,-100.7082
866.753,-35.42437
866.919,-3.2808
867.086,-156.77256
867.253,-34.92602
867.419,-75.54153
867.586,7.93207
867.752,-92.98378
867.919,-71.80391
868.085,43.81326
868.252,-7.76595
868.418,-29.44417
868.585,46.05583
868.751,13.41392
868.918,-51.62074
869.084,0.45682
869.251,-40.40787
869.417,-78.53163
869.583,47.80006
869.75,9.67629
869.916,-23.96232
870.082,60.50798
870.249,-3.03163
870.415,75.70765
870.581,28.86276
870.747,-2.53328
870.914,-43.14879
871.08,17.15154
871.246,2.45022
871.412,-64.32866
871.578,142.48653
871.744,-20.2247
871.911,71.47168
872.077,33.59709
872.243,-34.92602
872.409,-106.19005
872.575,-70.80721
872.741,15.40732
872.907,19.14494
873.073,-88.49863
873.239,-1.78575
873.405,24.37761
873.571,-82.76761
873.737,20.88916
873.902,5.44032
874.068,34.09544
874.234,134.01458
874.4,-72.05308
874.566,-9.01183
874.732,55.27531
874.897,-51.62074
875.063,-41.40457
875.229,76.70435
875.395,70.2258
875.56,-82.26926
875.726,-66.32206
875.892,-134.59599
876.057,62.75055
876.223,-12.99863
876.389,95.89082
876.554,-88.24945
876.72,-26.95242
876.885,-15.49037
877.051,57.76705
877.217,-85.25936
877.382,-86.25605
877.548,-31.1884
877.713,-37.91612
877.878,-90.49203
878.044,-34.42767
878.209,-25.45737
878.375,42.56738
878.54,19.14494
878.705,-45.14219
878.871,-50.12569
879.036,80.69115
879.201,-68.06629
879.367,-23.71315
879.532,-41.65374
879.697,7.18454
879.863,-130.36002
880.028,-32.43427
880.193,-19.228
880.358,-35.67354
880.523,10.92217
880.688,-28.69665
880.854,-64.07949
881.019,18.64659
881.184,26.86936
881.349,17.64989
881.514,13.91227
881.679,-84.26266
881.844,25.62349
882.009,-85.50853
882.174,79.69445
882.339,87.1697
882.504,105.35947
882.669,83.68125
882.834,-29.195
882.999,-114.91117
883.163,-17.48377
883.328,28.11524
883.493,-47.13559
883.658,37.33471
883.823,-58.09929
883.988,-5.2742
884.152,89.91062
884.317,44.06243
884.482,44.06243
884.646,-47.38477
884.811,111.09049
884.976,-50.62404
885.14,-74.79401
885.305,-40.15869
885.47,5.19114
885.634,-88.7478
885.799,-45.64054
885.963,165.90897
886.128,-12.74945
886.292,-143.31711
886.457,-25.45737
886.621,-72.55143
886.786,54.52778
886.95,-133.35012
887.115,-7.2676
887.279,-36.17189
887.444,-33.68014
887.608,129.77861
887.772,-50.87321
887.937,119.31326
888.101,139.24726
888.265,68.2324
888.43,-25.45737
888.594,-6.76925
888.758,92.90072
888.922,7.93207
889.087,63.99643
889.251,59.51128
889.415,33.59709
889.579,-40.90622
889.743,-73.79731
889.907,-12.2511
890.071,-16.73625
890.236,1.20435
890.4,-113.41612
890.564,-12.99863
890.728,29.11194
890.892,59.01293
891.056,-45.64054
891.22,-66.57124
891.384,3.44692
891.548,43.56408
891.711,68.97993
891.875,117.81821
892.039,-116.15705
892.203,67.48488
892.367,-0.04153
892.531,-48.13229
892.695,-107.93427
892.858,-36.17189
893.022,-44.39467
893.186,-50.37487
893.35,-109.18015
893.513,-47.13559
893.677,20.88916
893.841,15.40732
894.004,215.99314
894.168,-29.44417
894.332,43.56408
894.495,-87.00358
894.659,85.67465
894.822,21.13834
894.986,38.82976
895.149,-113.41612
895.313,173.6334
895.476,12.41722
895.64,-53.86331
895.803,4.69279
895.967,93.64824
896.13,-33.92932
896.294,12.66639
896.457,12.66639
