195.513,-342.88547
195.729,-342.88547
195.945,-342.88547
196.161,-372.78646
196.378,-315.22705
196.594,-64.55707
196.81,-99.93991
197.026,50.56175
197.242,-72.28149
197.458,-26.93166
197.674,85.44624
197.89,-8.49271
198.106,123.81918
198.322,-35.4036
198.538,27.38848
198.754,-51.59998
198.97,71.99079
199.186,-13.72539
199.402,61.52544
199.618,7.20531
199.834,110.36373
200.049,51.0601
200.265,16.17561
200.481,58.53534
200.697,319.91985
200.913,67.00729
201.129,12.18881
201.345,-14.22374
201.56,92.92148
201.776,-23.94156
201.992,60.03039
202.208,93.41983
202.424,-74.27489
202.639,46.32577
202.855,104.38353
203.071,34.61455
203.287,49.31587
203.502,5.46108
203.718,101.89178
203.934,92.42313
204.15,32.87033
204.365,-25.43661
204.581,87.68881
204.797,-80.25509
205.012,14.92973
205.228,-21.94816
205.444,-82.99602
205.659,-6.49931
205.875,76.22676
206.091,18.16901
206.306,99.64921
206.522,75.47924
206.737,22.90333
206.953,51.30927
207.168,6.45778
207.384,122.32413
207.6,69.74822
207.815,110.86208
208.031,6.95613
208.246,25.1459
208.462,35.36208
208.677,-34.15773
208.893,0.47759
209.108,74.48254
209.323,-26.18413
209.539,-3.50921
209.754,88.68551
209.97,80.21356
210.185,28.63435
210.401,-48.3607
210.616,104.63271
210.831,74.73171
211.047,6.95613
211.262,0.22841
211.477,97.90498
211.693,-10.98446
211.908,93.91818
212.123,-29.17423
212.339,47.82082
212.554,25.1459
212.769,83.45284
212.985,-2.76169
213.2,-39.14123
213.415,97.90498
213.63,-11.73199
213.846,-29.17423
214.061,-80.75344
214.276,63.76802
214.491,-47.11483
214.706,-12.23034
214.922,-18.21053
215.137,55.29607
215.352,-22.94486
215.567,-3.26004
215.782,60.77792
215.997,-14.72209
216.212,-14.72209
216.428,9.44788
216.643,19.41488
216.858,-90.72044
217.073,89.18386
217.288,-18.45971
217.503,16.92313
217.718,-104.92341
217.933,76.72511
218.148,85.19706
218.363,-3.50921
218.578,156.46109
218.793,-36.64948
219.008,-20.70228
219.223,12.93633
219.438,-85.48777
219.653,-3.75839
219.868,30.1294
220.083,-26.18413
220.298,55.79442
220.512,-2.01416
220.727,-13.72539
220.942,34.36538
221.157,35.36208
221.372,-49.10823
221.587,29.1327
221.802,66.25977
222.016,29.88023
222.231,64.26637
222.446,60.52874
222.661,86.69211
222.876,69.24987
223.09,29.1327
223.305,33.86703
223.52,15.17891
223.735,47.0733
223.949,98.15416
224.164,73.23666
224.379,25.39508
224.594,117.34063
224.808,-24.43991
225.023,39.0997
225.238,-16.21714
225.452,194.83403
225.667,81.70861
225.882,65.26307
226.096,107.62281
226.311,8.70036
226.525,-13.47621
226.74,63.51884
226.955,118.33733
227.169,33.61785
227.384,-41.88215
227.598,-98.19569
227.813,-7.49601
228.027,55.79442
228.242,25.64425
228.456,-26.43331
228.671,21.90663
228.885,48.56835
229.1,102.88848
229.314,-12.72869
229.529,-1.01746
229.743,40.0964
229.958,52.80432
230.172,-43.87555
230.386,57.04029
230.601,130.79607
230.815,28.88353
231.03,133.78617
231.244,-2.51251
231.458,85.44624
231.673,-5.50261
231.887,-29.67258
232.101,104.88188
232.316,-56.58347
232.53,127.80597
232.744,-101.18579
232.958,84.44954
233.173,38.85052
233.387,1.47429
233.601,-45.86895
233.815,171.16241
234.03,95.41323
234.244,18.16901
234.458,-89.22539
234.672,80.96109
234.886,87.68881
235.101,98.15416
235.315,-16.71548
235.529,80.71191
235.743,74.73171
235.957,-36.64948
236.171,13.68386
236.385,82.95449
236.599,208.53865
236.814,5.95943
237.028,-9.24024
237.242,121.5766
237.456,11.69046
237.67,-33.41021
237.884,71.99079
238.098,-8.49271
238.312,-29.17423
238.526,-53.09502
238.74,37.60465
238.954,-3.75839
239.168,110.36373
239.382,57.28947
239.596,29.1327
239.81,46.82412
240.024,39.84722
240.237,-47.364
240.451,6.95613
240.665,-64.80625
240.879,-11.23364
241.093,-31.66598
241.307,-29.92176
241.521,88.93469
241.734,26.39178
241.948,71.49244
242.162,-11.73199
242.376,73.48584
242.59,47.57165
242.803,137.27462
243.017,32.1228
243.231,-21.44981
243.445,-49.60658
243.658,-26.43331
243.872,-35.4036
244.086,121.32743
244.3,77.22346
244.513,-19.20723
244.727,-84.74024
244.941,84.44954
245.154,-83.74354
245.368,133.03865
245.582,103.88518
245.795,-12.72869
246.009,27.38848
246.222,138.5205
246.436,7.20531
246.65,-51.59998
246.863,126.5601
247.077,-24.68908
247.29,16.92313
247.504,12.43798
247.717,68.75152
247.931,40.59475
248.144,49.31587
248.358,-12.72869
248.571,185.86373
248.785,-14.97126
248.998,30.87693
249.212,73.98419
249.425,-23.19403
249.639,127.30762
249.852,45.0799
250.065,-96.20229
250.279,178.38849
250.492,147.24162
250.706,-28.42671
250.919,-32.16433
251.132,17.91983
251.346,-21.20063
251.559,30.87693
251.772,180.38188
251.986,85.44624
252.199,51.30927
252.412,1.22511
252.625,13.18551
252.839,-20.45311
253.052,-29.17423
253.265,-90.96961
253.478,32.87033
253.692,-20.20393
253.905,46.0766
254.118,20.66075
254.331,-10.23694
254.544,-48.85905
254.758,58.53534
254.971,39.59805
255.184,-16.46631
255.397,154.96604
255.61,-0.76829
255.823,-31.66598
256.036,52.0568
256.249,121.32743
256.462,72.23997
256.676,2.96933
256.889,4.96273
257.102,131.79277
257.315,-24.43991
257.528,34.86373
257.741,-54.83925
257.954,2.47098
258.167,1.97263
258.38,116.5931
258.593,67.75482
258.806,-74.02572
259.019,91.17726
259.231,75.97759
259.444,130.5469
259.657,25.89343
259.87,111.6096
260.083,81.95779
260.296,255.13436
260.509,-16.21714
260.722,190.59806
260.935,25.39508
261.147,38.60135
261.36,43.58485
261.573,141.75977
261.786,-4.75509
261.999,67.75482
262.211,10.44458
262.424,31.1261
262.637,-86.23529
262.85,5.46108
263.062,-106.66763
263.275,72.23997
263.488,-4.25674
263.7,54.79772
263.913,-67.04882
264.126,48.56835
264.338,127.05845
264.551,-14.72209
264.764,84.44954
264.976,134.03535
265.189,37.60465
265.402,13.43468
265.614,-13.97456
265.827,48.81752
266.039,-96.20229
266.252,66.50894
266.465,46.32577
266.677,84.94789
266.89,51.55845
267.102,-28.42671
267.315,58.78452
267.527,136.5271
267.74,-34.65608
267.952,-35.4036
268.165,-37.14783
268.377,-51.84915
268.589,24.1492
268.802,107.62281
269.014,78.22016
269.227,130.04855
269.439,150.48089
269.651,-55.3376
269.864,23.40168
270.076,51.0601
270.289,66.75812
270.501,-23.19403
270.713,85.19706
270.926,300.23503
271.138,33.86703
271.35,60.52874
271.562,20.90993
271.775,47.82082
271.987,97.90498
272.199,-27.67918
272.411,2.22181
272.624,99.15086
272.836,-40.13793
273.048,-63.56037
273.26,-86.98282
273.472,45.0799
273.685,14.92973
273.897,35.61125
274.109,30.87693
274.321,-57.331
274.533,120.5799
274.745,15.17891
274.957,9.94623
275.17,-32.16433
275.382,-21.69898
275.594,22.65415
275.806,-23.19403
276.018,-76.51747
276.23,40.59475
276.442,-14.97126
276.654,-11.48281
276.866,100.39673
277.078,171.66076
277.29,-67.54717
277.502,2.47098
277.714,0.47759
277.926,38.60135
278.138,-0.51911
278.35,59.03369
278.562,-22.44651
278.773,-33.16103
278.985,-22.44651
279.197,28.136
279.409,51.55845
279.621,-1.01746
279.833,59.03369
280.045,8.94953
280.256,-12.23034
280.468,-36.4003
280.68,16.92313
280.892,43.33567
281.104,29.1327
281.315,10.19541
281.527,1.47429
281.739,1.22511
281.951,67.00729
282.162,95.41323
282.374,121.32743
282.586,21.40828
282.797,-19.45641
283.009,-23.19403
283.221,94.41653
283.432,83.45284
283.644,-80.00592
283.856,67.50564
284.067,-44.87225
284.279,96.65911
284.49,42.83732
284.702,-98.94321
284.914,87.93799
285.125,59.53204
285.337,-84.74024
285.548,9.19871
285.76,79.96439
285.971,91.42643
286.183,142.00895
286.394,-48.85905
286.606,-22.44651
286.817,22.1558
287.029,69.24987
287.24,-74.52407
287.452,128.30432
287.663,148.98584
287.874,-5.25344
288.086,53.55185
288.297,117.09145
288.509,29.38188
288.72,-42.13133
288.931,203.55515
289.143,81.95779
289.354,42.0898
289.565,-26.18413
289.777,131.29442
289.988,118.83568
290.199,43.33567
290.411,22.40498
290.622,-10.23694
290.833,-24.19073
291.044,-18.21053
291.256,11.69046
291.467,48.56835
291.678,-15.96796
291.889,28.136
292.1,73.23666
292.312,30.37858
292.523,135.5304
292.734,211.27958
292.945,-66.3013
293.156,-30.66928
293.367,59.28287
293.578,37.1063
293.789,28.136
294.001,101.14426
294.212,22.40498
294.423,-99.69074
294.634,25.89343
294.845,123.32083
295.056,-53.09502
295.267,-46.86565
295.478,74.48254
295.689,-2.76169
295.9,698.16739
296.111,-42.3805
296.322,-31.66598
296.533,-23.44321
296.744,-3.26004
296.954,33.36868
297.165,-51.10163
297.376,70.74492
297.587,7.95283
297.798,64.01719
298.009,43.83402
298.22,63.02049
298.431,116.09475
298.641,-59.82275
298.852,25.64425
299.063,-7.24684
299.274,111.6096
299.485,-12.23034
299.695,68.00399
299.906,-73.27819
300.117,-84.74024
300.328,41.84062
300.538,37.35547
300.749,-54.59007
300.96,8.94953
301.171,59.78122
301.381,-26.68248
301.592,12.18881
301.803,14.68056
302.013,-75.52077
302.224,31.37528
302.434,104.13436
302.645,-41.88215
302.856,80.46274
303.066,-4.25674
303.277,86.69211
303.487,-63.3112
303.698,-22.19733
303.908,-59.3244
304.119,36.35878
304.33,-35.4036
304.54,-11.48281
304.751,-76.01912
304.961,-4.25674
305.171,8.45118
305.382,-126.35245
305.592,79.21686
305.803,12.43798
306.013,-12.97786
306.224,83.95119
306.434,165.68056
306.644,45.32907
306.855,-2.26334
307.065,-9.24024
307.276,62.02379
307.486,61.52544
307.696,15.67726
307.907,51.80762
308.117,-83.49437
308.327,129.05185
308.537,55.79442
308.748,-19.45641
308.958,-0.76829
309.168,-36.4003
309.379,78.96769
309.589,10.19541
309.799,-50.3541
310.009,13.43468
310.219,121.82578
310.43,35.36208
310.64,35.1129
310.85,8.70036
311.06,90.92808
311.27,68.75152
311.48,64.76472
311.69,99.64921
311.901,40.59475
312.111,64.26637
312.321,31.87363
312.531,63.51884
312.741,-60.3211
312.951,82.45614
313.161,93.17066
313.371,35.61125
313.581,66.50894
313.791,7.45448
314.001,-12.23034
314.211,54.79772
314.421,102.14096
314.631,84.94789
314.841,23.90003
315.051,59.78122
315.261,86.44294
315.47,11.93963
315.68,42.0898
315.89,-38.64288
316.1,-61.06862
316.31,58.03699
316.52,-2.76169
316.73,-12.97786
316.939,69.74822
317.149,69.74822
317.359,0.47759
317.569,17.17231
317.779,132.78947
317.988,38.103
318.198,-30.42011
318.408,140.01555
318.618,-32.91186
318.827,108.86868
319.037,-19.45641
319.247,110.6129
319.456,110.11455
319.666,63.76802
319.876,78.71851
320.085,124.5667
320.295,43.0865
320.505,81.70861
320.714,64.51554
320.924,149.98254
321.133,41.34227
321.343,28.63435
321.553,31.62445
321.762,8.20201
321.972,-40.88545
322.181,72.48914
322.391,62.02379
322.6,47.0733
322.81,-12.23034
323.019,-5.25344
323.229,36.1096
323.438,187.10961
323.648,140.01555
323.857,21.40828
324.066,-22.69568
324.276,-65.3046
324.485,44.83072
324.695,30.37858
324.904,56.04359
325.113,115.09805
325.323,48.07
325.532,54.0502
325.741,-11.98116
325.951,60.77792
326.16,58.03699
326.369,55.04689
326.579,129.30102
326.788,-11.48281
326.997,31.87363
327.206,99.89838
327.416,52.80432
327.625,-49.3574
327.834,-28.92506
328.043,-41.3838
328.252,-84.49107
328.462,-3.26004
328.671,1.47429
328.88,182.87363
329.089,13.93303
329.298,-34.65608
329.507,-39.63958
329.716,57.28947
329.926,6.20861
330.135,-38.3937
330.344,-24.43991
330.553,-42.62968
330.762,78.22016
330.971,56.54194
331.18,57.53864
331.389,-26.68248
331.598,130.79607
331.807,10.94293
332.016,62.77132
332.225,-58.82605
332.434,133.78617
332.643,100.14756
332.852,64.01719
333.06,28.136
333.269,19.41488
333.478,-61.56697
333.687,-34.15773
333.896,4.21521
334.105,-10.73529
334.314,59.28287
334.523,17.42148
334.731,-14.72209
334.94,84.69871
335.149,-36.4003
335.358,-13.47621
335.567,66.50894
335.775,182.37528
335.984,-31.66598
336.193,42.33897
336.402,45.57825
336.61,-18.70888
336.819,19.66405
337.028,2.22181
337.236,61.77462
337.445,7.70366
337.654,17.91983
337.862,12.93633
338.071,35.36208
338.279,9.44788
338.488,-5.75179
338.697,60.77792
338.905,37.60465
339.114,121.82578
339.322,71.24327
339.531,-40.88545
339.739,-20.45311
339.948,84.44954
340.157,-14.72209
340.365,47.82082
340.574,-18.70888
340.782,-36.15113
340.99,-68.54387
341.199,-58.3277
341.407,-33.65938
341.616,18.91653
341.824,7.20531
342.033,24.39838
342.241,34.1162
342.449,48.31917
342.658,65.01389
342.866,53.30267
343.074,21.65745
343.283,88.68551
343.491,105.87858
343.699,-23.94156
343.908,159.94954
344.116,-20.20393
344.324,56.04359
344.532,158.20532
344.741,36.1096
344.949,-17.96136
345.157,-34.90525
345.365,-23.44321
345.574,4.71356
345.782,86.44294
345.99,36.35878
346.198,-29.17423
346.406,147.73997
346.614,-26.18413
346.823,68.00399
347.031,22.65415
347.239,17.67066
347.447,6.20861
347.655,-90.96961
347.863,106.37693
348.071,67.50564
348.279,-12.23034
348.487,34.36538
348.695,-11.98116
348.903,-0.26994
349.111,-10.73529
349.319,26.39178
349.527,-28.17753
349.735,54.54855
349.943,100.89508
350.151,-8.24354
350.359,123.32083
350.567,56.29277
350.775,69.74822
350.983,50.81092
351.19,38.103
351.398,70.24657
351.606,-5.50261
351.814,5.95943
352.022,44.33237
352.23,138.5205
352.437,44.83072
352.645,40.34557
352.853,-67.298
353.061,126.31092
353.269,69.49904
353.476,18.41818
353.684,48.56835
353.892,1.47429
354.099,63.76802
354.307,193.33898
354.515,123.81918
354.722,-41.88215
354.93,28.38518
355.138,8.20201
355.345,24.1492
355.553,-77.01582
355.761,83.95119
355.968,-82.24849
356.176,-43.3772
356.383,34.61455
356.591,99.64921
356.799,37.85382
357.006,-32.91186
357.214,61.27627
357.421,106.62611
357.629,27.1393
357.836,-60.57027
358.044,-5.00426
358.251,79.21686
358.458,-78.51087
358.666,-37.397
358.873,-84.98942
359.081,26.64095
359.288,54.29937
359.496,-22.94486
359.703,21.90663
359.91,-18.70888
360.118,5.71026
360.325,-63.3112
360.532,86.44294
360.74,43.0865
360.947,95.66241
361.154,1.97263
361.362,-64.3079
361.569,24.1492
361.776,-73.27819
361.983,161.44459
362.191,-2.26334
362.398,-2.76169
362.605,-16.96466
362.812,-6.74849
363.019,19.91323
363.227,-28.92506
363.434,-86.48447
363.641,116.09475
363.848,84.20036
364.055,80.46274
364.262,80.96109
364.469,-63.06202
364.676,82.45614
364.883,-59.82275
365.091,-48.3607
365.298,49.31587
365.505,71.74162
365.712,234.95119
365.919,-37.14783
366.126,99.40003
366.333,804.81426
366.54,22.40498
366.747,23.90003
366.954,102.39013
367.16,10.44458
367.367,28.38518
367.574,231.46275
367.781,-0.02076
367.988,31.87363
368.195,-6.99766
368.402,27.88683
368.609,-7.49601
368.816,-51.10163
369.022,-11.73199
369.229,-152.51582
369.436,54.0502
369.643,-91.46796
369.85,-22.69568
370.056,142.00895
370.263,15.17891
370.47,128.30432
370.677,-19.70558
370.883,46.57495
371.09,22.65415
371.297,36.1096
371.503,21.1591
371.71,-1.01746
371.917,-74.27489
372.123,181.87693
372.33,-15.96796
372.537,-31.91516
372.743,-43.12803
372.95,92.17396
373.156,72.73831
373.363,79.96439
373.57,-57.58017
373.776,202.80763
373.983,11.93963
374.189,-73.77654
374.396,45.57825
374.602,-10.23694
374.809,99.15086
375.015,4.46438
375.222,-92.46466
375.428,-18.95806
375.634,0.97594
375.841,24.39838
376.047,-53.84255
376.254,108.37033
376.46,152.72347
376.666,88.93469
376.873,10.94293
377.079,19.91323
377.286,-32.66268
377.492,34.86373
377.698,51.80762
377.904,92.67231
378.111,144.74987
378.317,-53.3442
378.523,-135.32275
378.73,4.71356
378.936,-15.71879
379.142,33.1195
379.348,18.91653
379.554,108.86868
379.761,37.35547
379.967,72.23997
380.173,33.36868
380.379,-22.69568
380.585,-24.43991
380.791,88.93469
380.997,-11.73199
381.204,-74.52407
381.41,96.40993
381.616,45.57825
381.822,-15.96796
382.028,46.82412
382.234,-16.46631
382.44,-28.67588
382.646,33.1195
382.852,-55.83595
383.058,-6.74849
383.264,91.17726
383.47,-88.97621
383.676,7.45448
383.882,-111.90031
384.088,50.81092
384.294,-47.61318
384.5,-22.44651
384.705,-38.14453
384.911,-2.76169
385.117,-27.43001
385.323,116.34393
385.529,29.88023
385.735,23.65085
385.941,26.89013
386.146,95.16406
386.352,47.57165
386.558,75.47924
386.764,5.71026
386.969,34.61455
387.175,1.22511
387.381,115.09805
387.587,-37.89535
387.792,-5.75179
387.998,65.51224
388.204,-27.67918
388.409,-3.75839
388.615,52.0568
388.821,177.14261
389.026,26.1426
389.232,-99.93991
389.438,81.70861
389.643,27.38848
389.849,52.30597
390.054,-19.20723
390.26,-57.58017
390.465,22.65415
390.671,-20.45311
390.876,-81.25179
391.082,114.84888
391.287,-85.48777
391.493,-9.48941
391.698,114.5997
391.904,149.73337
392.109,231.46275
392.315,-104.17589
392.52,34.61455
392.726,-24.19073
392.931,41.84062
393.136,57.28947
393.342,-51.84915
393.547,9.94623
393.752,116.5931
393.958,90.92808
394.163,28.136
394.368,-77.01582
394.574,122.32413
394.779,-107.41516
394.984,186.11291
395.19,-24.68908
395.395,26.64095
395.6,123.57
395.805,110.86208
396.01,-19.45641
396.216,265.35054
396.421,7.45448
396.626,9.19871
396.831,97.15746
397.036,-64.3079
397.241,-70.78644
397.447,114.10135
397.652,27.63765
397.857,44.0832
398.062,57.28947
398.267,-53.84255
398.472,-40.13793
398.677,86.94129
398.882,75.97759
399.087,47.82082
399.292,1.47429
399.497,255.63271
399.702,25.39508
399.907,72.73831
400.112,79.46604
400.317,14.43138
400.522,66.01059
400.727,-1.26664
400.932,100.39673
401.137,-33.16103
401.341,115.84558
401.546,13.93303
401.751,100.39673
401.956,59.78122
402.161,52.55515
402.366,46.0766
402.57,83.20366
402.775,115.34723
402.98,139.5172
403.185,120.82908
403.39,217.0106
403.594,106.37693
403.799,104.38353
404.004,75.47924
404.208,29.88023
404.413,78.22016
404.618,41.59145
404.822,97.15746
405.027,8.70036
405.232,128.5535
405.436,139.26802
405.641,92.67231
405.846,38.85052
406.05,285.28453
406.255,132.04195
406.459,205.0502
406.664,255.88189
406.868,94.66571
407.073,463.94296
407.277,324.40499
407.482,215.0172
407.686,271.82908
407.891,150.48089
408.095,263.35714
408.3,274.57001
408.504,293.5073
408.709,245.41654
408.913,351.56506
409.118,249.65252
409.322,423.57662
409.526,452.23173
409.731,500.57167
409.935,386.44955
410.139,397.9116
410.344,527.73174
410.548,467.4314
410.752,562.11788
410.957,522.49906
411.161,517.26639
411.365,479.3918
411.569,714.36376
411.774,730.31096
411.978,646.58818
412.182,699.91161
412.386,644.3456
412.59,744.01558
412.795,709.87861
412.999,772.91987
413.203,814.78126
413.407,966.52879
413.611,906.97598
413.815,967.52549
414.019,1038.54034
414.223,1091.6146
414.427,1013.37368
414.632,1161.13441
414.836,1069.68721
415.04,1106.06675
415.244,1178.82583
415.448,1243.11296
415.652,1305.65587
415.856,1357.9826
416.06,1445.19383
416.264,1491.78954
416.467,1633.81925
416.671,1600.67899
416.875,1820.2021
417.079,1812.2285
417.283,1807.99253
417.487,1853.84071
417.691,1995.37208
417.895,2022.78132
418.099,1953.01234
418.302,2061.40343
418.506,2158.58165
418.71,2317.05691
418.914,2250.02885
419.118,2392.55691
419.321,2470.29949
419.525,2637.74504
419.729,2733.17904
419.933,2864.99258
420.136,2867.23516
420.34,3018.23516
420.544,3112.92164
420.747,3244.98435
420.951,3293.82264
421.155,3333.44145
421.358,3462.51406
421.562,3603.04872
421.766,3734.61309
421.969,3858.45303
422.173,3954.63455
422.376,4050.06855
422.58,4220.00585
422.783,4275.07351
422.987,4459.46296
423.19,4691.69399
423.394,4737.54218
423.597,4831.7303
423.801,4813.29136
424.004,5344.78148
424.208,5479.08677
424.411,5329.33264
424.615,5585.73364
424.818,5737.97952
425.022,6059.66436
425.225,6027.02244
425.428,6251.77823
425.632,6481.26834
425.835,6575.45646
426.038,6727.45317
426.242,6984.35252
426.445,6989.5852
426.648,7398.73043
426.852,7531.04232
427.055,7807.37732
427.258,7918.75851
427.461,8144.26182
427.665,8364.03411
427.868,8756.48463
428.071,8802.33281
428.274,9224.43515
428.477,9294.4533
428.681,9674.44507
428.884,9539.14308
429.087,9771.87247
429.29,10055.43354
429.493,10660.92862
429.696,10930.53589
429.899,11189.42864
430.102,11399.23393
430.306,11704.97157
430.509,12087.20592
430.712,12151.49305
430.915,12333.14157
431.118,12848.93368
431.321,13257.58056
431.524,13708.58719
431.727,14209.17962
431.93,14571.97832
432.133,14885.68956
432.336,15425.40245
432.538,15788.45033
432.741,16368.52956
432.944,16636.64179
433.147,17297.70288
433.35,17983.18311
433.553,18134.93064
433.756,18744.6617
433.959,19202.39604
434.161,19814.36967
434.364,20490.38126
434.567,21021.12386
434.77,21340.81529
434.973,21927.62225
435.175,23039.93914
435.378,23490.44742
435.581,23956.90288
435.784,24707.91612
435.986,24967.30723
436.189,25913.42443
436.392,26661.44757
436.594,26935.29082
436.797,27803.1671
437,28046.11266
437.202,29310.17708
437.405,29418.81735
437.607,30329.30254
437.81,30833.38343
438.013,31466.53693
438.215,32050.10461
438.418,32760.75151
438.62,33259.35055
438.823,34213.19218
439.025,34483.54698
439.228,34846.59485
439.43,35644.45298
439.633,35537.80611
439.835,36350.36555
440.038,37090.66427
440.24,37679.71381
440.443,37317.66263
440.645,37953.30788
440.847,38264.27819
441.05,37710.11315
441.252,39130.41025
441.455,38725.99934
441.657,39185.97626
441.859,39413.97132
442.062,38889.95644
442.264,39032.98285
442.466,39217.12312
442.668,39065.12642
442.871,38993.11486
443.073,39006.57031
443.275,38771.34917
443.477,38368.43331
443.68,38038.52571
443.882,37871.08015
444.084,37251.88045
444.286,37048.55371
444.488,36980.52895
444.69,36014.22857
444.893,36105.4266
445.095,35105.73678
445.297,34316.3506
445.499,34297.66248
445.701,32966.32083
445.903,33178.3687
446.105,33215.24658
446.307,31855.00064
446.509,31775.26466
446.711,31166.77948
446.913,30322.07647
447.115,29594.2365
447.317,29270.05992
447.519,28400.68859
447.721,27684.06149
447.923,27420.93276
448.125,26951.48719
448.327,26591.18024
448.529,25709.10099
448.731,24884.83032
448.933,24609.49203
449.134,24198.60257
449.336,23737.62895
449.538,22691.34341
449.74,22175.55131
449.942,21707.35162
450.144,21516.23444
450.345,21239.4011
450.547,20648.10899
450.749,20789.64035
450.951,20064.29213
451.152,19242.01486
451.354,19055.88119
451.556,18730.20955
451.757,18623.81186
451.959,18109.76398
452.161,17980.44219
452.362,17694.14019
452.564,17215.47515
452.766,16726.09559
452.967,16443.53122
453.169,16192.36289
453.37,16045.10051
453.572,15934.71601
453.774,15566.93381
453.975,15456.30015
454.177,15078.30178
454.378,14984.36283
454.58,14691.83146
454.781,14384.10042
454.983,14019.30832
455.184,14031.01955
455.386,14075.87103
455.587,13659.00138
455.788,13551.10863
455.99,13319.37595
456.191,13151.18287
456.393,12932.90563
456.594,12754.49638
456.795,12607.98152
456.997,12579.57558
457.198,12348.59042
457.399,11877.40063
457.601,11917.51779
457.802,11760.28841
458.003,11738.11184
458.205,11287.60357
458.406,11214.09696
458.607,11053.62831
458.808,10953.21081
459.009,10690.08208
459.211,10619.81475
459.412,10740.16624
459.613,10298.37909
459.814,10102.27842
460.015,9947.04244
460.217,9745.21075
460.418,9686.90382
460.619,9438.72559
460.82,9153.91864
461.021,9163.38729
461.222,9021.60675
461.423,8738.04568
461.624,8440.77999
461.825,8504.3196
462.026,8287.78658
462.227,8076.98459
462.428,7984.29152
462.629,7719.41857
462.83,7811.61329
463.031,7598.56873
463.232,7315.25683
463.433,7392.25188
463.634,7136.59841
463.835,6991.5786
464.036,6980.36573
464.236,6732.93502
464.437,6545.05712
464.638,6592.64953
464.839,6457.34755
465.04,6328.52411
465.241,6302.36074
465.441,6211.66107
465.642,6020.5439
465.843,5999.86238
466.044,5916.88712
466.244,5678.67589
466.445,5590.21879
466.646,5748.44487
466.847,5537.89206
467.047,5356.99106
467.248,5409.31779
467.449,5297.9366
467.649,5458.9036
467.85,5191.5389
468.05,5157.90029
468.251,5088.87883
468.452,4983.22866
468.652,5026.33592
468.853,5028.32932
469.053,5108.56365
469.254,4876.33262
469.454,4938.37717
469.655,4899.50588
469.855,4919.68905
470.056,4796.59664
470.256,4838.45803
470.457,4676.7435
470.657,4835.46793
470.858,4705.39861
471.058,4841.44813
471.259,4494.34745
471.459,4429.81114
471.659,4551.15933
471.86,4545.67748
472.06,4499.8293
472.26,4611.21049
472.461,4572.3392
472.661,4561.12633
472.861,4556.39201
473.062,4480.64283
473.262,4659.30125
473.462,4511.29134
473.662,4668.02237
473.863,4527.73689
474.063,4418.09992
474.263,4538.45141
474.463,4460.95801
474.663,4546.67418
474.864,4563.61808
475.064,4493.10157
475.264,4413.3656
475.464,4568.10323
475.664,4511.29134
475.864,4578.81775
476.064,4280.05701
476.264,4487.12138
476.464,4411.12302
476.664,4475.41015
476.864,4397.16923
477.064,4326.15437
477.265,4405.89035
477.464,4460.70883
477.664,4379.97616
477.864,4438.53226
478.064,4403.89695
478.264,4512.03887
478.464,4542.93656
478.664,4376.98606
478.864,4392.93325
479.064,4480.64283
479.264,4385.70718
479.464,4449.49596
479.663,4570.59498
479.863,4487.12138
480.063,4429.56197
480.263,4473.66593
480.463,4589.78145
480.663,4385.20883
480.862,4447.50256
481.062,4554.39861
481.262,4620.92831
481.461,4345.34084
481.661,4421.58837
481.861,4612.95472
482.061,4587.78805
482.26,4686.21214
482.46,4634.63293
482.66,4771.1808
482.859,4846.6808
483.059,4703.90356
483.258,4857.89367
483.458,4922.1808
483.658,4829.23855
483.857,5025.09005
484.057,4841.19895
484.256,5044.02734
484.456,5202.25342
484.655,5097.84913
484.855,5239.13131
485.054,5147.43494
485.254,5331.57521
485.453,5317.37224
485.653,5412.05872
485.852,5554.58678
486.051,5583.24189
486.251,5584.48777
486.45,5750.68745
486.649,6002.10495
486.849,5730.75345
487.048,5860.57359
487.248,6101.27657
487.447,6195.4647
487.646,6317.56041
487.845,6337.74358
488.045,6435.42015
488.244,6648.71389
488.443,6711.50598
488.642,6596.63633
488.842,6930.28156
489.041,6890.1644
489.24,6988.09015
489.439,6967.90698
489.638,7303.29643
489.838,7559.44826
490.037,7667.09183
490.236,7716.17929
490.435,7870.1694
490.634,8038.36248
490.833,8022.16611
491.032,8310.21233
491.231,8379.98131
491.43,8652.57868
491.629,8772.93017
491.828,9026.83943
492.027,9038.55065
492.226,9325.84934
492.425,9307.90875
492.624,9632.33451
492.823,9859.83122
493.022,9817.2223
493.221,10154.85433
493.42,10245.80318
493.619,10537.33785
493.818,10741.66129
494.017,10984.1085
494.216,11089.5095
494.414,11437.60687
494.613,11519.58543
494.812,11627.72735
495.011,12005.22736
495.21,12026.65641
495.408,12103.90064
495.607,12803.33467
495.806,12767.2043
496.005,13327.10037
496.203,13533.16804
496.402,13301.68453
496.601,13731.76046
496.799,13889.98654
496.998,14457.8562
497.197,14347.22253
497.395,14664.92057
497.594,14944.24566
497.793,15070.32818
497.991,15844.51469
498.19,15864.69786
498.388,16220.51966
498.587,16111.63021
498.785,16623.68469
498.984,17161.40419
499.182,17149.19462
499.381,17681.93062
499.579,17661.74745
499.778,17737.49663
499.976,17991.15671
500.175,18336.26399
500.373,19035.69802
500.572,18799.97853
500.77,19394.01157
500.968,19636.45877
501.167,19522.835
501.365,20110.88784
501.564,20234.97695
501.762,20821.03639
501.96,20800.1057
502.159,21355.26744
502.357,21798.30047
502.555,21971.22787
502.753,22112.75923
502.952,22423.72954
503.15,22736.69325
503.348,22893.17511
503.546,23017.76257
503.745,23337.45401
503.943,23764.78901
504.141,24353.09102
504.339,24430.8336
504.537,24811.07454
504.735,24806.83857
504.933,25157.67687
505.132,25007.92274
505.33,25193.80724
505.528,25975.71817
505.726,26263.26604
505.924,26436.44261
506.122,26746.91458
506.32,26757.87827
506.518,27362.37665
506.716,27335.46576
506.914,27380.8156
507.112,27663.87832
507.31,28269.3734
507.508,28372.53182
507.706,28731.84207
507.904,28995.96749
508.101,29220.97246
508.299,29505.7794
508.497,29520.97907
508.695,30052.4692
508.893,29973.48074
509.091,30524.65569
509.289,30662.20025
509.486,30207.95435
509.684,30658.21345
509.882,31180.98246
510.08,31102.9907
510.277,31690.79436
510.475,31862.22671
510.673,32032.16402
510.871,31979.58811
511.068,31966.13266
511.266,32308.99736
511.464,32254.17888
511.661,32325.94126
511.859,32944.89179
512.056,33241.9083
512.254,33274.30104
512.452,32940.65581
512.649,33344.07002
512.847,33350.79775
513.044,34307.62948
513.242,34245.8341
513.439,34364.69054
513.637,34332.04862
513.834,34902.65921
514.032,34974.67077
514.229,34283.45951
514.427,34963.70707
514.624,35056.89849
514.822,34995.60146
515.019,35615.79786
515.217,35493.2038
515.414,35390.04537
515.611,35561.97608
515.809,35738.14275
516.006,35889.64111
516.203,36404.93486
516.401,36364.56853
516.598,36139.31439
516.795,36505.85071
516.993,36110.90845
517.19,36384.25334
517.387,36462.74345
517.584,36671.80121
517.781,37016.16097
517.979,36990.49595
518.176,36948.13621
518.373,36901.29132
518.57,37033.60321
518.767,36695.22366
518.964,37371.73359
519.162,37264.09002
519.359,37639.59664
519.556,36983.76823
519.753,37752.22371
519.95,37473.39696
520.147,37449.227
520.344,37520.98938
520.541,37774.1511
520.738,37604.46298
520.935,37629.38047
521.132,37579.29631
521.329,37605.95803
521.526,37757.20721
521.723,37720.32932
521.92,37687.93658
522.117,38159.12637
522.314,38133.71053
522.511,37984.9531
522.707,37354.54052
522.904,37484.60984
523.101,38312.36895
523.298,37800.81282
523.495,37800.56365
523.692,37310.43656
523.888,37618.66595
524.085,37418.3293
524.282,37598.2336
524.479,37554.62799
524.675,38172.08347
524.872,37460.19069
525.069,37574.31281
525.266,37610.194
525.462,37660.27816
525.659,37293.49266
525.856,37226.46461
526.052,37475.39036
526.249,37135.26658
526.445,36694.72531
526.642,36979.28308
526.839,37446.48607
527.035,36775.45799
527.232,37561.35571
527.428,36527.52893
527.625,37062.00915
527.821,37460.43987
528.018,36656.85072
528.214,37007.19067
528.411,36719.89198
528.607,36377.27645
528.804,36444.55368
529,36609.00913
529.196,36445.79955
529.393,36027.93319
529.589,36243.71868
529.786,36245.21373
529.982,36138.06851
530.178,35462.05693
530.375,36315.73024
530.571,36002.019
530.767,35960.90514
530.963,35855.50414
531.16,35758.82427
531.356,35539.79951
531.552,35691.29786
531.748,35170.02391
531.945,35429.16584
532.141,35178.74503
532.337,34811.95954
532.533,34875.49914
532.729,35156.56846
532.926,34861.047
533.122,35063.87539
533.318,35070.60311
533.514,34719.76481
533.71,34252.56182
533.906,34588.44962
534.102,34388.36216
534.298,34201.23178
534.494,33901.97269
534.69,34233.37535
534.886,33570.32086
535.082,33760.19216
535.278,33910.44464
535.474,33637.09974
535.67,33732.28456
535.866,33212.75484
536.062,33373.22349
536.258,32963.82908
536.454,33357.27629
536.65,32683.00893
536.846,32976.28783
537.041,32615.7317
537.237,32802.11455
537.433,32751.03369
537.629,32074.52375
537.825,32058.57656
538.02,32500.36371
538.216,32439.31585
538.412,32111.65082
538.608,32107.66402
538.803,31483.97917
538.999,31789.21846
539.195,31681.07654
539.39,31205.4016
539.586,31374.09303
539.782,31375.08973
539.977,31342.19864
540.173,30986.87519
540.369,30392.59298
540.564,30998.83558
540.76,30918.1029
540.955,30237.357
541.151,30733.21511
541.347,30700.32402
541.542,30463.60783
541.738,30079.87844
541.933,30044.4956
542.129,29882.03355
542.324,30258.28769
542.519,29669.23816
542.715,29116.31899
542.91,29825.72001
543.106,29786.84872
543.301,29427.04012
543.497,29073.21172
543.692,29669.23816
543.887,29260.09292
544.083,28716.39322
544.278,29088.41139
544.473,29055.27113
544.669,29110.33879
544.864,28661.07639
545.059,28601.77276
545.254,28688.73481
545.45,28333.66053
545.645,28694.46583
545.84,28426.3536
546.035,28052.09286
546.23,28079.5021
546.426,27869.19846
546.621,27904.08295
546.816,27990.29748
547.011,27495.68524
547.206,27469.52187
547.401,27197.42285
547.596,27622.26611
547.791,27466.03342
547.986,27395.26774
548.181,27120.17862
548.376,27168.02021
548.572,27143.85024
548.767,26901.90138
548.961,26731.71491
549.156,26455.13073
549.351,26752.39642
549.546,26498.238
549.741,26400.06307
549.936,26139.92445
550.131,26170.07461
550.326,26122.98055
550.521,25927.12906
550.716,26252.55151
550.911,26066.66702
551.105,26041.74952
551.3,25937.84358
551.495,25528.44917
551.69,25645.56139
551.885,25782.6076
552.079,25432.76599
552.274,25211.00031
552.469,25058.75442
552.664,25086.41284
552.858,25080.18347
553.053,24868.1356
553.248,25212.24618
553.442,25086.41284
553.637,24997.20822
553.832,24733.83032
554.026,24626.6851
554.221,24466.96397
554.415,24519.04153
554.61,24398.19169
554.804,24746.03989
554.999,24321.19663
555.194,24230.24778
555.388,24059.31378
555.583,23818.85997
555.777,24221.27748
555.972,24086.22467
556.166,23711.2164
556.36,23653.15864
556.555,23617.7758
556.749,23394.26589
556.944,23557.47547
557.138,23414.19989
557.332,23158.54641
557.527,23484.96557
557.721,23329.48041
557.915,22986.86488
558.11,23024.24112
558.304,23217.85004
558.498,23066.60086
558.693,22745.66355
558.887,22755.38137
559.081,22485.02657
559.275,22516.42261
559.47,22284.19158
559.664,22417.25099
559.858,22316.08597
560.052,22218.90775
560.246,22132.69322
560.44,22276.71633
560.635,22048.47209
560.829,21641.81861
561.023,22051.46219
561.217,21861.09255
561.411,21679.44402
561.605,21711.08924
561.799,21407.84335
561.993,21303.43905
562.187,21476.11728
562.381,21266.81034
562.575,21159.41594
562.769,21119.04961
562.963,20808.07929
563.157,21160.41264
563.351,20824.02649
563.545,20592.2938
563.739,20376.25914
563.933,20661.06608
564.126,20342.62052
564.32,20537.47532
564.514,20332.15518
564.708,20199.09576
564.902,20186.63702
565.096,20121.85154
565.289,19849.75251
565.483,19819.35317
565.677,19809.63535
565.871,19745.09904
566.064,19513.11718
566.258,19662.12379
566.452,19707.97198
566.645,19277.14852
566.839,19275.15512
567.033,19247.99506
567.226,19237.03136
567.42,19079.80198
567.614,19107.70957
567.807,18938.27062
568.001,18852.30527
568.194,18770.82507
568.388,18876.97359
568.581,18604.62539
568.775,18581.45212
568.969,18574.97357
569.162,17971.97024
569.355,18486.2673
569.549,18290.4158
569.742,18120.4785
569.936,18105.77718
570.129,17805.02304
570.323,17483.83655
570.516,17601.69629
570.709,17721.54943
570.903,17644.30521
571.096,17584.00487
571.289,17589.7359
571.483,17228.18307
571.676,17473.12203
571.869,17073.19627
572.063,17212.73423
572.256,17177.35139
572.449,16947.86128
572.642,16912.47844
572.836,16831.24741
573.029,16521.2738
573.222,16556.65664
573.415,16702.42397
573.608,16692.70615
573.802,16383.72924
573.995,16431.07247
574.188,16328.16323
574.381,16260.63682
574.574,16325.67148
574.767,16035.13351
574.96,15995.76387
575.153,15911.79192
575.346,15988.28862
575.539,15980.81337
575.732,15812.6203
575.925,15939.45034
576.118,15862.70446
576.311,15748.33316
576.504,15691.77045
576.697,15706.72095
576.89,15551.73414
577.083,15621.00477
577.276,15614.7754
577.469,15430.8843
577.661,15537.78035
577.854,15436.36615
578.047,15396.49816
578.24,15609.54273
578.433,15551.23579
578.626,15258.9536
578.818,15472.49652
579.011,15665.10874
579.204,15515.85295
579.397,15558.71104
579.589,15448.32655
579.782,15471.25064
579.975,15497.16483
580.167,15659.12854
580.36,15602.815
580.553,15781.7226
580.745,15754.81171
580.938,15897.83812
581.13,15873.66815
581.323,15783.21765
581.516,15674.82656
581.708,16105.89919
581.901,15966.6104
582.093,16032.39258
582.286,15722.41897
582.478,16447.51802
582.671,16240.45365
582.863,16164.95365
583.056,16394.19458
583.248,16497.60218
583.44,16533.48337
583.633,16532.23749
583.825,16690.2144
584.018,16594.7804
584.21,16657.07413
584.402,16834.73586
584.595,16803.83817
584.787,16823.77216
584.979,16967.29692
585.172,16904.00649
585.364,17334.33159
585.556,17418.30354
585.748,17214.22928
585.941,17124.77548
586.133,17323.11872
586.325,17498.2887
586.517,17382.67153
586.709,17802.03294
586.901,17621.87946
587.094,17665.98343
587.286,17666.98013
587.478,17973.46529
587.67,17851.61875
587.862,17849.37617
588.054,17945.30852
588.246,18010.34318
588.438,18299.13692
588.63,18494.24089
588.822,18336.51316
589.014,18382.8597
589.206,18640.2574
589.398,18513.17819
589.59,18484.02472
589.782,18840.59405
589.974,18563.7607
590.166,18710.27556
590.358,18777.30361
590.55,19110.20132
590.741,18916.5924
590.933,19253.72608
591.125,18819.66335
591.317,18862.27226
591.509,19206.88119
591.701,19253.4769
591.892,19206.63202
592.084,19584.63039
592.276,19255.4703
592.468,19304.30859
592.659,19580.89276
592.851,19318.26239
593.043,19602.82016
593.234,19756.56109
593.426,19482.96702
593.618,19748.83667
593.809,19909.05615
594.001,19968.85813
594.193,19911.79707
594.384,19888.6238
594.576,19836.29707
594.767,19838.53964
594.959,19908.05945
595.15,19900.5842
595.342,20188.13207
595.533,20297.76904
595.725,20154.74263
595.916,20209.31194
596.108,20192.11887
596.299,20277.83504
596.491,20144.77563
596.682,20322.68653
596.873,20478.42086
597.065,20409.89776
597.256,20298.76574
597.447,20253.66507
597.639,20330.9093
597.83,20614.2212
598.021,20413.88455
598.213,20689.97038
598.404,20633.65684
598.595,20610.2344
598.786,20235.97365
598.978,20547.44232
599.169,20444.2839
599.36,20743.29381
599.551,20482.90601
599.742,20589.3037
599.934,20749.27401
600.125,20656.83011
600.316,20698.94067
600.507,20422.85485
600.698,20629.42087
600.889,20668.04298
601.08,20636.39777
601.271,20578.83836
601.462,20545.44892
601.653,20630.16839
601.844,20830.75421
602.035,20521.02977
602.226,20696.19975
602.417,20493.86971
602.608,20370.02977
602.799,20596.2806
602.99,20472.68984
603.181,20368.03637
603.372,20962.56775
603.563,20535.98027
603.754,20696.6981
603.944,20458.23769
604.135,20555.41591
604.326,20462.22449
604.517,20296.77234
604.708,20494.61723
604.898,20359.06607
605.089,20284.31359
605.28,20462.97202
605.471,20456.99182
605.661,20243.4489
605.852,20097.68157
606.043,20232.23603
606.233,20009.22447
606.424,19991.53305
606.615,20445.77894
606.805,19979.82183
606.996,19812.1271
607.186,19878.40763
607.377,19673.83501
607.568,19958.89113
607.758,19667.85481
607.949,19913.29212
608.139,19781.47858
608.33,19651.90762
608.52,19408.96206
608.711,19610.04623
608.901,19592.10563
609.092,19176.48185
609.282,19438.61388
609.472,19078.05775
609.663,19002.30858
609.853,19312.03301
610.044,19034.95049
610.234,18877.97029
610.424,18883.45213
610.615,19122.66007
610.805,18559.7739
610.995,18717.00328
611.185,18604.37621
611.376,18194.9818
611.566,18610.85476
611.756,18500.96862
611.946,18297.64187
612.137,18550.8036
612.327,18236.59402
612.517,18195.23098
612.707,18205.69632
612.897,18139.91414
613.087,17953.03294
613.277,17876.53624
613.468,17679.93722
613.658,17633.83986
613.848,17671.2161
614.038,17563.8217
614.228,17660.2524
614.418,17740.48673
614.608,17361.99001
614.798,17193.04941
614.988,17290.97516
615.178,17127.76558
615.368,16948.85798
615.558,17208.9966
615.748,16834.73586
615.937,17163.89594
616.127,16778.92067
616.317,16551.42396
616.507,16552.91901
616.697,16490.12693
616.887,16637.14014
617.077,16295.02296
617.266,16500.84145
617.456,16079.48665
617.646,15930.23086
617.836,16123.34143
618.025,16050.83153
618.215,15689.02953
618.405,15846.00974
618.595,15662.11864
618.784,15760.79191
618.974,15437.61203
619.164,15574.40906
619.353,15558.96022
619.543,15268.42225
619.732,15165.513
619.922,15198.65327
620.112,15004.04765
620.301,14968.41563
620.491,15017.00474
620.68,14897.1516
620.87,14782.78031
621.059,14863.76216
621.249,14770.32156
621.438,14551.54597
621.628,14745.1549
621.817,14505.44861
622.006,14331.77369
622.196,14393.07072
622.385,14258.76543
622.575,14351.20933
622.764,14069.39249
622.953,14077.86443
623.143,13951.53274
623.332,14195.97335
623.521,14056.93374
623.711,13855.35122
623.9,13998.87598
624.089,13678.18785
624.278,13780.10039
624.468,13522.95186
624.657,13609.66474
624.846,13445.20929
625.035,13468.13338
625.224,13486.57232
625.413,13356.00466
625.603,13224.19112
625.792,13074.18781
625.981,13142.21257
626.17,12945.61355
626.359,13031.5789
626.548,13057.24392
626.737,13299.44195
626.926,12854.16635
627.115,12745.27691
627.304,12801.59044
627.493,12693.94687
627.682,12767.70265
627.871,12539.45841
628.06,12596.51947
628.249,12608.2307
628.438,12377.49471
628.627,12412.3792
628.816,12416.61517
629.004,12257.89074
629.193,12237.95675
629.382,12273.83794
629.571,12256.39569
629.76,12161.46005
629.949,12037.86928
630.137,12050.07885
630.326,12015.69271
630.515,11976.57225
630.704,11750.81976
630.892,11788.44518
631.081,11655.38576
631.27,11760.53758
631.458,11517.34285
631.647,11636.69764
631.836,11559.70259
632.024,11636.44847
632.213,11547.49302
632.401,11533.29005
632.59,11524.31975
632.779,11452.80654
632.967,11196.15637
633.156,11305.54416
633.344,11215.84119
633.533,11276.88904
633.721,10967.16461
633.91,11081.5359
634.098,10963.92533
634.286,10868.98968
634.475,10832.85932
634.663,10823.63985
634.852,10638.50287
635.04,10801.71245
635.228,10539.33125
635.417,10659.43357
635.605,10555.52762
635.793,11248.98145
635.982,10300.87084
636.17,10481.77184
636.358,10354.69263
636.547,10221.13487
636.735,10168.30978
636.923,10149.37249
637.111,10038.48964
637.299,10152.36258
637.488,10001.1134
637.676,10066.14806
637.864,9942.55729
638.052,9768.88237
638.24,9888.73551
638.428,9629.59358
638.616,9628.09853
638.804,9677.68434
638.992,9487.81305
639.18,9545.62163
639.369,9590.47312
639.557,9489.05892
639.745,9312.64307
639.933,9327.59357
640.12,9134.483
640.308,9259.31964
640.496,9217.20907
640.684,8995.69256
640.872,9212.9731
641.06,8958.31632
641.248,8978.49949
641.436,8991.20741
641.624,8720.85261
641.811,8654.07373
641.999,8647.34601
642.187,8783.89387
642.375,8667.77835
642.563,8582.06218
642.75,8558.39056
642.938,8618.69089
643.126,8424.8328
643.314,8383.96811
643.501,8387.20738
643.689,8233.9648
643.877,8019.17601
644.064,8128.31463
644.252,8006.71726
644.439,8245.67602
644.627,8043.0968
644.815,8107.38393
645.002,7870.41858
645.19,7825.81626
645.377,7928.97468
645.565,7651.14464
645.752,7794.42022
645.94,7694.00273
646.127,7589.8476
646.315,7480.95816
646.502,7638.43672
646.69,7364.09512
646.877,7584.11658
647.064,7372.31789
647.252,7102.21227
647.439,7240.50435
647.627,7138.59181
647.814,7182.19742
648.001,7195.65287
648.189,7092.74362
648.376,7035.18421
648.563,6849.05054
648.75,6993.32282
648.938,6940.99609
649.125,6898.63635
649.312,6785.51093
649.499,6723.71555
649.686,6812.92017
649.874,6778.53403
650.061,6764.33106
650.248,6716.73865
650.435,6740.65944
650.622,6404.02411
650.809,6401.78154
650.996,6288.15777
651.183,6365.402
651.37,6321.29804
651.557,6350.20233
651.744,6273.20727
651.931,6219.13631
652.118,6068.38548
652.305,6181.5109
652.492,6037.98614
652.679,6019.29802
652.866,5988.40033
653.053,6007.5868
653.24,5877.26831
653.427,5798.77821
653.614,5848.11484
653.801,5785.82111
653.987,5693.62639
654.174,5538.88876
654.361,5602.92671
654.548,5621.36566
654.735,5509.23694
654.921,5510.23364
655.108,5399.59997
655.295,5516.46301
655.481,5439.21878
655.668,5361.47621
655.855,5259.56366
656.041,5246.10821
656.228,5264.79633
656.415,5218.20062
656.601,5107.31778
656.788,5124.26167
656.975,5049.01084
657.161,4940.1214
657.348,5117.0356
657.534,5124.76002
657.721,4824.50423
657.907,4901.00093
658.094,4873.84087
658.28,4947.84582
658.467,4724.33591
658.653,4798.09169
658.84,4644.35076
659.026,4861.88047
659.212,4731.81116
659.399,4676.7435
659.585,4527.23854
659.771,4705.64779
659.958,4484.8788
660.144,4471.9217
660.33,5091.12141
660.517,4415.359
660.703,4376.73688
660.889,4264.35899
661.075,4366.76988
661.262,4319.42665
661.448,4335.87219
661.634,4350.07516
661.82,4134.28967
662.006,4084.70386
662.193,4132.54545
662.379,4168.92499
662.565,4126.56525
662.751,4070.50089
662.937,4049.07185
663.123,4018.67251
663.309,3969.33587
663.495,4065.51739
663.681,3946.66095
663.867,3960.1164
664.053,3841.75831
664.239,3933.45468
664.425,3743.83256
664.611,3708.94807
664.797,3732.61969
664.983,3727.63619
665.169,3734.86226
665.355,3601.05532
665.541,3695.99097
665.726,3590.3408
665.912,3479.20878
666.098,3551.71869
666.284,3513.59492
666.47,3499.64113
666.655,3417.16423
666.841,3427.87875
667.027,3408.94145
667.213,3494.15928
667.398,3415.66918
667.584,3427.62957
667.77,3344.65432
667.955,3331.19888
668.141,3263.17412
668.327,3239.5025
668.512,3433.60977
668.698,3321.23188
668.884,3145.56355
669.069,3118.40348
669.255,3134.10151
669.44,3083.76817
669.626,3179.70052
669.811,3010.01239
669.997,2963.41668
670.182,2966.90513
670.368,2963.1675
670.553,2846.05529
670.739,2924.29621
670.924,2907.35232
671.109,2907.35232
671.295,2920.55859
671.48,2819.39357
671.665,2788.99423
671.851,2814.1609
672.036,2804.94142
672.221,2744.89026
672.407,2840.57344
672.592,2744.14274
672.777,2761.58499
672.962,2589.65428
673.148,2632.51237
673.333,2656.93151
673.518,2576.44801
673.703,2604.85395
673.888,2600.86716
674.074,2454.10312
674.259,2551.03217
674.444,2511.16418
674.629,2426.69388
674.814,2539.32095
674.999,2405.01566
675.184,2369.63282
675.369,2430.18233
675.554,2410.74668
675.739,2337.48925
675.924,2346.45955
676.109,2318.30278
676.294,2263.23512
676.479,2374.11797
676.664,2314.31599
676.849,2262.23843
677.034,2290.14602
677.219,2261.98925
677.404,2195.21037
677.588,2167.55195
677.773,2208.41664
677.958,2219.87869
678.143,2077.84898
678.328,2164.81103
678.512,2202.68562
678.697,2177.26977
678.882,2199.94469
679.067,2069.6262
679.251,2019.04369
679.436,2024.77472
679.621,2104.26152
679.805,2172.53545
679.99,1996.86712
680.175,1963.72686
680.359,1866.29946
680.544,1886.48263
680.729,1911.6493
680.913,2045.20706
681.098,1825.1856
681.282,1935.57009
681.467,1894.45623
681.651,1796.03213
681.836,1817.71035
682.02,1834.1559
682.205,1870.28626
682.389,1904.92158
682.573,1835.1526
682.758,1769.37041
682.942,1730.49912
683.127,1853.84071
683.311,1786.81266
683.495,1763.88857
683.68,1819.70375
683.864,1711.31265
684.048,1732.24335
684.233,1635.56348
684.417,1782.82586
684.601,1673.18889
684.785,1686.64434
684.97,1596.69219
685.154,1741.21365
685.338,1678.91991
685.522,1680.16579
685.706,1591.45951
685.89,1526.67403
686.075,1573.26974
686.259,1484.56347
686.443,1660.97932
686.627,1443.69878
686.811,1563.55192
686.995,1540.37865
687.179,1481.32419
687.363,1527.91991
687.547,1504.99581
687.731,1490.79284
687.915,1567.53872
688.099,1355.24168
688.283,1415.04366
688.467,1455.41
688.651,1303.91164
688.835,1426.50571
689.018,1340.78953
689.202,1379.16247
689.386,1289.4595
689.57,1491.78954
689.754,1290.95455
689.938,1287.96445
690.121,1227.16577
690.305,1217.19877
690.489,1266.03705
690.673,1283.72847
690.856,1329.82584
691.04,1376.9199
691.224,1189.29118
691.407,1139.45619
691.591,1321.60306
691.775,1167.11461
691.958,1217.69712
692.142,1235.63771
692.325,1198.51065
692.509,1367.9496
692.693,1116.78127
692.876,1151.16741
693.06,1107.31262
693.243,1128.74167
693.427,1104.82088
693.61,1087.87698
693.794,1065.45124
693.977,1090.86708
694.16,1104.82088
694.344,1159.14101
694.527,1121.26642
694.711,1076.66411
694.894,979.23671
695.077,1049.25487
695.261,977.49249
695.444,1017.1113
695.627,1017.1113
695.811,1074.67071
695.994,973.25651
696.177,1001.91163
696.36,993.19051
696.543,1025.83242
696.727,1070.18556
696.91,1012.1278
697.093,881.06179
697.276,962.79117
697.459,935.38192
697.642,1011.1311
697.826,896.01228
698.009,925.41493
698.192,923.42153
698.375,878.57004
698.558,914.94958
698.741,975.49909
698.924,995.68226
699.107,866.36047
699.29,791.35881
699.473,1001.1641
699.656,924.16905
699.839,838.70205
700.022,838.70205
700.205,978.98754
700.387,722.83571
700.57,814.53208
700.753,793.35221
700.936,819.76476
701.119,830.47928
701.302,673.99742
701.484,787.87036
701.667,770.42812
701.85,683.21689
702.033,730.56013
702.215,874.08489
702.398,766.93967
702.581,853.1542
702.763,712.37036
702.946,772.91987
703.129,652.56838
703.311,707.38686
703.494,650.82415
703.677,814.78126
703.859,731.55683
704.042,623.91326
704.224,610.95616
704.407,694.42977
704.589,689.94462
704.772,639.61128
704.954,646.58818
705.137,683.21689
705.319,749.7466
705.502,670.75815
705.684,583.29775
705.866,615.19214
706.049,651.3225
706.231,722.08818
706.414,606.47102
706.596,663.78125
706.778,671.00732
706.961,640.85716
707.143,750.7433
707.325,620.42481
707.507,541.68553
707.69,602.73339
707.872,537.44956
708.054,655.80765
708.236,566.10468
708.418,544.92481
708.601,523.99411
708.783,503.56177
708.965,529.22679
709.147,526.48586
709.329,528.72844
709.511,424.82249
709.693,511.03702
709.875,568.59643
710.057,476.90005
710.239,395.9182
710.421,481.13603
710.603,477.3984
710.785,400.9017
710.967,450.48751
711.149,463.19543
711.331,546.41986
711.513,423.07827
711.695,416.10137
711.877,474.65748
712.059,537.20038
712.24,401.8984
712.422,429.55681
712.604,500.07332
712.786,432.29774
712.968,353.55846
713.149,385.20368
713.331,562.36705
713.513,400.9017
713.695,353.80764
713.876,403.14427
714.058,412.36374
714.24,361.78123
714.421,365.02051
714.603,410.12117
714.785,365.26968
714.966,392.9281
715.148,422.82909
715.329,458.46111
715.511,351.31589
715.692,353.55846
715.874,232.70862
716.055,389.19048
716.237,354.05681
716.418,314.18882
716.6,205.54855
716.781,240.68222
716.963,271.82908
717.144,378.9743
717.325,272.07826
717.507,350.31919
717.688,348.82414
717.87,382.9611
718.051,305.96605
718.232,311.4479
718.413,282.79278
718.595,463.19543
718.776,326.89674
718.957,409.12447
719.138,256.38024
719.32,299.98585
719.501,310.70037
719.682,219.25317
719.863,228.72182
720.044,280.55021
720.225,208.78783
720.407,214.0205
720.588,333.12612
720.769,263.85549
720.95,341.84724
721.131,195.83073
721.312,256.13106
721.493,167.17561
721.674,234.95119
721.855,317.67727
722.036,261.61291
722.217,260.61621
722.398,224.23667
722.579,192.09311
722.76,168.42149
722.94,256.87859
723.121,183.37198
723.302,160.44789
723.483,172.15911
723.664,215.51555
723.845,161.94294
724.025,227.47595
724.206,197.32578
724.387,244.41984
724.568,320.66737
724.748,257.37694
724.929,180.63106
725.11,216.0139
725.29,147.73997
725.471,154.21852
725.652,112.35713
725.832,220.9974
726.013,219.004
726.194,158.70367
726.374,96.90828
726.555,183.62116
726.735,356.79774
726.916,240.43304
727.096,148.73667
727.277,341.84724
727.457,257.12776
727.638,120.33073
727.818,168.91984
727.999,153.47099
728.179,87.93799
728.359,171.66076
728.54,83.70201
728.72,249.40334
728.9,105.13106
729.081,109.11785
729.261,184.86703
729.441,311.4479
729.622,88.18716
729.802,72.73831
729.982,168.42149
730.162,190.34888
730.343,197.82413
730.523,77.72181
730.703,106.37693
730.883,194.83403
731.063,103.13766
731.243,159.94954
731.424,205.0502
731.604,86.69211
731.784,23.90003
731.964,207.79113
732.144,112.10795
732.324,81.45944
732.504,38.85052
732.684,215.76472
732.864,102.88848
733.044,176.89344
733.224,90.92808
733.404,31.37528
733.584,12.43798
733.764,208.78783
733.943,128.05515
734.123,105.62941
734.303,115.09805
734.483,160.44789
734.663,148.23832
734.843,203.80433
735.022,77.72181
735.202,159.20202
735.382,144.25152
735.562,51.30927
735.741,32.87033
735.921,228.971
736.101,71.74162
736.281,90.42974
736.46,104.63271
736.64,152.97264
736.819,72.73831
736.999,77.72181
737.179,267.34394
737.358,172.65746
737.538,-9.98776
737.717,67.00729
737.897,106.62611
738.076,245.66572
738.256,75.72841
738.435,192.84063
738.615,72.98749
738.794,117.5898
738.974,58.28617
739.153,143.504
739.332,188.60466
739.512,138.02215
739.691,43.58485
739.871,47.32247
740.05,145.49739
740.229,34.1162
740.408,35.1129
740.588,108.6195
740.767,70.49574
740.946,157.45779
741.126,66.01059
741.305,57.04029
741.484,111.6096
741.663,129.05185
741.842,113.85218
742.021,170.91324
742.201,88.93469
742.38,131.04525
742.559,71.99079
742.738,16.92313
742.917,114.5997
743.096,280.30103
743.275,47.57165
743.454,51.80762
743.633,69.00069
743.812,238.93799
743.991,74.73171
744.17,24.39838
744.349,190.09971
744.528,133.537
744.707,82.20696
744.886,111.36043
745.064,19.16571
745.243,47.32247
745.422,76.72511
745.601,101.39343
745.78,156.46109
745.958,99.64921
746.137,48.56835
746.316,49.0667
746.495,199.56835
746.673,28.63435
746.852,55.79442
747.031,-16.46631
747.209,190.09971
747.388,103.63601
747.567,12.43798
747.745,105.13106
747.924,105.13106
748.103,135.77957
748.281,30.37858
748.46,127.5568
748.638,144.99904
748.817,162.93964
748.995,111.85878
749.174,119.5832
749.352,181.62776
749.531,124.5667
749.709,37.85382
749.888,135.03205
750.066,26.39178
750.244,72.98749
750.423,66.50894
750.601,18.41818
750.779,-9.24024
750.958,70.99409
751.136,43.33567
751.314,19.91323
751.493,60.77792
751.671,96.40993
751.849,100.14756
752.027,-44.12473
752.205,122.5733
752.384,89.68221
752.562,96.40993
752.74,46.32577
752.918,122.82248
753.096,109.6162
753.274,-24.19073
753.452,89.93139
753.63,26.89013
753.809,62.52214
753.987,73.73501
754.165,6.70696
754.343,44.58155
754.521,-13.47621
754.699,-10.98446
754.876,56.29277
755.054,93.66901
755.232,85.44624
755.41,22.65415
755.588,104.88188
755.766,55.79442
755.944,14.18221
756.122,-20.70228
756.3,69.24987
756.477,51.80762
756.655,29.88023
756.833,54.0502
757.011,101.39343
757.188,130.29772
757.366,109.11785
757.544,39.34887
757.721,81.21026
757.899,113.35383
758.077,116.34393
758.254,59.78122
758.432,98.15416
758.61,82.95449
758.787,85.94459
758.965,67.75482
759.142,81.95779
759.32,8.70036
759.497,83.95119
759.675,19.16571
759.852,-4.00756
760.03,234.70202
760.207,36.85713
760.385,36.1096
760.562,106.37693
760.74,79.96439
760.917,74.98089
761.094,82.95449
761.272,90.92808
761.449,24.1492
761.626,19.66405
761.804,-11.23364
761.981,76.47594
762.158,59.78122
762.335,-75.52077
762.513,75.72841
762.69,-28.17753
762.867,95.66241
763.044,114.5997
763.221,-6.00096
763.399,61.52544
763.576,-15.96796
763.753,49.0667
763.93,4.21521
764.107,-16.21714
764.284,10.19541
764.461,-35.15443
764.638,-41.13463
764.815,37.35547
764.992,5.95943
765.169,52.30597
765.346,73.73501
765.523,-2.01416
765.7,68.75152
765.877,202.80763
766.054,71.49244
766.231,143.00565
766.408,-25.18743
766.584,-51.59998
766.761,-55.58677
766.938,-13.97456
767.115,28.63435
767.292,67.50564
767.468,-7.49601
767.645,-122.36566
767.822,16.92313
767.999,-75.02242
768.175,-2.51251
768.352,-31.91516
768.529,-15.46961
768.705,80.96109
768.882,48.56835
769.059,-25.18743
769.235,41.34227
769.412,91.17726
769.588,40.84392
769.765,-55.83595
769.941,70.99409
770.118,-6.00096
770.294,90.92808
770.471,60.77792
770.647,187.10961
770.824,-10.23694
771,222.74162
771.177,-15.46961
771.353,-5.00426
771.529,-48.85905
771.706,48.07
771.882,118.83568
772.058,-35.65278
772.235,-6.49931
772.411,7.20531
772.587,67.00729
772.764,-26.18413
772.94,-29.17423
773.116,-86.98282
773.292,-138.31285
773.468,-12.72869
773.645,38.85052
773.821,-110.40526
773.997,-115.13958
774.173,195.08321
774.349,109.86538
774.525,-41.63298
774.701,7.95283
774.877,35.86043
775.053,16.17561
775.229,1.22511
775.405,138.02215
775.581,89.43304
775.757,-33.16103
775.933,-51.10163
776.109,-38.14453
776.285,-17.46301
776.461,18.41818
776.637,67.50564
776.813,17.91983
776.989,64.76472
777.165,-91.71714
777.34,-54.3409
777.516,-14.22374
777.692,29.88023
777.868,73.98419
778.043,67.00729
778.219,7.95283
778.395,-37.64618
778.571,-9.73859
778.746,79.96439
778.922,-20.95146
779.098,-32.16433
779.273,-63.3112
779.449,350.81754
779.624,-64.80625
779.8,7.20531
779.976,-38.89205
780.151,31.1261
780.327,-75.52077
780.502,48.31917
780.678,-46.3673
780.853,-9.98776
781.029,43.0865
781.204,150.97924
781.38,-30.66928
781.555,-61.3178
781.73,47.0733
781.906,60.77792
782.081,26.89013
782.256,-20.95146
782.432,-78.26169
782.607,-44.62308
782.782,69.99739
782.958,103.13766
783.133,-3.75839
783.308,109.11785
783.483,37.1063
783.659,-59.07522
783.834,20.41158
784.009,-76.51747
784.184,66.75812
784.359,63.26967
784.534,-83.49437
784.709,7.70366
784.885,-29.17423
785.06,-26.93166
785.235,45.57825
785.41,130.79607
785.585,9.69706
785.76,-23.69238
785.935,68.25317
786.11,-6.74849
786.285,-75.76994
786.46,185.11621
786.634,58.53534
786.809,128.5535
786.984,36.35878
787.159,-47.61318
787.334,-45.12143
787.509,72.23997
787.684,-10.98446
787.858,-90.22209
788.033,-110.40526
788.208,73.23666
788.383,-61.81615
788.557,33.1195
788.732,3.21851
788.907,-6.74849
789.082,-19.45641
789.256,31.37528
789.431,-9.24024
789.605,-21.44981
789.78,-12.72869
789.955,-0.51911
790.129,32.62115
790.304,10.19541
790.478,11.44128
790.653,-89.22539
790.827,-38.14453
791.002,-39.88875
791.176,-5.75179
791.351,95.16406
791.525,25.1459
791.7,-51.59998
791.874,13.68386
792.048,30.37858
792.223,-14.97126
792.397,52.80432
792.572,0.72676
792.746,-67.04882
792.92,-10.23694
793.094,37.1063
793.269,-41.3838
793.443,-61.81615
793.617,-23.69238
793.791,57.04029
793.966,78.96769
794.14,13.93303
794.314,4.96273
794.488,-30.66928
794.662,95.66241
794.836,-19.45641
795.01,4.71356
795.185,193.58816
795.359,95.41323
795.533,-18.45971
795.707,-93.46136
795.881,-61.06862
796.055,35.1129
796.229,-93.95971
796.403,-88.97621
796.577,26.1426
796.75,-39.63958
796.924,-103.67754
797.098,-75.52077
797.272,5.71026
797.446,175.39839
797.62,31.62445
797.794,-113.89371
797.967,14.68056
798.141,-114.89041
798.315,-63.3112
798.489,-54.83925
798.663,-60.3211
798.836,24.39838
799.01,-104.42506
799.184,-85.48777
799.357,-69.04222
799.531,62.27297
799.705,27.88683
799.878,70.49574
800.052,-0.02076
800.225,126.06175
800.399,52.80432
800.572,-25.43661
800.746,119.83238
800.92,108.6195
801.093,-63.3112
801.266,-59.3244
801.44,68.75152
801.613,-20.95146
801.787,30.1294
801.96,-95.70394
802.134,-31.66598
802.307,-9.24024
802.48,31.62445
802.654,-32.91186
802.827,-14.72209
803,14.18221
803.174,84.44954
803.347,8.70036
803.52,22.1558
803.693,25.39508
803.867,-31.91516
804.04,-41.3838
804.213,3.21851
804.386,-2.01416
804.559,-33.65938
804.732,56.79112
804.906,64.26637
805.079,218.0073
805.252,64.26637
805.425,2.96933
805.598,-42.62968
805.771,-19.45641
805.944,-39.63958
806.117,-104.67424
806.29,308.20862
806.463,166.17891
806.636,51.80762
806.809,25.89343
806.982,-103.92671
807.154,-2.01416
807.327,86.19376
807.5,95.91158
807.673,-18.70888
807.846,46.0766
808.019,-41.13463
808.191,58.78452
808.364,-31.66598
808.537,-8.24354
808.71,-49.3574
808.882,7.45448
809.055,81.70861
809.228,83.20366
809.4,-39.3904
809.573,-60.3211
809.746,-16.21714
809.918,-43.12803
810.091,-30.66928
810.263,-152.01747
810.436,-5.00426
810.609,4.21521
810.781,140.01555
810.954,-2.01416
811.126,-35.90195
811.299,53.80102
811.471,43.58485
811.643,89.93139
811.816,-7.99436
811.988,-65.05542
812.161,13.43468
812.333,-40.88545
812.505,131.04525
812.678,185.61456
812.85,89.93139
813.022,34.36538
813.195,-53.84255
813.367,-70.28809
813.539,-6.25014
813.711,81.45944
813.884,52.0568
814.056,29.1327
814.228,-59.07522
814.4,135.5304
814.572,49.81422
814.744,125.06505
814.917,1.22511
815.089,-28.92506
815.261,-93.95971
815.433,48.07
815.605,0.47759
815.777,-81.25179
815.949,55.04689
816.121,162.44129
816.293,-95.95311
816.465,-9.73859
816.637,-12.72869
816.809,141.01225
816.98,-40.13793
817.152,119.83238
817.324,-19.20723
817.496,-12.23034
817.668,24.1492
817.84,91.17726
818.011,20.90993
818.183,33.61785
818.355,-24.68908
818.527,-14.72209
818.698,-75.02242
818.87,-64.3079
819.042,-71.03562
819.214,-26.93166
819.385,-23.44321
819.557,14.18221
819.728,-41.3838
819.9,-26.93166
820.072,62.02379
820.243,28.38518
820.415,-6.74849
820.586,24.64755
820.758,52.80432
820.929,11.44128
821.101,96.40993
821.272,-64.80625
821.444,12.93633
821.615,168.17231
821.787,48.56835
821.958,-31.41681
822.129,-54.09172
822.301,-76.51747
822.472,-30.91846
822.643,19.66405
822.815,-36.89865
822.986,95.41323
823.157,-130.09008
823.328,29.88023
823.5,86.69211
823.671,33.36868
823.842,-78.26169
824.013,-35.4036
824.184,35.61125
824.356,26.89013
824.527,-2.51251
824.698,59.03369
824.869,59.28287
825.04,74.23336
825.211,-93.21219
825.382,-43.3772
825.553,-39.14123
825.724,-63.80955
825.895,72.73831
826.066,-36.89865
826.237,-65.3046
826.408,47.82082
826.579,-9.73859
826.75,-45.12143
826.921,-28.17753
827.092,18.41818
827.262,20.1624
827.433,14.43138
827.604,-45.86895
827.775,-29.92176
827.946,72.48914
828.116,-117.63133
828.287,-11.48281
828.458,46.82412
828.629,-21.94816
828.799,25.89343
828.97,-12.23034
829.141,102.63931
829.311,-14.72209
829.482,73.23666
829.652,-35.90195
829.823,-38.64288
829.994,79.71521
830.164,-27.92836
830.335,-34.65608
830.505,53.55185
830.676,-8.24354
830.846,48.07
831.017,-98.69404
831.187,-34.15773
831.357,24.89673
831.528,-14.22374
831.698,12.18881
831.869,17.42148
832.039,-4.50591
832.209,-57.58017
832.38,58.28617
832.55,-116.13628
832.72,102.88848
832.89,-61.81615
833.061,4.71356
833.231,-1.76499
833.401,18.41818
833.571,-51.3508
833.742,-27.43001
833.912,32.87033
834.082,38.85052
834.252,-77.51417
834.422,-30.66928
834.592,24.39838
834.762,-35.65278
834.932,-21.94816
835.102,-92.96301
835.272,-31.16763
835.442,-94.20889
835.612,29.38188
835.782,62.52214
835.952,42.83732
836.122,-170.45642
836.292,-0.51911
836.462,20.90993
836.632,63.26967
836.802,-152.765
836.972,-6.00096
837.141,-54.3409
837.311,-39.14123
837.481,13.18551
837.651,-61.3178
837.821,-12.97786
837.99,-9.24024
838.16,17.67066
838.33,17.91983
838.499,52.30597
838.669,156.71027
838.839,-50.60328
839.008,-46.86565
839.178,-157.49932
839.348,-24.19073
839.517,-11.48281
839.687,-38.3937
839.856,-8.99106
840.026,87.43964
840.195,-68.2947
840.365,-58.82605
840.534,87.43964
840.704,-43.3772
840.873,70.24657
841.042,38.85052
841.212,-102.93001
841.381,76.22676
841.551,60.03039
841.72,-37.397
841.889,18.66736
842.059,-90.72044
842.228,-41.13463
842.397,-60.3211
842.566,-3.75839
842.736,60.77792
842.905,63.02049
843.074,26.89013
843.243,-59.3244
843.412,44.33237
843.582,-91.46796
843.751,-63.06202
843.92,-7.99436
844.089,-13.97456
844.258,-101.18579
844.427,-29.92176
844.596,13.43468
844.765,-41.13463
844.934,69.00069
845.103,19.41488
845.272,-13.22704
845.441,-43.62638
845.61,61.52544
845.779,26.64095
845.948,48.56835
846.117,6.70696
846.286,-2.26334
846.454,74.98089
846.623,-22.19733
846.792,95.41323
846.961,-67.79635
847.13,-45.12143
847.298,106.87528
847.467,-8.74189
847.636,147.98914
847.805,-20.70228
847.973,17.17231
848.142,-92.21549
848.311,65.26307
848.479,-7.74519
848.648,41.59145
848.816,-20.45311
848.985,-126.10328
849.154,45.32907
849.322,-56.58347
849.491,-64.3079
849.659,38.35217
849.828,-0.51911
849.996,12.93633
850.165,-44.3739
850.333,55.29607
850.501,31.87363
850.67,-38.64288
850.838,-23.44321
851.007,-25.43661
851.175,-28.17753
851.343,57.04029
851.512,-38.3937
851.68,-85.23859
851.848,-32.41351
852.016,-32.16433
852.185,18.91653
852.353,-73.52737
852.521,-17.46301
852.689,-44.12473
852.857,78.96769
853.026,57.04029
853.194,-56.3343
853.362,67.75482
853.53,-2.76169
853.698,-103.67754
853.866,-0.02076
854.034,-104.67424
854.202,-27.43001
854.37,-114.89041
854.538,-113.14618
854.706,-16.96466
854.874,-74.77324
855.042,-47.11483
855.21,77.22346
855.378,-60.07192
855.546,-72.53067
855.713,-2.76169
855.881,6.45778
856.049,15.17891
856.217,-33.16103
856.385,-97.44816
856.553,-116.63463
856.72,-41.13463
856.888,-74.52407
857.056,-20.20393
857.223,91.17726
857.391,-59.82275
857.559,86.19376
857.726,-4.75509
857.894,-27.92836
858.062,-23.19403
858.229,32.37198
858.397,128.05515
858.564,29.63105
858.732,-38.14453
858.899,81.21026
859.067,-4.25674
859.234,121.07825
859.402,28.63435
859.569,-64.55707
859.737,-72.28149
859.904,-4.50591
860.072,42.0898
860.239,-61.56697
860.406,107.12446
860.574,56.29277
860.741,110.36373
860.908,31.1261
861.076,-103.92671
861.243,111.36043
861.41,-86.48447
861.577,521.25319
861.745,49.56505
861.912,28.63435
862.079,-95.70394
862.246,10.94293
862.413,-63.56037
862.58,5.95943
862.748,21.40828
862.915,67.00729
863.082,-60.57027
863.249,138.5205
863.416,112.10795
863.583,70.99409
863.75,17.42148
863.917,95.41323
864.084,20.41158
864.251,-21.69898
864.418,6.45778
864.585,63.02049
864.751,56.04359
864.918,-64.80625
865.085,-27.92836
865.252,22.65415
865.419,13.43468
865.586,-10.48611
865.752,11.44128
865.919,-55.08842
866.086,173.40499
866.253,6.45778
866.419,-82.24849
866.586,-73.27819
866.753,-29.67258
866.919,2.96933
867.086,-116.38546
867.253,-71.28479
867.419,-72.77984
867.586,29.63105
867.752,-71.53397
867.919,-34.65608
868.085,58.03699
868.252,11.19211
868.418,-33.41021
868.585,1.47429
868.751,8.70036
868.918,-46.86565
869.084,12.43798
869.251,-16.46631
869.417,-89.97291
869.583,44.58155
869.75,2.47098
869.916,-43.87555
870.082,39.59805
870.249,11.44128
870.415,69.00069
870.581,47.82082
870.747,15.67726
870.914,-12.23034
871.08,-23.44321
871.246,12.93633
871.412,-69.04222
871.578,140.76307
871.744,-26.93166
871.911,48.31917
872.077,-8.74189
872.243,-53.09502
872.409,-87.23199
872.575,-59.3244
872.741,-34.4069
872.907,26.64095
873.073,-128.8442
873.239,9.69706
873.405,36.85713
873.571,-61.56697
873.737,43.83402
873.902,-40.88545
874.068,29.63105
874.234,141.75977
874.4,-64.55707
874.566,-20.95146
874.732,54.29937
874.897,-15.71879
875.063,-50.85245
875.229,76.47594
875.395,96.65911
875.56,-78.51087
875.726,-52.84585
875.892,-110.40526
876.057,52.80432
876.223,-11.73199
876.389,82.95449
876.554,-87.97951
876.72,10.19541
876.885,-60.07192
877.051,64.51554
877.217,-88.22869
877.382,-50.10493
877.548,-15.46961
877.713,-38.89205
877.878,-41.13463
878.044,-45.61978
878.209,-92.46466
878.375,49.56505
878.54,4.46438
878.705,-37.397
878.871,-44.62308
879.036,125.31423
879.201,-61.56697
879.367,4.71356
879.532,-22.69568
879.697,-12.23034
879.863,-102.93001
880.028,19.41488
880.193,-29.67258
880.358,-29.92176
880.523,7.45448
880.688,-14.97126
880.854,-58.07852
881.019,39.84722
881.184,31.1261
881.349,27.38848
881.514,29.38188
881.679,-95.45476
881.844,48.56835
882.009,-79.75674
882.174,107.37363
882.339,105.38023
882.504,120.5799
882.669,74.48254
882.834,-4.75509
882.999,-97.69734
883.163,-26.43331
883.328,38.35217
883.493,-45.3706
883.658,75.97759
883.823,-7.99436
883.988,-7.24684
884.152,106.12776
884.317,49.56505
884.482,39.0997
884.646,-25.93496
884.811,102.88848
884.976,-52.59667
885.14,-54.3409
885.305,-50.85245
885.47,15.17891
885.634,-53.84255
885.799,-29.92176
885.963,127.05845
886.128,-1.01746
886.292,-135.07358
886.457,-13.97456
886.621,-78.26169
886.786,66.01059
886.95,-120.87061
887.115,46.82412
887.279,-51.10163
887.444,-47.86235
887.608,105.87858
887.772,-70.53727
887.937,136.77627
888.101,148.98584
888.265,90.18056
888.43,-25.43661
888.594,-11.48281
888.758,87.19046
888.922,33.1195
889.087,33.86703
889.251,13.43468
889.415,38.35217
889.579,-50.60328
889.743,-30.91846
889.907,4.46438
890.071,-47.364
890.236,14.43138
890.4,-130.8376
890.564,6.20861
890.728,44.83072
890.892,49.81422
891.056,-34.15773
891.22,-72.03232
891.384,39.84722
891.548,-2.26334
891.711,100.39673
891.875,97.90498
892.039,-119.87391
892.203,68.75152
892.367,-0.51911
892.531,-9.24024
892.695,-83.74354
892.858,-25.43661
893.022,-8.24354
893.186,-49.10823
893.35,-39.3904
893.513,-46.3673
893.677,20.66075
893.841,31.37528
894.004,229.46935
894.168,-9.24024
894.332,49.31587
894.495,-80.50427
894.659,86.69211
894.822,4.21521
894.986,51.80762
895.149,-88.72704
895.313,172.40829
895.476,13.18551
895.64,-70.78644
895.803,19.66405
895.967,92.42313
896.13,-32.91186
896.294,24.39838
896.457,24.39838
