195.513,-326.50222
195.729,-326.50222
195.945,-326.50222
196.161,-326.50222
196.378,-334.22664
196.594,-82.06161
196.81,-87.54346
197.026,72.9252
197.242,-52.90814
197.458,-52.90814
197.674,96.59681
197.89,-13.28933
198.106,127.49451
198.322,-35.96425
198.538,11.62816
198.754,-37.4593
198.97,53.48955
199.186,-33.72167
199.402,68.19087
199.618,-16.5286
199.834,72.42685
200.049,30.81463
200.265,11.62816
200.481,61.21397
200.697,300.67108
200.913,57.72553
201.129,50.25028
201.345,-15.03355
201.56,112.54401
201.776,-50.66557
201.992,24.83443
202.208,65.69912
202.424,-71.34709
202.639,-6.06326
202.855,76.912
203.071,1.16282
203.287,29.07041
203.502,-5.81408
203.718,67.69252
203.934,50.9978
204.15,10.63146
204.365,-64.86854
204.581,72.42685
204.797,-84.05501
205.012,35.29978
205.228,-50.91474
205.444,-71.84544
205.659,-4.06986
205.875,57.47635
206.091,47.26018
206.306,97.34434
206.522,74.66942
206.737,24.08691
206.953,75.9153
207.168,31.81133
207.384,86.38064
207.6,50.25028
207.815,108.55721
208.031,-42.94115
208.246,20.10011
208.462,3.90374
208.677,-8.80418
208.893,-28.73818
209.108,18.60506
209.323,-75.58306
209.539,-8.30583
209.754,91.86249
209.97,76.66282
210.185,25.33278
210.401,-86.04841
210.616,105.56711
210.831,29.56876
211.047,4.90044
211.262,-13.5385
211.477,96.09846
211.693,-31.22992
211.908,65.44995
212.123,-21.76128
212.339,12.87404
212.554,-19.26953
212.769,88.12487
212.985,-16.03025
213.2,-69.60286
213.415,54.23708
213.63,-42.19362
213.846,-44.93455
214.061,-101.9956
214.276,96.84599
214.491,-39.70187
214.706,-11.54511
214.922,-29.98405
215.137,71.9285
215.352,-52.16062
215.567,-22.01045
215.782,52.74203
215.997,-10.79758
216.212,-29.98405
216.428,-15.03355
216.643,-8.55501
216.858,-104.73653
217.073,72.17767
217.288,-63.12432
217.503,-9.55171
217.718,-90.53356
217.933,85.38394
218.148,45.0176
218.363,-28.98735
218.578,192.77834
218.793,-40.4494
219.008,-57.14412
219.223,29.81793
219.438,-116.19858
219.653,-31.97745
219.868,42.52585
220.083,-46.4296
220.298,29.07041
220.512,-22.5088
220.727,-46.18042
220.942,41.52916
221.157,21.59516
221.372,-64.86854
221.587,25.58196
221.802,28.57206
222.016,37.79153
222.231,39.53576
222.446,43.77173
222.661,61.46315
222.876,15.36579
223.09,-6.56161
223.305,27.32618
223.52,2.90704
223.735,36.29648
223.949,67.44335
224.164,26.08031
224.379,-13.04015
224.594,126.99616
224.808,-21.76128
225.023,34.30308
225.238,-19.5187
225.452,188.79154
225.667,42.52585
225.882,57.72553
226.096,116.03246
226.311,-0.33223
226.525,-1.32893
226.74,38.04071
226.955,110.79979
227.169,35.79813
227.384,-10.54841
227.598,-112.71013
227.813,4.15292
228.027,35.29978
228.242,25.08361
228.456,-68.60616
228.671,8.38889
228.885,68.19087
229.1,87.37734
229.314,24.83443
229.529,-71.59626
229.743,17.11001
229.958,55.9813
230.172,-29.4857
230.386,35.29978
230.601,117.27833
230.815,-7.80748
231.03,71.43015
231.244,-7.55831
231.458,34.30308
231.673,-0.83058
231.887,-50.41639
232.101,85.13477
232.316,-40.4494
232.53,121.01596
232.744,-142.36194
232.958,70.18427
233.173,10.13311
233.387,-5.81408
233.601,-47.92464
233.815,179.57207
234.03,83.39054
234.244,-11.54511
234.458,-74.08801
234.672,72.67602
234.886,53.24038
235.101,62.21067
235.315,-15.78108
235.529,51.24698
235.743,93.60672
235.957,-78.82234
236.171,2.40869
236.385,84.38724
236.599,230.9021
236.814,-6.31243
237.028,-32.4758
237.242,74.42025
237.456,15.86414
237.67,-10.29923
237.884,44.27008
238.098,-25.74808
238.312,-62.62597
238.526,-49.17052
238.74,18.10671
238.954,-7.80748
239.168,97.34434
239.382,91.61332
239.596,4.65127
239.81,21.34599
240.024,38.78823
240.237,-53.65567
240.451,8.13971
240.665,-47.92464
240.879,-17.27613
241.093,-80.31739
241.307,-67.36029
241.521,45.26678
241.734,7.89054
241.948,67.9417
242.162,-7.55831
242.376,66.19747
242.59,30.31628
242.803,77.16117
243.017,14.11991
243.231,-42.94115
243.445,-45.18372
243.658,-24.75138
243.872,-63.12432
244.086,98.09186
244.3,54.48625
244.513,-43.93785
244.727,-69.60286
244.941,69.9351
245.154,-78.32399
245.368,119.77008
245.582,94.35424
245.795,-33.4725
246.009,57.47635
246.222,120.01926
246.436,-1.32893
246.65,-66.86194
246.863,112.29484
247.077,-14.78438
247.29,1.41199
247.504,-7.30913
247.717,32.80803
247.931,53.48955
248.144,44.76843
248.358,-36.71177
248.571,160.88395
248.785,-37.95765
248.998,10.63146
249.212,54.23708
249.425,-25.4989
249.639,93.85589
249.852,3.15622
250.065,-124.9197
250.279,141.19913
250.492,161.13312
250.706,-67.60946
250.919,-70.35039
251.132,44.27008
251.346,-20.01705
251.559,23.33939
251.772,172.09682
251.986,86.38064
252.199,53.48955
252.412,-17.5253
252.625,2.90704
252.839,-14.5352
253.052,-42.4428
253.265,-66.36359
253.478,24.58526
253.692,-38.20682
253.905,24.58526
254.118,11.12981
254.331,-3.32233
254.544,-67.85864
254.758,33.30638
254.971,34.55226
255.184,-28.73818
255.397,142.19583
255.61,5.89714
255.823,-25.99725
256.036,29.31958
256.249,96.34764
256.462,82.14467
256.676,-28.98735
256.889,26.32948
257.102,131.4813
257.315,-41.4461
257.528,22.84104
257.741,-92.02861
257.954,-15.28273
258.167,13.87074
258.38,71.18097
258.593,22.34269
258.806,-73.58966
259.019,51.9945
259.231,33.80473
259.444,118.02586
259.657,-5.81408
259.87,99.58691
260.083,68.68922
260.296,232.64633
260.509,-25.99725
260.722,192.77834
260.935,23.83773
261.147,28.07371
261.36,-3.32233
261.573,154.4054
261.786,-44.18702
261.999,47.50935
262.211,-2.32563
262.424,46.26348
262.637,-114.70353
262.85,4.15292
263.062,-141.61442
263.275,77.65952
263.488,-40.4494
263.7,31.81133
263.913,-109.47085
264.126,34.80143
264.338,136.71398
264.551,-47.67547
264.764,55.9813
264.976,103.07536
265.189,13.62156
265.402,-2.32563
265.614,-19.26953
265.827,32.80803
266.039,-147.59462
266.252,35.54896
266.465,34.55226
266.677,56.47965
266.89,20.84764
267.102,-21.01375
267.315,46.76183
267.527,109.30474
267.74,-40.69857
267.952,-46.18042
268.165,-34.4692
268.377,-33.72167
268.589,-13.5385
268.802,97.84269
269.014,106.06546
269.227,104.32124
269.439,130.48461
269.651,-48.92134
269.864,-3.32233
270.076,60.9648
270.289,52.74203
270.501,-29.98405
270.713,110.05226
270.926,277.74699
271.138,42.27668
271.35,64.70242
271.562,9.88394
271.775,44.76843
271.987,78.15787
272.199,-59.88504
272.411,-5.56491
272.624,92.61002
272.836,-70.35039
273.048,-56.64577
273.26,-91.28108
273.472,43.77173
273.685,8.38889
273.897,0.41529
274.109,36.79483
274.321,-96.51376
274.533,114.28823
274.745,-12.5418
274.957,8.13971
275.17,-53.90484
275.382,-59.38669
275.594,2.40869
275.806,-23.75468
276.018,-58.63917
276.23,52.24368
276.442,-28.73818
276.654,-32.72497
276.866,70.9318
277.078,157.14632
277.29,-60.63257
277.502,-3.32233
277.714,-15.5319
277.926,-1.32893
278.138,-35.71507
278.35,72.67602
278.562,-63.12432
278.773,-17.27613
278.985,-34.4692
279.197,28.32288
279.409,69.43675
279.621,-25.24973
279.833,45.76513
280.045,-32.22662
280.256,-23.00715
280.468,-55.89824
280.68,21.34599
280.892,11.12981
281.104,16.11331
281.315,-5.31573
281.527,-7.55831
281.739,-14.28603
281.951,41.52916
282.162,78.90539
282.374,125.50111
282.586,36.04731
282.797,-6.31243
283.009,-24.25303
283.221,88.87239
283.432,69.9351
283.644,-80.06821
283.856,77.65952
284.067,-57.14412
284.279,88.12487
284.49,44.0209
284.702,-101.9956
284.914,122.51101
285.125,70.9318
285.337,-118.69033
285.548,-16.5286
285.76,30.81463
285.971,77.16117
286.183,117.02916
286.394,-74.58636
286.606,-18.27283
286.817,40.78163
287.029,63.20737
287.24,-66.11441
287.452,108.80639
287.663,139.95325
287.874,-31.72827
288.086,40.03411
288.297,64.9516
288.509,13.87074
288.72,-58.63917
288.931,189.28989
289.143,62.70902
289.354,64.9516
289.565,-31.22992
289.777,140.70078
289.988,103.07536
290.199,6.64466
290.411,7.89054
290.622,-32.22662
290.833,-30.73157
291.044,-77.32729
291.256,2.90704
291.467,20.10011
291.678,-39.4527
291.889,31.56216
292.1,21.34599
292.312,-4.31903
292.523,120.76678
292.734,203.49286
292.945,-59.38669
293.156,-50.91474
293.367,42.52585
293.578,0.41529
293.789,-15.28273
294.001,62.45985
294.212,9.38559
294.423,-120.68372
294.634,-6.56161
294.845,113.29153
295.056,-49.91804
295.267,-56.39659
295.478,90.36744
295.689,-10.29923
295.9,693.61995
296.111,-59.63587
296.322,-35.71507
296.533,-32.97415
296.744,-32.4758
296.954,34.30308
297.165,-63.12432
297.376,45.76513
297.587,-57.89164
297.798,44.76843
298.009,16.61166
298.22,46.51265
298.431,66.69582
298.641,-42.69197
298.852,5.64797
299.063,-18.522
299.274,72.67602
299.485,-2.07646
299.695,58.47305
299.906,-66.11441
300.117,-60.13422
300.328,28.32288
300.538,62.45985
300.749,-75.08471
300.96,12.62486
301.171,52.9912
301.381,-86.29758
301.592,7.39219
301.803,10.38229
302.013,-61.62927
302.224,13.62156
302.434,63.20737
302.645,-36.96095
302.856,53.24038
303.066,-57.64247
303.277,77.41034
303.487,-42.69197
303.698,-35.21672
303.908,-86.79593
304.119,-11.04676
304.33,-49.91804
304.54,-35.96425
304.751,-76.82894
304.961,-46.4296
305.171,-46.18042
305.382,-136.38175
305.592,102.57701
305.803,20.10011
306.013,-9.55171
306.224,50.74863
306.434,174.33939
306.644,-13.5385
306.855,-35.96425
307.065,-24.75138
307.276,76.16447
307.486,15.86414
307.696,23.33939
307.907,60.71562
308.117,-91.28108
308.327,104.32124
308.537,39.28658
308.748,-28.489
308.958,-56.89494
309.168,-36.21342
309.379,78.90539
309.589,-23.75468
309.799,-60.88174
310.009,-12.5418
310.219,112.79318
310.43,-15.28273
310.64,30.81463
310.85,-4.31903
311.06,74.66942
311.27,44.0209
311.48,20.59846
311.69,92.11167
311.901,27.57536
312.111,78.40704
312.321,-31.97745
312.531,41.52916
312.741,-68.10781
312.951,74.17107
313.161,82.39384
313.371,11.12981
313.581,49.75193
313.791,-28.98735
314.001,-34.96755
314.211,52.74203
314.421,97.09516
314.631,50.74863
314.841,15.61496
315.051,32.80803
315.261,33.55556
315.47,-14.28603
315.68,4.40209
315.89,-51.91144
316.1,-74.08801
316.31,79.90209
316.52,-9.80088
316.73,9.13641
316.939,92.85919
317.149,46.0143
317.359,-4.31903
317.569,22.59186
317.779,130.73378
317.988,33.55556
318.198,-50.66557
318.408,85.63312
318.618,-32.4758
318.827,77.41034
319.037,-34.71837
319.247,99.83609
319.456,87.62652
319.666,65.9483
319.876,60.71562
320.085,70.9318
320.295,38.53906
320.505,48.75523
320.714,50.49945
320.924,125.99946
321.133,4.90044
321.343,44.0209
321.553,14.11991
321.762,-15.28273
321.972,-82.06161
322.181,82.39384
322.391,36.54566
322.6,27.07701
322.81,-16.77778
323.019,33.30638
323.229,33.80473
323.438,163.62487
323.648,137.95985
323.857,-10.54841
324.066,-38.456
324.276,-100.9989
324.485,35.79813
324.695,9.88394
324.904,6.14631
325.113,99.33774
325.323,43.0242
325.532,30.31628
325.741,-27.74148
325.951,73.9219
326.16,77.65952
326.369,54.73543
326.579,85.88229
326.788,-42.19362
326.997,13.12321
327.206,89.37074
327.416,18.60506
327.625,-36.4626
327.834,-36.4626
328.043,-47.17712
328.252,-98.50716
328.462,-13.28933
328.671,-28.98735
328.88,141.94665
329.089,-18.27283
329.298,-45.18372
329.507,-59.63587
329.716,57.22718
329.926,-19.5187
330.135,-4.56821
330.344,-53.15732
330.553,-40.69857
330.762,72.9252
330.971,38.78823
331.18,41.52916
331.389,-38.456
331.598,112.54401
331.807,-15.78108
332.016,48.0077
332.225,-65.86524
332.434,87.62652
332.643,50.49945
332.852,56.23048
333.06,-5.56491
333.269,26.32948
333.478,-65.36689
333.687,-37.21012
333.896,-10.54841
334.105,4.90044
334.314,45.26678
334.523,-25.00055
334.731,4.90044
334.94,118.02586
335.149,-37.4593
335.358,-49.41969
335.567,72.17767
335.775,159.13972
335.984,-61.38009
336.193,39.53576
336.402,47.50935
336.61,-35.96425
336.819,-19.76788
337.028,-29.98405
337.236,39.53576
337.445,3.15622
337.654,31.56216
337.862,-35.4659
338.071,27.57536
338.279,20.84764
338.488,-10.79758
338.697,35.54896
338.905,42.77503
339.114,117.77668
339.322,56.978
339.531,-75.58306
339.739,-35.71507
339.948,107.31134
340.157,-42.69197
340.365,45.26678
340.574,2.65787
340.782,-10.54841
340.99,-45.68207
341.199,-86.04841
341.407,-25.74808
341.616,-14.03685
341.824,-29.98405
342.033,14.11991
342.241,17.85754
342.449,8.88724
342.658,50.49945
342.866,46.76183
343.074,-11.04676
343.283,66.44665
343.491,68.9384
343.699,-22.75798
343.908,108.30804
344.116,-10.54841
344.324,30.56546
344.532,184.05721
344.741,-6.81078
344.949,-22.01045
345.157,-37.70847
345.365,-36.96095
345.574,-45.4329
345.782,86.87899
345.99,30.31628
346.198,-30.98075
346.406,111.04896
346.614,-27.24313
346.823,48.0077
347.031,32.06051
347.239,-9.80088
347.447,-11.29593
347.655,-79.07151
347.863,62.45985
348.071,55.73213
348.279,-31.4791
348.487,2.65787
348.695,-22.5088
348.903,-36.21342
349.111,-15.78108
349.319,40.28328
349.527,-79.81904
349.735,87.87569
349.943,113.04236
350.151,-5.31573
350.359,97.34434
350.567,40.53246
350.775,-0.33223
350.983,47.26018
351.19,47.26018
351.398,20.84764
351.606,-27.4923
351.814,-49.66887
352.022,21.59516
352.23,129.73708
352.437,-2.82398
352.645,49.75193
352.853,-114.70353
353.061,99.33774
353.269,61.9615
353.476,-11.54511
353.684,30.06711
353.892,-60.63257
354.099,42.27668
354.307,165.61827
354.515,116.77998
354.722,-62.87514
354.93,15.11661
355.138,2.90704
355.345,29.56876
355.553,-124.67052
355.761,60.71562
355.968,-80.31739
356.176,-46.18042
356.383,38.78823
356.591,26.32948
356.799,16.86084
357.006,-38.70517
357.214,18.85424
357.421,95.10176
357.629,1.66117
357.836,-75.83224
358.044,-32.22662
358.251,66.44665
358.458,-79.56986
358.666,-76.57976
358.873,-93.02531
359.081,31.06381
359.288,10.13311
359.496,-24.25303
359.703,-2.57481
359.91,-51.41309
360.118,18.35589
360.325,-100.9989
360.532,28.82123
360.74,18.85424
360.947,68.44005
361.154,-28.73818
361.362,-56.89494
361.569,10.38229
361.776,-88.04181
361.983,140.20243
362.191,-12.29263
362.398,-53.65567
362.605,-19.02035
362.812,-43.68867
363.019,-12.5418
363.227,-38.20682
363.434,-94.52036
363.641,88.37404
363.848,84.88559
364.055,85.38394
364.262,71.18097
364.469,-106.23158
364.676,78.65622
364.883,-82.31079
365.091,-68.10781
365.298,19.60176
365.505,60.46645
365.712,197.26349
365.919,-67.60946
366.126,93.60672
366.333,781.5787
366.54,47.75853
366.747,-18.02365
366.954,87.37734
367.16,-7.05996
367.367,24.58526
367.574,192.27999
367.781,6.89384
367.988,18.10671
368.195,-5.06656
368.402,3.65457
368.609,-31.22992
368.816,-52.90814
369.022,-34.4692
369.229,-180.98406
369.436,63.9549
369.643,-112.71013
369.85,-63.37349
370.056,117.02916
370.263,-8.05666
370.47,129.23873
370.677,-28.98735
370.883,22.34269
371.09,-1.57811
371.297,40.53246
371.503,-11.79428
371.71,-10.79758
371.917,-87.79263
372.123,149.4219
372.33,-38.20682
372.537,-68.10781
372.743,-102.9923
372.95,94.10507
373.156,43.0242
373.363,58.9714
373.57,-62.37679
373.776,196.26679
373.983,-18.522
374.189,-94.52036
374.396,37.04401
374.602,-4.56821
374.809,79.90209
375.015,-3.57151
375.222,-99.50386
375.428,-8.30583
375.634,-11.04676
375.841,-19.5187
376.047,-58.38999
376.254,88.12487
376.46,107.56051
376.666,54.73543
376.873,-10.79758
377.079,-3.07316
377.286,-36.96095
377.492,48.25688
377.698,36.04731
377.904,90.36744
378.111,123.25853
378.317,-75.33389
378.523,-138.62432
378.73,-6.56161
378.936,-28.489
379.142,21.09681
379.348,-15.28273
379.554,115.53411
379.761,13.37239
379.967,101.82949
380.173,-22.75798
380.379,-52.40979
380.585,-23.00715
380.791,90.86579
380.997,-9.30253
381.204,-94.02201
381.41,73.17437
381.616,8.13971
381.822,-45.18372
382.028,-20.5154
382.234,-38.95435
382.44,-74.33719
382.646,-2.07646
382.852,-63.37349
383.058,-48.92134
383.264,51.24698
383.47,-130.40155
383.676,-30.98075
383.882,-126.66392
384.088,20.59846
384.294,-96.76293
384.5,-23.75468
384.705,-74.83554
384.911,17.60836
385.117,-70.35039
385.323,77.41034
385.529,37.79153
385.735,7.89054
385.941,10.38229
386.146,122.26183
386.352,2.15952
386.558,22.09351
386.764,2.40869
386.969,14.86744
387.175,-9.30253
387.381,68.44005
387.587,-62.62597
387.792,-12.29263
387.998,38.28988
388.204,-64.61937
388.409,-14.28603
388.615,9.13641
388.821,145.68428
389.026,38.78823
389.232,-84.80253
389.438,54.73543
389.643,-9.05336
389.849,13.87074
390.054,-51.41309
390.26,-56.14742
390.465,6.89384
390.671,-77.32729
390.876,-79.32069
391.082,91.61332
391.287,-76.82894
391.493,-39.95105
391.698,59.9681
391.904,135.4681
392.109,186.29979
392.315,-120.9329
392.52,6.89384
392.726,-48.17382
392.931,39.03741
393.136,26.82783
393.342,-55.15072
393.547,-11.54511
393.752,108.05886
393.958,58.22388
394.163,8.13971
394.368,-110.9659
394.574,65.9483
394.779,-128.15897
394.984,166.61497
395.19,-40.69857
395.395,-13.5385
395.6,81.39714
395.805,93.85589
396.01,-70.59956
396.216,213.21068
396.421,9.63476
396.626,-40.69857
396.831,80.40044
397.036,-78.07481
397.241,-108.22498
397.447,48.50605
397.652,-2.32563
397.857,-7.30913
398.062,-10.54841
398.267,-92.02861
398.472,-61.38009
398.677,44.27008
398.882,52.74203
399.087,24.33608
399.292,-69.35369
399.497,201.99781
399.702,-49.66887
399.907,25.08361
400.112,11.12981
400.317,-37.21012
400.522,23.83773
400.727,0.41529
400.932,47.011
401.137,-86.54676
401.341,92.61002
401.546,-30.23322
401.751,41.27998
401.956,4.15292
402.161,-2.32563
402.366,18.35589
402.57,-9.55171
402.775,1.16282
402.98,72.17767
403.185,39.53576
403.39,150.4186
403.594,41.52916
403.799,19.60176
404.004,15.86414
404.208,-55.39989
404.413,-16.03025
404.618,-69.10451
404.822,-40.69857
405.027,-102.74313
405.232,28.82123
405.436,-17.27613
405.641,-45.4329
405.846,-121.43125
406.05,108.30804
406.255,-55.39989
406.459,44.27008
406.664,68.44005
406.868,-79.56986
407.073,298.92686
407.277,131.23213
407.482,-14.78438
407.686,12.37569
407.891,-64.86854
408.095,-10.05006
408.3,23.09021
408.504,13.62156
408.709,-42.4428
408.913,43.27338
409.118,-66.36359
409.322,67.19417
409.526,58.47305
409.731,135.96645
409.935,-16.77778
410.139,6.64466
410.344,102.07866
410.548,26.08031
410.752,101.33114
410.957,67.19417
411.161,7.14301
411.365,-41.4461
411.569,137.71068
411.774,145.18593
411.978,30.56546
412.182,46.0143
412.386,-3.07316
412.59,92.61002
412.795,-7.05996
412.999,18.85424
413.203,45.51595
413.407,171.34929
413.611,31.31298
413.815,85.88229
414.019,127.99286
414.223,147.17933
414.427,30.81463
414.632,146.68098
414.836,-21.76128
415.04,34.05391
415.244,23.09021
415.448,85.88229
415.652,36.54566
415.856,101.58031
416.06,91.11497
416.264,72.42685
416.467,217.19748
416.671,68.9384
416.875,222.18098
417.079,167.86084
417.283,162.87735
417.487,79.90209
417.691,164.3724
417.895,159.13972
418.099,47.011
418.302,59.46975
418.506,63.9549
418.71,129.48791
418.914,68.19087
419.118,22.84104
419.321,58.9714
419.525,107.06216
419.729,158.64137
419.933,182.06382
420.136,74.9186
420.34,137.4615
420.544,199.25689
420.747,141.69748
420.951,98.34104
421.155,75.16777
421.358,104.57041
421.562,91.86249
421.766,166.86414
421.969,216.20078
422.173,127.24533
422.376,152.412
422.58,128.74038
422.783,124.00606
422.987,121.76348
423.19,173.84104
423.394,123.00936
423.597,138.95655
423.801,33.30638
424.004,275.25524
424.208,232.14798
424.411,123.25853
424.615,222.18098
424.818,111.04896
425.022,252.08197
425.225,179.57207
425.428,162.87735
425.632,262.29814
425.835,238.62652
426.038,192.52916
426.242,165.11992
426.445,98.83939
426.648,158.64137
426.852,208.47636
427.055,168.35919
427.258,309.3922
427.461,220.18758
427.665,329.3262
427.868,348.51267
428.071,317.3658
428.274,323.09683
428.477,320.3559
428.681,466.12324
428.884,122.01266
429.087,202.74533
429.29,216.44996
429.493,367.69914
429.696,322.3493
429.899,267.28164
430.102,310.3889
430.306,324.3427
430.509,287.96316
430.712,377.41696
430.915,240.61992
431.118,194.52256
431.321,281.73379
431.524,285.96976
431.727,262.04897
431.93,254.57372
432.133,280.73709
432.336,327.83115
432.538,290.20574
432.741,326.3361
432.944,314.87405
433.147,435.97307
433.35,505.74205
433.553,336.05392
433.756,368.94501
433.959,358.97802
434.161,520.94172
434.364,448.18264
434.567,507.48627
434.77,499.51268
434.973,473.34931
435.175,449.42852
435.378,634.06714
435.581,463.88066
435.784,433.73049
435.986,454.16284
436.189,524.18099
436.392,554.08199
436.594,504.74535
436.797,568.78331
437,652.25691
437.202,641.79156
437.405,599.18265
437.607,667.2074
437.81,748.68761
438.013,695.61335
438.215,606.90707
438.418,625.34602
438.62,659.98133
438.823,930.08696
439.025,870.78332
439.228,827.92523
439.43,782.32622
439.633,833.65626
439.835,844.86913
440.038,895.70082
440.24,983.65957
440.443,854.83613
440.645,952.5127
440.847,910.90049
441.05,885.48464
441.252,936.31633
441.455,1097.03416
441.657,1012.31468
441.859,1051.18597
442.062,898.19256
442.264,1001.60016
442.466,1056.91699
442.668,1070.12327
442.871,920.36913
443.073,933.32623
443.275,1044.45825
443.477,974.19092
443.68,1135.4071
443.882,938.80808
444.084,836.14801
444.286,912.64471
444.488,890.96649
444.69,922.61171
444.893,1008.32788
445.095,861.81302
445.297,727.25856
445.499,753.92028
445.701,740.46483
445.903,844.61995
446.105,743.45493
446.307,721.52754
446.509,737.72391
446.711,716.54404
446.913,642.28991
447.115,706.32787
447.317,709.81632
447.519,540.37736
447.721,532.15459
447.923,538.38397
448.125,421.52092
448.327,435.72389
448.529,475.09353
448.731,365.95491
448.933,432.23545
449.134,466.87076
449.336,406.32125
449.538,383.14798
449.74,396.35426
449.942,303.91036
450.144,461.88726
450.345,493.2833
450.547,286.21894
450.749,502.50278
450.951,281.98296
451.152,272.76349
451.354,302.66448
451.556,265.78659
451.757,351.75194
451.959,323.346
452.161,278.99286
452.362,242.8625
452.564,249.09187
452.766,226.16778
452.967,249.34105
453.169,288.46151
453.37,230.9021
453.572,196.26679
453.774,147.17933
453.975,237.62982
454.177,242.11497
454.378,200.75194
454.58,174.58857
454.781,231.64963
454.983,165.86745
455.184,181.31629
455.386,263.29484
455.587,243.8592
455.788,124.75358
455.99,121.01596
456.191,215.70243
456.393,235.63643
456.594,115.03576
456.795,137.4615
456.997,192.03081
457.198,186.54896
457.399,228.41035
457.601,123.25853
457.802,164.3724
458.003,239.62322
458.205,174.83774
458.406,44.76843
458.607,148.67437
458.808,122.01266
459.009,215.20408
459.211,122.26183
459.412,353.49617
459.613,191.78164
459.814,239.12487
460.015,174.83774
460.217,242.61332
460.418,328.3295
460.619,334.3097
460.82,277.49781
461.021,326.08693
461.222,375.42356
461.423,312.88065
461.624,137.95985
461.825,270.02257
462.026,192.03081
462.227,210.71893
462.428,302.91366
462.629,191.28329
462.83,414.7932
463.031,268.02917
463.232,209.97141
463.433,397.35096
463.634,254.8229
463.835,318.3625
464.036,357.98132
464.236,318.3625
464.437,358.72884
464.638,343.03082
464.839,396.85261
465.04,488.54898
465.241,431.23875
465.441,481.82126
465.642,484.81136
465.843,525.42687
466.044,492.2866
466.244,510.2272
466.445,422.01927
466.646,553.83281
466.847,543.36746
467.047,558.06878
467.248,625.84437
467.449,541.87241
467.649,735.97969
467.85,605.6612
468.05,656.24371
468.251,641.79156
468.452,647.52258
468.652,716.54404
468.853,746.19586
469.053,870.78332
469.254,770.86418
469.454,784.81797
469.655,894.20577
469.855,1008.57706
470.056,931.33283
470.256,999.85594
470.457,930.58531
470.657,1012.31468
470.858,985.15462
471.058,1195.95661
471.259,975.18762
471.459,1020.78663
471.659,1006.08531
471.86,1106.00446
472.06,1077.10016
472.26,1208.41535
472.461,1269.21404
472.661,1226.10677
472.861,1283.91536
473.062,1230.09357
473.262,1452.60678
473.462,1365.14638
473.662,1541.56223
473.863,1386.8246
474.063,1375.61173
474.263,1544.55233
474.463,1484.75035
474.663,1582.42692
474.864,1639.48798
475.064,1577.19425
475.264,1553.27346
475.464,1740.15465
475.664,1647.46158
475.864,1775.53749
476.064,1550.03418
476.264,1807.93023
476.464,1673.1266
476.664,1796.21901
476.864,1787.99624
477.064,1717.97808
477.265,1810.92033
477.464,1844.80812
477.664,1898.13156
477.864,1878.94509
478.064,1928.78008
478.264,2037.42034
478.464,2047.38734
478.664,1993.06721
478.864,1992.31968
479.064,2086.25863
479.264,1995.30978
479.464,2098.96655
479.663,2238.00616
479.863,2130.61177
480.063,2132.10682
480.263,2155.52926
480.463,2267.90715
480.663,2139.58207
480.862,2196.64312
481.062,2244.23554
481.262,2316.99462
481.461,2124.63157
481.661,2261.92696
481.861,2348.39066
482.061,2310.76524
482.26,2407.94347
482.46,2402.46162
482.66,2515.58704
482.859,2621.48638
483.059,2435.60188
483.258,2581.86757
483.458,2658.86262
483.658,2566.41872
483.857,2761.02434
484.057,2592.83126
484.256,2709.44513
484.456,2851.97319
484.655,2836.52435
484.855,2929.21742
485.054,2855.71081
485.254,2987.52435
485.453,3000.48145
485.653,3070.00125
485.852,3149.48806
486.051,3078.72238
486.251,3199.57222
486.45,3261.61678
486.649,3499.57883
486.849,3296.50127
487.048,3329.64153
487.248,3527.7356
487.447,3665.28016
487.646,3685.96168
487.845,3749.25211
488.045,3825.25047
488.244,3986.71582
488.443,3988.70922
488.642,3932.14651
488.842,4196.02276
489.041,4089.12672
489.24,4218.19933
489.439,4230.4089
489.638,4533.15644
489.838,4587.97493
490.037,4724.52279
490.236,4782.33137
490.435,4792.79672
490.634,4974.69442
490.833,4952.76703
491.032,5130.42875
491.231,5200.69608
491.43,5404.02282
491.629,5527.11524
491.828,5653.94528
492.027,5709.76046
492.226,5930.77863
492.425,5983.35454
492.624,6111.18128
492.823,6274.64003
493.022,6192.91065
493.221,6543.49978
493.42,6602.55424
493.619,6841.01465
493.818,6918.25887
494.017,7100.65492
494.216,7220.25889
494.414,7480.64669
494.613,7480.39752
494.812,7643.85627
495.011,7805.81998
495.21,7955.32493
495.408,7975.00975
495.607,8501.2672
495.806,8510.2375
496.005,8889.73092
496.203,9045.46525
496.402,8962.24083
496.601,9248.54282
496.799,9374.12698
496.998,9748.6369
497.197,9746.89268
497.395,10013.75903
497.594,10246.48841
497.793,10279.13033
497.991,10916.27063
498.19,11027.15347
498.388,11201.8251
498.587,11234.96536
498.785,11591.53469
498.984,12031.82679
499.182,12056.74428
499.381,12391.38621
499.579,12432.50008
499.778,12476.10569
499.976,12778.60405
500.175,13108.01331
500.373,13675.6338
500.572,13430.1965
500.77,13986.85329
500.968,14199.64868
501.167,13991.08926
501.365,14497.16355
501.564,14625.73781
501.762,15166.69658
501.96,15234.22299
502.159,15670.77747
502.357,16025.10422
502.555,16126.02006
502.753,16280.50852
502.952,16590.98048
503.15,16803.27752
503.348,17033.51516
503.546,17315.83035
503.745,17408.52343
503.943,17802.71817
504.141,18397.00038
504.339,18344.92282
504.537,18796.67696
504.735,18769.5169
504.933,19096.68358
505.132,19006.98061
505.33,19273.59778
505.528,19909.4922
505.726,20086.65558
505.924,20283.50377
506.122,20690.15726
506.32,20683.18036
506.518,21256.2827
506.716,21253.54177
506.914,21333.27775
507.112,21668.66721
507.31,22072.82894
507.508,22192.68209
507.706,22670.5996
507.904,23048.09962
508.101,23145.77619
508.299,23576.35047
508.497,23526.01714
508.695,23884.57986
508.893,23972.04026
509.091,24382.1822
509.289,24559.0964
509.486,24459.6756
509.684,24849.13601
509.882,25174.3093
510.08,25169.07663
510.277,25770.08656
510.475,25870.75323
510.673,26061.8704
510.871,26118.68228
511.068,26345.18229
511.266,26581.89848
511.464,26699.50905
511.661,26728.66251
511.859,27245.70049
512.056,27557.16915
512.254,27677.52065
512.452,27403.17905
512.649,28000.20218
512.847,27936.16422
513.044,28670.98109
513.242,28713.59
513.439,29092.3359
513.637,28926.13622
513.834,29458.87222
514.032,29614.60655
514.229,29019.82599
514.427,29787.78313
514.624,29937.53726
514.822,29862.03726
515.019,30473.51254
515.217,30367.36402
515.414,30203.65609
515.611,30515.87227
515.809,30675.34423
516.006,30877.17592
516.203,31445.54394
516.401,31338.89707
516.598,31226.27
516.795,31705.68256
516.993,31429.59674
517.19,31726.61326
517.387,31817.31293
517.584,32252.12319
517.781,32544.40538
517.979,32459.18755
518.176,32616.41693
518.373,32505.53409
518.57,32764.67602
518.767,32623.14466
518.964,33102.05887
519.162,33045.24699
519.359,33505.72226
519.556,33024.06712
519.753,33742.18927
519.95,33636.78827
520.147,33579.47804
520.344,33738.20247
520.541,33887.70743
520.738,33906.14637
520.935,34122.43021
521.132,34041.94671
521.329,34155.57048
521.526,34436.14145
521.723,34291.12164
521.92,34359.14639
522.117,34844.28998
522.314,34739.13816
522.511,34817.37909
522.707,34160.05563
522.904,34333.48138
523.101,35172.95172
523.298,34899.60682
523.495,34909.57382
523.692,34472.52099
523.888,34870.9517
524.085,34698.0243
524.282,34937.97976
524.479,34841.05071
524.675,35385.49793
524.872,34842.04741
525.069,34938.22893
525.266,35160.24379
525.462,35147.53587
525.659,34845.03751
525.856,34833.57546
526.052,35053.09857
526.249,34815.63487
526.445,34537.80482
526.642,34725.18437
526.839,35245.7108
527.035,34749.10516
527.232,35333.66955
527.428,34471.77346
527.625,35020.70583
527.821,35300.28011
528.018,34745.86589
528.214,35071.28834
528.411,34742.87579
528.607,34435.14475
528.804,34452.58699
529,34792.71077
529.196,34746.86259
529.393,34250.7553
529.589,34627.50779
529.786,34648.93684
529.982,34449.59689
530.178,33860.29818
530.375,34780.25203
530.571,34467.53749
530.767,34393.53254
530.963,34332.48468
531.16,34311.05563
531.356,34127.16453
531.552,34374.84442
531.748,33944.76849
531.945,34129.65628
532.141,33951.74538
532.337,33975.66618
532.533,33760.62821
532.729,34140.86916
532.926,33691.85593
533.122,33989.3708
533.318,34064.8708
533.514,33844.35099
533.71,33518.18101
533.906,33782.05726
534.102,33527.89883
534.298,33485.28992
534.494,33313.11004
534.69,33580.72391
534.886,32876.30639
535.082,33199.2371
535.278,33323.07704
535.474,33115.51432
535.67,33297.66119
535.866,32904.71233
536.062,32778.13146
536.258,32683.94334
536.454,33061.69253
536.65,32331.11164
536.846,32827.71727
537.041,32530.70076
537.237,32582.52914
537.433,32660.02255
537.629,32001.45321
537.825,31972.29974
538.02,32401.12979
538.216,32329.86576
538.412,32023.13143
538.608,32161.17434
538.803,31412.1545
538.999,31789.40534
539.195,31697.70897
539.39,31320.7073
539.586,31369.79476
539.782,31477.93668
539.977,31433.83272
540.173,31248.94492
540.369,30566.95313
540.564,31287.31786
540.76,31112.14788
540.955,30546.52079
541.151,31027.17923
541.347,31201.60168
541.542,30841.79308
541.738,30535.30792
541.933,30501.6693
542.129,30289.62144
542.324,30891.62807
542.519,30175.74849
542.715,29720.75507
542.91,30423.1792
543.106,30449.59174
543.301,29930.56036
543.497,29721.75177
543.692,30236.79635
543.887,29737.69897
544.083,29220.41181
544.278,29750.65606
544.473,29641.76662
544.669,29746.66926
544.864,29150.14448
545.059,29292.42337
545.254,29418.25671
545.45,29166.59003
545.645,29483.78971
545.84,29180.29465
546.035,28899.97285
546.23,28937.59827
546.426,28670.23357
546.621,28784.35568
546.816,28822.23027
547.011,28395.89197
547.206,28370.22695
547.401,28032.09657
547.596,28470.89362
547.791,28368.98108
547.986,28264.57678
548.181,27973.54046
548.376,27984.50416
548.572,28095.387
548.767,27790.89524
548.961,27716.89028
549.156,27546.95298
549.351,27725.86058
549.546,27548.44803
549.741,27426.85067
549.936,27210.06848
550.131,27220.783
550.326,27051.09487
550.521,26852.25328
550.716,27208.8226
550.911,27194.61963
551.105,27050.8457
551.3,26836.55526
551.495,26554.24006
551.69,26657.64766
551.885,26852.50245
552.079,26475.25161
552.274,26117.93476
552.469,26177.48757
552.664,26109.96116
552.858,26020.75654
553.053,25904.64102
553.248,26131.63938
553.442,26061.12287
553.637,25930.05686
553.832,25622.32582
554.026,25451.39182
554.221,25363.68225
554.415,25463.60139
554.61,25286.93637
554.804,25769.33903
554.999,25178.79445
555.194,25189.75814
555.388,25177.54857
555.583,24679.44789
555.777,25218.66244
555.972,25120.98586
556.166,24675.46109
556.36,24616.90498
556.555,24470.6393
556.749,24501.28781
556.944,24563.33237
557.138,24414.32576
557.332,24211.74654
557.527,24426.03698
557.721,24273.7911
557.915,23931.42475
558.11,23894.54686
558.304,24160.41651
558.498,23945.12937
558.693,23686.98414
558.887,23636.40163
559.081,23531.24981
559.275,23399.93462
559.47,23227.2564
559.664,23542.96103
559.858,23237.72174
560.052,23080.74154
560.246,22977.33394
560.44,23156.98906
560.635,22861.71677
560.829,22588.37187
561.023,22832.31413
561.217,22768.027
561.411,22468.76791
561.605,22483.22005
561.799,22264.19529
561.993,22157.29925
562.187,22266.68704
562.381,22135.62103
562.575,21997.57812
562.769,21975.15237
562.963,21706.04345
563.157,21970.66722
563.351,21623.81572
563.545,21450.14079
563.739,21215.91636
563.933,21535.10945
564.126,21325.30415
564.32,21364.92297
564.514,21126.21339
564.708,21034.01866
564.902,21024.79919
565.096,20960.51206
565.289,20554.35692
565.483,20560.58629
565.677,20767.89984
565.871,20643.56155
566.064,20306.92622
566.258,20472.37837
566.452,20547.38002
566.645,19971.53676
566.839,19963.31399
567.033,19998.946
567.226,20119.54667
567.42,19809.57305
567.614,19809.0747
567.807,19732.578
568.001,19459.48228
568.194,19601.26281
568.388,19543.20505
568.581,19301.2562
568.775,19309.47897
568.969,19245.69019
569.162,18765.28092
569.355,19170.93771
569.549,19006.98061
569.742,18809.63406
569.936,18786.70997
570.129,18517.35187
570.323,18219.33865
570.516,18316.51687
570.709,18408.21325
570.903,18336.45087
571.096,18318.2611
571.289,18202.14558
571.483,17883.45085
571.676,18082.04326
571.869,17652.21651
572.063,17812.43599
572.256,17907.62081
572.449,17633.27922
572.642,17582.94588
572.836,17567.74621
573.029,17148.13563
573.222,17304.86666
573.415,17280.69669
573.608,17389.08778
573.802,17003.86334
573.995,17081.10757
574.188,16906.18677
574.381,16939.32704
574.574,16940.82209
574.767,16661.74616
574.96,16649.53659
575.153,16501.52668
575.346,16528.68675
575.539,16610.41613
575.732,16340.55968
575.925,16437.7379
576.118,16404.59764
576.311,16361.2412
576.504,16305.67519
576.697,16249.86
576.89,16131.00356
577.083,16059.98871
577.276,16216.71974
577.469,16060.98541
577.661,16007.16362
577.854,15907.74283
578.047,15807.32533
578.24,16067.71313
578.433,16041.54976
578.626,15756.74282
578.818,16029.83854
579.011,16178.84515
579.204,16086.15208
579.397,16075.68673
579.589,15851.18012
579.782,15851.92764
579.975,15906.9953
580.167,15949.10586
580.36,16000.18672
580.553,16106.08607
580.745,16057.49696
580.938,16260.57453
581.13,16206.00522
581.323,15991.21643
581.516,15934.65372
581.708,16362.73625
581.901,16218.96231
582.093,16246.37156
582.286,15977.26263
582.478,16680.18511
582.671,16407.58773
582.863,16229.67683
583.056,16491.06134
583.248,16594.46893
583.44,16608.17355
583.633,16616.6455
583.825,16678.69006
584.018,16580.76431
584.21,16683.67356
584.402,16868.56136
584.595,16796.79898
584.787,16846.63396
584.979,16893.9772
585.172,16840.65376
585.364,17151.62408
585.556,17163.3353
585.748,17106.02506
585.941,16861.58446
586.133,17241.07788
586.325,17296.14554
586.517,17166.57457
586.709,17449.63729
586.901,17251.7924
587.094,17309.10263
587.286,17342.49207
587.478,17539.09109
587.67,17659.94093
587.862,17560.52014
588.054,17580.95248
588.246,17597.89638
588.438,17913.10266
588.63,18029.9657
588.822,17811.93764
589.014,17873.9822
589.206,18144.58617
589.398,17974.64887
589.59,17979.13402
589.782,18149.81885
589.974,17973.90135
590.166,18107.20993
590.358,18179.96901
590.55,18417.43272
590.741,18192.42776
590.933,18565.94098
591.125,18087.77429
591.317,18225.31885
591.509,18491.93602
591.701,18588.36672
591.892,18509.37827
592.084,18691.52514
592.276,18307.54658
592.468,18538.03339
592.659,18647.17201
592.851,18497.91622
593.043,18701.99049
593.234,18850.9971
593.426,18578.15055
593.618,18802.65716
593.809,18918.02516
594.001,18993.02681
594.193,18992.03011
594.384,18861.21327
594.576,18835.0499
594.767,18795.43109
594.959,18947.4278
595.15,18842.52515
595.342,19074.25784
595.533,19226.00537
595.725,19074.75619
595.916,19070.76939
596.108,19116.3684
596.299,19230.73969
596.491,19073.26114
596.682,19301.00702
596.873,19287.3024
597.065,19242.45091
597.256,19149.25949
597.447,19042.11427
597.639,19219.52682
597.83,19382.48722
598.021,19223.76279
598.213,19423.60109
598.404,19294.2793
598.595,19306.73805
598.786,18946.92945
598.978,19237.71659
599.169,19221.52022
599.36,19414.87997
599.551,19174.92451
599.742,19114.375
599.934,19441.79086
600.125,19303.74795
600.316,19299.76115
600.507,19056.56642
600.698,19295.77435
600.889,19232.23474
601.08,19273.09943
601.271,19116.61757
601.462,19139.54167
601.653,18954.90304
601.844,19280.3255
602.035,19104.90635
602.226,19180.90471
602.417,18950.66707
602.608,18930.4839
602.799,19041.8651
602.99,18837.0433
603.181,18876.41294
603.372,19363.54993
603.563,18985.30239
603.754,19091.94926
603.944,19002.74463
604.135,18910.05156
604.326,18861.9608
604.517,18630.47729
604.708,18850.24957
604.898,18701.74132
605.089,18628.73306
605.28,18778.73637
605.471,18675.57795
605.661,18567.6852
605.852,18367.09938
606.043,18395.50533
606.233,18277.39641
606.424,18334.20829
606.615,18818.60436
606.805,18274.15714
606.996,18164.52017
607.186,18174.98551
607.377,17936.52511
607.568,18117.4261
607.758,18090.01686
607.949,18122.90795
608.139,17952.72148
608.33,17976.14392
608.52,17791.5053
608.711,17895.90959
608.901,17782.78417
609.092,17445.15214
609.282,17645.98714
609.472,17260.26435
609.663,17232.35675
609.853,17479.03993
610.044,17324.3023
610.234,17098.54982
610.424,16984.67687
610.615,17272.47392
610.805,16727.27917
610.995,17038.00031
611.185,16772.87818
611.376,16433.00358
611.566,16829.19172
611.756,16632.84187
611.946,16592.97388
612.137,16553.85342
612.327,16558.08939
612.517,16279.01347
612.707,16343.05143
612.897,16305.67519
613.087,16152.18343
613.277,16117.29894
613.468,15852.92434
613.658,15941.63062
613.848,15825.76427
614.038,15811.81048
614.228,15836.4788
614.418,15722.35668
614.608,15643.86657
614.798,15418.61244
614.988,15426.08769
615.178,15318.94247
615.368,15198.09262
615.558,15438.79561
615.748,14963.61902
615.937,15255.15368
616.127,14968.60251
616.317,14855.72627
616.507,14783.71472
616.697,14689.02824
616.887,14924.24938
617.077,14658.37973
617.266,14717.18501
617.456,14466.26586
617.646,14291.09588
617.836,14345.41601
618.025,14329.71799
618.215,14059.86154
618.405,14094.99521
618.595,13963.18167
618.784,13912.59916
618.974,13785.76912
619.164,13908.36319
619.353,13878.71137
619.543,13652.21136
619.732,13558.02324
619.922,13625.54964
620.112,13435.92752
620.301,13432.93742
620.491,13386.09253
620.68,13279.19649
620.87,13218.89616
621.059,13225.62388
621.249,13210.67338
621.438,13011.33344
621.628,13171.55292
621.817,12919.38789
622.006,12789.31858
622.196,12859.08756
622.385,12688.6519
622.575,12816.47864
622.764,12605.67665
622.953,12590.72616
623.143,12464.14529
623.332,12715.06445
623.521,12508.7476
623.711,12411.56938
623.9,12430.00833
624.089,12167.8763
624.278,12228.17663
624.468,12198.77399
624.657,12162.64363
624.846,11957.32348
625.035,12002.17497
625.224,12145.45056
625.413,11894.03305
625.603,11838.21787
625.792,11679.24426
625.981,11711.13865
626.17,11612.96373
626.359,11650.0908
626.548,11579.82347
626.737,11804.33008
626.926,11476.41587
627.115,11365.28385
627.304,11502.57924
627.493,11376.24755
627.682,11390.69969
627.871,11257.64028
628.06,11218.51982
628.249,11210.04787
628.438,11107.88615
628.627,11120.34489
628.816,11037.36964
629.004,10961.62046
629.193,10993.01651
629.382,10946.17162
629.571,10889.60891
629.76,10894.59241
629.949,10615.26731
630.137,10843.76072
630.326,10826.81683
630.515,10739.35643
630.704,10570.91417
630.892,10610.03464
631.081,10478.2211
631.27,10462.2739
631.458,10285.3597
631.647,10383.28545
631.836,10375.31185
632.024,10311.77225
632.213,10328.21779
632.401,10314.264
632.59,10182.20128
632.779,10280.62538
632.967,9969.40589
633.156,10028.70953
633.344,10013.26068
633.533,10089.25903
633.721,9850.30028
633.91,9917.07916
634.098,9820.64846
634.286,9709.51644
634.475,9690.0808
634.663,9645.72766
634.852,9468.06593
635.04,9677.1237
635.228,9395.05768
635.417,9401.03788
635.605,9397.7986
635.793,10067.08247
635.982,9159.08902
636.17,9390.07418
636.358,9238.825
636.547,9155.60057
636.735,9100.03456
636.923,9024.03621
637.111,8931.59231
637.299,9060.16657
637.488,8931.84148
637.676,9003.10551
637.864,8824.94544
638.052,8788.06755
638.24,8820.95864
638.428,8665.72266
638.616,8606.91738
638.804,8676.93553
638.992,8490.30351
639.18,8517.46358
639.369,8549.85632
639.557,8450.43552
639.745,8342.79195
639.933,8262.55762
640.12,8156.90745
640.308,8235.64673
640.496,8286.22924
640.684,8031.57246
640.872,8194.03452
641.06,7978.74738
641.248,7946.10546
641.436,8102.83649
641.624,7786.88268
641.811,7713.37608
641.999,7717.61205
642.187,7848.92724
642.375,7740.78532
642.563,7648.09224
642.75,7619.6863
642.938,7648.34142
643.126,7531.72755
643.314,7438.28695
643.501,7465.44702
643.689,7293.01797
643.877,7176.65328
644.064,7244.42886
644.252,7108.13017
644.439,7294.01467
644.627,7197.08562
644.815,7191.10542
645.002,7025.65327
645.19,6907.29518
645.377,7009.70607
645.565,6763.77042
645.752,6870.41729
645.94,6850.98164
646.127,6738.85292
646.315,6709.20111
646.502,6788.18956
646.69,6573.64995
646.877,6732.87273
647.064,6516.33971
647.252,6361.35291
647.439,6442.83311
647.627,6357.11693
647.814,6337.68129
648.001,6372.06743
648.189,6190.4189
648.376,6197.14663
648.563,6087.26048
648.75,6191.16643
648.938,6148.05917
649.125,6139.08887
649.312,6015.99645
649.499,6017.74068
649.686,6025.4651
649.874,6000.79678
650.061,5929.28358
650.248,5964.91559
650.435,5952.20767
650.622,5685.34132
650.809,5681.6037
650.996,5524.12514
651.183,5618.31326
651.37,5583.1796
651.557,5594.64165
651.744,5491.7324
651.931,5439.40566
652.118,5391.81325
652.305,5543.56079
652.492,5290.64823
652.679,5223.62018
652.866,5315.8149
653.053,5271.46176
653.24,5132.67133
653.427,5114.48156
653.614,5160.32974
653.801,5136.65812
653.987,5024.28023
654.174,4934.57726
654.361,4941.55415
654.548,4960.9898
654.735,4908.66306
654.921,4867.30003
655.108,4755.91883
655.295,4845.87098
655.481,4806.50134
655.668,4714.80497
655.855,4648.77361
656.041,4672.44523
656.228,4632.32807
656.415,4556.57889
656.601,4504.00298
656.788,4465.63004
656.975,4434.48317
657.161,4414.3
657.348,4506.49473
657.534,4484.81651
657.721,4257.56897
657.907,4295.94191
658.094,4283.48316
658.28,4424.01782
658.467,4180.07557
658.653,4225.67458
658.84,4143.9452
659.026,4281.48976
659.212,4188.54752
659.399,4103.57886
659.585,3982.9782
659.771,4109.80824
659.958,3952.82803
660.144,3937.13001
660.33,4587.2274
660.517,3929.65476
660.703,3899.75377
660.889,3763.45509
661.075,3915.20262
661.262,3801.0805
661.448,3844.93529
661.634,3797.0937
661.82,3614.94683
662.006,3596.50788
662.193,3674.49963
662.379,3661.04419
662.565,3715.6135
662.751,3586.29171
662.937,3652.07389
663.123,3494.34616
663.309,3446.50457
663.495,3604.73065
663.681,3511.53923
663.867,3524.99468
664.053,3426.07223
664.239,3445.2587
664.425,3350.57223
664.611,3277.56397
664.797,3300.73724
664.983,3309.70754
665.169,3339.60853
665.355,3154.72073
665.541,3305.47156
665.726,3126.31479
665.912,3072.24383
666.098,3076.72898
666.284,3088.93855
666.47,3122.07882
666.655,2992.25868
666.841,2963.85273
667.027,3024.15307
667.213,3066.51281
667.398,3052.30983
667.584,3081.4633
667.77,2956.62666
667.955,2890.34613
668.141,2924.73227
668.327,2863.18606
668.512,3030.63162
668.698,2925.97815
668.884,2793.91543
669.069,2770.49299
669.255,2705.95668
669.44,2693.74711
669.626,2845.99299
669.811,2604.04414
669.997,2601.30321
670.182,2614.50948
670.368,2657.36757
670.553,2480.95172
670.739,2543.99298
670.924,2527.79661
671.109,2537.51443
671.295,2563.17945
671.48,2490.17119
671.665,2445.07053
671.851,2497.64644
672.036,2475.46987
672.221,2369.57053
672.407,2511.10189
672.592,2380.53422
672.777,2451.79825
672.962,2286.09692
673.148,2313.50617
673.333,2330.69924
673.518,2271.64478
673.703,2331.19759
673.888,2348.14148
674.074,2149.29989
674.259,2190.66293
674.444,2177.95501
674.629,2094.4814
674.814,2224.55072
674.999,2065.82629
675.184,2065.57711
675.369,2132.85434
675.554,2124.3824
675.739,2085.01276
675.924,2009.76193
676.109,2065.07876
676.294,2016.73883
676.479,2086.75698
676.664,1977.36919
676.849,1944.72727
677.034,2041.15797
677.219,1956.43849
677.404,1895.88898
677.588,1927.78338
677.773,1946.96985
677.958,1983.59856
678.143,1812.91373
678.328,1913.33123
678.512,1889.16126
678.697,1909.34443
678.882,1901.86918
679.067,1783.76027
679.251,1756.35102
679.436,1744.88898
679.621,1867.23387
679.805,1897.38403
679.99,1735.91868
680.175,1730.43683
680.359,1627.77676
680.544,1676.36587
680.729,1676.61505
680.913,1811.41868
681.098,1575.6992
681.282,1693.55894
681.467,1614.32131
681.651,1548.28996
681.836,1622.79326
682.02,1578.44012
682.205,1641.48138
682.389,1701.28336
682.573,1621.04904
682.758,1561.24705
682.942,1534.58534
683.127,1635.99953
683.311,1579.93517
683.495,1566.97808
683.68,1604.10514
683.864,1500.69755
684.048,1490.73055
684.233,1423.20414
684.417,1552.52593
684.601,1490.97972
684.785,1468.3048
684.97,1416.72559
685.154,1507.67444
685.338,1485.74705
685.522,1453.10513
685.706,1402.02427
685.89,1302.3543
686.075,1361.15958
686.259,1244.54572
686.443,1458.58698
686.627,1269.71239
686.811,1416.47642
686.995,1323.53417
687.179,1272.45331
687.363,1310.07872
687.547,1330.26189
687.731,1299.86255
687.915,1399.03417
688.099,1152.84934
688.283,1266.97146
688.467,1295.3774
688.651,1124.19423
688.835,1190.47476
689.018,1188.97971
689.202,1203.43185
689.386,1129.92525
689.57,1337.23879
689.754,1108.99456
689.938,1142.88235
690.121,1136.65297
690.305,1076.60181
690.489,1129.17772
690.673,1128.18102
690.856,1154.34439
691.04,1214.14638
691.224,1057.41534
691.407,994.12491
691.591,1108.74538
691.775,1002.84604
691.958,1072.36584
692.142,1091.55231
692.325,1028.76023
692.509,1209.16288
692.693,946.28333
692.876,1004.09191
693.06,969.70577
693.243,967.4632
693.427,965.22062
693.61,950.76847
693.794,929.33943
693.977,971.44999
694.16,953.75857
694.344,997.36419
694.527,996.11831
694.711,947.5292
694.894,849.85263
695.077,940.80148
695.261,832.90873
695.444,920.36913
695.627,862.0622
695.811,990.63646
695.994,806.49619
696.177,886.48134
696.36,871.78002
696.543,884.98629
696.727,903.42524
696.91,851.0985
697.093,737.47473
697.276,799.27012
697.459,760.648
697.642,862.80972
697.826,779.83447
698.009,817.21071
698.192,773.10675
698.375,788.30642
698.558,761.89388
698.741,875.0193
698.924,852.84273
699.107,737.22556
699.29,692.87242
699.473,898.44174
699.656,827.42688
699.839,763.88728
700.022,741.95988
700.205,873.77342
700.387,590.95988
700.57,699.60015
700.753,664.96483
700.936,696.1117
701.119,734.23546
701.302,565.79321
701.484,673.68595
701.667,670.69585
701.85,564.79651
702.033,636.80806
702.215,779.08695
702.398,633.07044
702.581,751.67771
702.763,562.55393
702.946,664.71566
703.129,536.14139
703.311,579.49783
703.494,589.46483
703.677,718.78661
703.859,610.89387
704.042,516.95492
704.224,530.41037
704.407,618.11994
704.589,600.6777
704.772,542.37076
704.954,510.97472
705.137,559.56383
705.319,607.15625
705.502,589.21565
705.684,512.2206
705.866,487.55228
706.049,512.46977
706.231,612.88727
706.414,483.06713
706.596,566.54073
706.778,604.91367
706.961,545.61004
707.143,645.77836
707.325,540.87571
707.507,426.25525
707.69,537.63644
707.872,434.72719
708.054,554.58034
708.236,484.06383
708.418,498.2668
708.601,407.8163
708.783,432.23545
708.965,441.20574
709.147,499.76185
709.329,475.59188
709.511,348.01432
709.693,439.71069
709.875,463.13314
710.057,386.38726
710.239,304.65788
710.421,439.21234
710.603,368.69584
710.785,350.50607
710.967,412.55063
711.149,358.47967
711.331,464.37901
711.513,367.20079
711.695,354.49287
711.877,386.88561
712.059,443.94667
712.24,322.3493
712.422,353.24699
712.604,416.03907
712.786,323.59518
712.968,306.40211
713.149,319.85755
713.331,461.63809
713.513,366.95161
713.695,297.93016
713.876,352.49947
714.058,306.65128
714.24,319.11003
714.421,293.69418
714.603,365.20739
714.785,296.68428
714.966,334.80805
715.148,372.18429
715.329,368.19749
715.511,303.66118
715.692,311.63478
715.874,149.92025
716.055,302.16613
716.237,293.94336
716.418,237.13148
716.6,144.18923
716.781,196.76514
716.963,207.97801
717.144,324.09353
717.325,239.8724
717.507,334.3097
717.688,295.68758
717.87,345.02422
718.051,221.9318
718.232,256.06877
718.413,216.94831
718.595,385.63973
718.776,254.8229
718.957,323.84435
719.138,193.52586
719.32,248.09517
719.501,227.66283
719.682,145.4351
719.863,191.03411
720.044,194.52256
720.225,147.4285
720.407,181.06712
720.588,292.19913
720.769,228.9087
720.95,283.97636
721.131,112.29484
721.312,224.17438
721.493,95.60011
721.674,152.66117
721.855,240.37075
722.036,169.35589
722.217,246.10177
722.398,180.07042
722.579,108.55721
722.76,148.4252
722.94,209.72223
723.121,159.88725
723.302,117.02916
723.483,115.28493
723.664,166.86414
723.845,78.65622
724.025,194.77174
724.206,105.81629
724.387,223.9252
724.568,247.34765
724.748,209.72223
724.929,110.05226
725.11,214.45656
725.29,89.61992
725.471,96.34764
725.652,19.60176
725.832,145.93345
726.013,154.15622
726.194,81.64632
726.374,43.52255
726.555,131.23213
726.735,300.67108
726.916,200.25359
727.096,121.26513
727.277,329.07702
727.457,199.75524
727.638,94.35424
727.818,150.66777
727.999,94.60342
728.179,21.84434
728.359,84.63642
728.54,26.82783
728.72,178.32619
728.9,56.23048
729.081,73.9219
729.261,111.79649
729.441,237.62982
729.622,21.59516
729.802,27.07701
729.982,99.33774
730.162,176.33279
730.343,158.89055
730.523,38.04071
730.703,73.17437
730.883,157.3955
731.063,118.77338
731.243,134.22223
731.424,154.65457
731.604,51.9945
731.784,19.10341
731.964,171.10012
732.144,55.73213
732.324,99.58691
732.504,-9.30253
732.684,157.64467
732.864,36.04731
733.044,141.4483
733.224,84.13807
733.404,26.57866
733.584,-20.76458
733.764,171.10012
733.943,81.14797
734.123,87.62652
734.303,69.68592
734.483,116.77998
734.663,121.76348
734.843,185.55226
735.022,31.06381
735.202,104.57041
735.382,130.98295
735.562,48.50605
735.741,11.62816
735.921,171.10012
736.101,21.84434
736.281,47.75853
736.46,97.84269
736.64,128.98956
736.819,76.66282
736.999,52.24368
737.179,239.12487
737.358,158.64137
737.538,-53.90484
737.717,43.77173
737.897,41.77833
738.076,197.76184
738.256,74.17107
738.435,170.35259
738.615,42.77503
738.794,75.16777
738.974,37.54236
739.153,80.15127
739.332,165.3691
739.512,131.73048
739.691,53.73873
739.871,10.38229
740.05,111.04896
740.229,35.29978
740.408,38.04071
740.588,119.77008
740.767,60.9648
740.946,162.379
741.126,1.66117
741.305,14.86744
741.484,83.88889
741.663,109.30474
741.842,59.22058
742.021,182.56217
742.201,48.50605
742.38,92.85919
742.559,65.9483
742.738,-17.27613
742.917,75.16777
743.096,248.8427
743.275,6.64466
743.454,18.60506
743.633,11.12981
743.812,177.57867
743.991,14.86744
744.17,-4.31903
744.349,121.01596
744.528,65.20077
744.707,88.12487
744.886,79.15457
745.064,22.09351
745.243,29.31958
745.422,73.67272
745.601,50.0011
745.78,136.71398
745.958,112.79318
746.137,36.54566
746.316,32.30968
746.495,187.04731
746.673,8.63806
746.852,19.35259
747.031,-19.26953
747.209,150.66777
747.388,60.21727
747.567,12.12651
747.745,115.78328
747.924,65.69912
748.103,101.33114
748.281,8.88724
748.46,108.80639
748.638,103.57371
748.817,170.10342
748.995,63.70572
749.174,91.86249
749.352,183.55887
749.531,130.73378
749.709,79.15457
749.888,95.60011
750.066,19.10341
750.244,31.81133
750.423,50.49945
750.601,-15.78108
750.779,-53.65567
750.958,32.06051
751.136,49.50275
751.314,-34.22002
751.493,23.58856
751.671,101.82949
751.849,87.37734
752.027,-47.67547
752.205,82.14467
752.384,122.51101
752.562,109.05556
752.74,12.37569
752.918,79.65292
753.096,101.58031
753.274,-10.79758
753.452,101.58031
753.63,-16.5286
753.809,52.24368
753.987,58.9714
754.165,-16.77778
754.343,31.31298
754.521,-10.79758
754.699,-10.05006
754.876,19.60176
755.054,85.38394
755.232,64.45325
755.41,7.64136
755.588,88.87239
755.766,29.07041
755.944,19.60176
756.122,-31.4791
756.3,83.63972
756.477,50.74863
756.655,4.15292
756.833,13.62156
757.011,83.88889
757.188,103.07536
757.366,120.26843
757.544,32.55886
757.721,37.79153
757.899,91.11497
758.077,75.66612
758.254,-16.27943
758.432,72.9252
758.61,81.14797
758.787,72.17767
758.965,38.04071
759.142,41.27998
759.32,9.63476
759.497,58.47305
759.675,1.16282
759.852,-9.30253
760.03,207.72883
760.207,17.35919
760.385,9.38559
760.562,98.59021
760.74,71.67932
760.917,69.68592
761.094,89.12157
761.272,81.39714
761.449,23.09021
761.626,-7.30913
761.804,-47.4263
761.981,42.77503
762.158,35.29978
762.335,-80.31739
762.513,68.44005
762.69,-47.4263
762.867,41.03081
763.044,87.87569
763.221,-6.56161
763.399,59.9681
763.576,-1.57811
763.753,71.9285
763.93,-20.5154
764.107,-69.35369
764.284,-14.03685
764.461,-55.15072
764.638,-34.22002
764.815,43.52255
764.992,-17.77448
765.169,58.72223
765.346,46.76183
765.523,1.41199
765.7,46.26348
765.877,194.77174
766.054,39.28658
766.231,155.15292
766.408,-35.96425
766.584,-45.68207
766.761,-67.85864
766.938,-70.59956
767.115,15.11661
767.292,60.9648
767.468,0.91364
767.645,-115.70023
767.822,20.84764
767.999,-72.09461
768.175,-26.4956
768.352,-87.79263
768.529,-58.38999
768.705,87.12817
768.882,70.9318
769.059,-40.94775
769.235,21.34599
769.412,70.18427
769.588,-9.30253
769.765,-38.70517
769.941,68.44005
770.118,-9.05336
770.294,92.36084
770.471,42.77503
770.647,177.82784
770.824,-16.5286
771,187.04731
771.177,-26.4956
771.353,-27.4923
771.529,-78.82234
771.706,23.83773
771.882,103.07536
772.058,-55.15072
772.235,-47.67547
772.411,14.36909
772.587,65.44995
772.764,-60.38339
772.94,-22.25963
773.116,-108.9725
773.292,-126.16557
773.468,-15.03355
773.645,-31.4791
773.821,-117.19528
773.997,-146.09957
774.173,187.54566
774.349,94.60342
774.525,-69.60286
774.701,-27.99065
774.877,12.87404
775.053,-1.82728
775.229,4.15292
775.405,74.66942
775.581,36.04731
775.757,-9.80088
775.933,-67.85864
776.109,-53.90484
776.285,-20.26623
776.461,20.59846
776.637,33.80473
776.813,6.39549
776.989,35.54896
777.165,-127.41145
777.34,-56.39659
777.516,-5.06656
777.692,29.56876
777.868,102.82619
778.043,78.15787
778.219,-5.81408
778.395,-16.03025
778.571,-40.94775
778.746,63.9549
778.922,-20.26623
779.098,-34.96755
779.273,-55.15072
779.449,328.57867
779.624,-81.06491
779.8,-4.31903
779.976,-11.54511
780.151,23.58856
780.327,-52.90814
780.502,40.53246
780.678,-47.92464
780.853,2.15952
781.029,31.31298
781.204,132.22883
781.38,-61.87844
781.555,-5.81408
781.73,-17.5253
781.906,62.9582
782.081,12.12651
782.256,-36.4626
782.432,-65.11772
782.607,-61.13092
782.782,100.08526
782.958,94.35424
783.133,14.61826
783.308,109.80309
783.483,69.18757
783.659,-60.63257
783.834,10.88064
784.009,-84.55336
784.184,71.18097
784.359,62.70902
784.534,-76.82894
784.709,19.35259
784.885,-45.93125
785.06,0.91364
785.235,26.82783
785.41,148.4252
785.585,-12.5418
785.76,-37.4593
785.935,56.978
786.11,-29.23653
786.285,-70.10121
786.46,163.62487
786.634,69.9351
786.809,95.84929
786.984,3.65457
787.159,-0.58141
787.334,-56.39659
787.509,29.07041
787.684,-17.02695
787.858,-100.25138
788.033,-115.20188
788.208,93.35754
788.383,-86.29758
788.557,6.14631
788.732,-8.30583
788.907,1.16282
789.082,-23.25633
789.256,12.62486
789.431,21.09681
789.605,-42.19362
789.78,-29.4857
789.955,-59.88504
790.129,-13.5385
790.304,-3.32233
790.478,3.65457
790.653,-80.06821
790.827,-77.57646
791.002,-42.4428
791.176,-12.5418
791.351,69.43675
791.525,9.13641
791.7,-22.75798
791.874,-30.98075
792.048,59.22058
792.223,-26.24643
792.397,91.61332
792.572,-11.29593
792.746,-88.29098
792.92,-34.71837
793.094,36.54566
793.269,-58.14082
793.443,-72.59296
793.617,-8.55501
793.791,35.79813
793.966,82.64302
794.14,-2.07646
794.314,-34.4692
794.488,-28.489
794.662,76.41365
794.836,-55.39989
795.01,14.86744
795.185,190.53576
795.359,56.72883
795.533,-20.01705
795.707,-90.78273
795.881,-23.00715
796.055,13.62156
796.229,-80.06821
796.403,-83.80583
796.577,12.87404
796.75,-21.01375
796.924,-115.45105
797.098,-74.33719
797.272,11.62816
797.446,163.87405
797.62,34.30308
797.794,-150.58472
797.967,-9.80088
798.141,-139.37184
798.315,-104.48735
798.489,-54.40319
798.663,-60.13422
798.836,-11.79428
799.01,-103.989
799.184,-85.05171
799.357,-62.12762
799.531,68.19087
799.705,16.61166
799.878,56.72883
800.052,-21.5121
800.225,114.78658
800.399,51.24698
800.572,20.34929
800.746,138.95655
800.92,69.43675
801.093,-87.29428
801.266,-91.28108
801.44,50.0011
801.613,-14.5352
801.787,22.34269
801.96,-59.88504
802.134,-4.56821
802.307,-32.4758
802.48,16.11331
802.654,-42.69197
802.827,25.83113
803,22.09351
803.174,69.9351
803.347,-18.522
803.52,-11.79428
803.693,-4.56821
803.867,-26.74478
804.04,-13.78768
804.213,5.14962
804.386,15.11661
804.559,-38.456
804.732,50.25028
804.906,52.49285
805.079,199.50606
805.252,52.9912
805.425,1.66117
805.598,-36.21342
805.771,-26.99395
805.944,-60.63257
806.117,-111.9626
806.29,317.3658
806.463,165.86745
806.636,72.9252
806.809,20.59846
806.982,-100.00221
807.154,-15.78108
807.327,71.9285
807.5,61.71232
807.673,-59.38669
807.846,36.54566
808.019,-13.5385
808.191,20.10011
808.364,-33.97085
808.537,-3.57151
808.71,-78.07481
808.882,-19.02035
809.055,58.22388
809.228,60.9648
809.4,-57.64247
809.573,-94.76953
809.746,-48.67217
809.918,-37.21012
810.091,-33.22332
810.263,-143.10947
810.436,9.63476
810.609,18.85424
810.781,148.92355
810.954,-9.80088
811.126,-56.64577
811.299,68.68922
811.471,37.29318
811.643,105.81629
811.816,-46.67877
811.988,-91.28108
812.161,28.82123
812.333,-68.60616
812.505,122.76018
812.678,150.16942
812.85,120.26843
813.022,24.58526
813.195,-6.56161
813.367,-89.03851
813.539,-48.67217
813.711,76.912
813.884,57.72553
814.056,58.22388
814.228,-38.70517
814.4,118.52421
814.572,63.45655
814.744,85.88229
814.917,6.89384
815.089,-38.70517
815.261,-79.81904
815.433,-7.30913
815.605,-6.56161
815.777,-64.61937
815.949,60.71562
816.121,171.10012
816.293,-100.25138
816.465,-21.01375
816.637,-18.77118
816.809,132.22883
816.98,-61.87844
817.152,104.81959
817.324,-15.78108
817.496,-13.04015
817.668,-15.5319
817.84,77.65952
818.011,-33.22332
818.183,37.04401
818.355,-7.05996
818.527,-20.26623
818.698,-101.9956
818.87,-49.17052
819.042,-74.83554
819.214,-25.4989
819.385,-50.41639
819.557,4.90044
819.728,-57.89164
819.9,-67.36029
820.072,73.67272
820.243,-12.29263
820.415,-40.20022
820.586,-14.03685
820.758,35.54896
820.929,-23.75468
821.101,71.43015
821.272,-73.58966
821.444,18.35589
821.615,181.81464
821.787,49.25358
821.958,-26.4956
822.129,-29.23653
822.301,-54.65237
822.472,-4.31903
822.643,-2.57481
822.815,-51.91144
822.986,76.16447
823.157,-125.16887
823.328,26.08031
823.5,52.49285
823.671,41.52916
823.842,-81.06491
824.013,-45.4329
824.184,31.31298
824.356,6.64466
824.527,-0.33223
824.698,64.45325
824.869,38.28988
825.04,58.9714
825.211,-74.33719
825.382,-26.99395
825.553,-49.41969
825.724,-54.15402
825.895,37.29318
826.066,-42.94115
826.237,-74.83554
826.408,50.25028
826.579,-24.5022
826.75,-70.84874
826.921,-35.71507
827.092,28.82123
827.262,4.40209
827.433,-28.98735
827.604,-49.17052
827.775,-16.03025
827.946,72.17767
828.116,-129.9032
828.287,-6.06326
828.458,69.18757
828.629,-38.95435
828.799,-19.76788
828.97,-19.02035
829.141,102.32784
829.311,-40.4494
829.482,57.22718
829.652,-37.70847
829.823,-21.76128
829.994,61.21397
830.164,-38.20682
830.335,-1.82728
830.505,19.60176
830.676,26.82783
830.846,63.9549
831.017,-94.02201
831.187,-15.03355
831.357,6.39549
831.528,-73.09131
831.698,3.65457
831.869,-17.77448
832.039,-6.31243
832.209,-63.62267
832.38,45.26678
832.55,-127.66062
832.72,82.89219
832.89,-73.83884
833.061,4.90044
833.231,3.65457
833.401,-10.79758
833.571,-67.85864
833.742,-19.26953
833.912,25.58196
834.082,53.48955
834.252,-60.88174
834.422,-7.55831
834.592,10.13311
834.762,-43.19032
834.932,-33.72167
835.102,-86.79593
835.272,-47.17712
835.442,-94.76953
835.612,12.37569
835.782,50.49945
835.952,36.04731
836.122,-143.60782
836.292,11.87734
836.462,43.0242
836.632,85.88229
836.802,-172.76128
836.972,-40.20022
837.141,-60.88174
837.311,-48.67217
837.481,19.10341
837.651,-57.14412
837.821,-26.4956
837.99,10.88064
838.16,-2.07646
838.33,3.65457
838.499,57.72553
838.669,161.88065
838.839,-58.88834
839.008,-83.05831
839.178,-139.62102
839.348,-29.23653
839.517,-9.30253
839.687,-36.4626
839.856,-14.78438
840.026,57.22718
840.195,-82.55996
840.365,-37.4593
840.534,85.63312
840.704,-51.16392
840.873,66.19747
841.042,31.56216
841.212,-88.54016
841.381,65.69912
841.551,48.25688
841.72,-25.99725
841.889,33.30638
842.059,-108.22498
842.228,-39.20352
842.397,-65.11772
842.566,-35.96425
842.736,25.33278
842.905,69.43675
843.074,-3.57151
843.243,-32.22662
843.412,37.04401
843.582,-100.00221
843.751,-60.38339
843.92,-22.01045
844.089,-15.5319
844.258,-114.45435
844.427,-60.13422
844.596,-0.33223
844.765,-17.02695
844.934,49.50275
845.103,38.04071
845.272,-22.5088
845.441,-24.00385
845.61,56.978
845.779,33.05721
845.948,71.67932
846.117,0.41529
846.286,0.66447
846.454,47.75853
846.623,-3.32233
846.792,55.9813
846.961,-83.80583
847.13,-54.15402
847.298,110.55061
847.467,-7.05996
847.636,176.83114
847.805,3.90374
847.973,35.79813
848.142,-83.30748
848.311,88.12487
848.479,-5.06656
848.648,1.66117
848.816,-15.28273
848.985,-141.86359
849.154,24.33608
849.322,-56.64577
849.491,-58.38999
849.659,32.06051
849.828,-50.91474
849.996,0.66447
850.165,-21.26293
850.333,24.33608
850.501,29.07041
850.67,-36.21342
850.838,-36.71177
851.007,-18.02365
851.175,-37.70847
851.343,49.25358
851.512,-42.69197
851.68,-85.05171
851.848,-57.14412
852.016,-50.16722
852.185,-12.79098
852.353,-41.94445
852.521,-28.98735
852.689,-11.04676
852.857,49.25358
853.026,43.0242
853.194,-40.94775
853.362,69.18757
853.53,-42.94115
853.698,-119.18867
853.866,-44.68537
854.034,-53.15732
854.202,-32.22662
854.37,-104.48735
854.538,-57.89164
854.706,-42.4428
854.874,-77.57646
855.042,-74.83554
855.21,43.77173
855.378,-35.21672
855.546,-76.33059
855.713,8.13971
855.881,-1.82728
856.049,34.80143
856.217,-47.4263
856.385,-75.83224
856.553,-120.43455
856.72,-48.42299
856.888,-68.10781
857.056,-44.18702
857.223,76.66282
857.391,-81.56326
857.559,102.57701
857.726,-26.99395
857.894,-29.98405
858.062,-24.75138
858.229,31.81133
858.397,135.96645
858.564,23.58856
858.732,-33.22332
858.899,73.9219
859.067,25.08361
859.234,130.23543
859.402,16.86084
859.569,-113.45765
859.737,-102.49395
859.904,7.89054
860.072,22.34269
860.239,-78.82234
860.406,99.33774
860.574,49.75193
860.741,120.26843
860.908,37.54236
861.076,-92.52696
861.243,98.59021
861.41,-105.48405
861.577,518.2008
861.745,52.24368
861.912,8.13971
862.079,-114.9527
862.246,-17.27613
862.413,-67.85864
862.58,-14.5352
862.748,6.14631
862.915,88.37404
863.082,-49.41969
863.249,176.08362
863.416,120.26843
863.583,43.52255
863.75,6.39549
863.917,95.10176
864.084,-14.5352
864.251,-48.17382
864.418,-14.5352
864.585,28.07371
864.751,55.73213
864.918,-72.34379
865.085,-1.32893
865.252,-26.99395
865.419,-8.30583
865.586,-39.20352
865.752,-18.522
865.919,-83.30748
866.086,157.89385
866.253,4.90044
866.419,-90.03521
866.586,-79.32069
866.753,-35.21672
866.919,-22.75798
867.086,-128.9065
867.253,-57.39329
867.419,-80.31739
867.586,-3.57151
867.752,-63.37349
867.919,-36.4626
868.085,35.05061
868.252,17.35919
868.418,-36.96095
868.585,9.13641
868.751,0.66447
868.918,-51.66227
869.084,-25.00055
869.251,-42.19362
869.417,-61.13092
869.583,29.81793
869.75,-7.05996
869.916,-46.18042
870.082,68.68922
870.249,10.63146
870.415,96.09846
870.581,49.50275
870.747,-18.02365
870.914,-48.92134
871.08,-2.57481
871.246,19.35259
871.412,-83.05831
871.578,136.71398
871.744,-21.5121
871.911,44.0209
872.077,17.60836
872.243,-73.09131
872.409,-94.27118
872.575,-24.5022
872.741,-19.02035
872.907,38.04071
873.073,-136.88009
873.239,-28.23983
873.405,55.23378
873.571,-44.18702
873.737,22.59186
873.902,-40.94775
874.068,8.88724
874.234,155.4021
874.4,-66.86194
874.566,-5.81408
874.732,77.65952
874.897,-26.74478
875.063,-60.88174
875.229,80.15127
875.395,102.82619
875.56,-96.01541
875.726,-42.69197
875.892,-112.71013
876.057,39.78493
876.223,-2.07646
876.389,84.63642
876.554,-78.82234
876.72,-43.93785
876.885,-37.95765
877.051,52.74203
877.217,-78.07481
877.382,-58.63917
877.548,-53.65567
877.713,-35.4659
877.878,-81.81244
878.044,-41.69527
878.209,-44.4362
878.375,45.51595
878.54,29.31958
878.705,-25.4989
878.871,-67.60946
879.036,95.84929
879.201,-82.31079
879.367,-14.5352
879.532,-6.06326
879.697,-15.03355
879.863,-119.68702
880.028,10.13311
880.193,-25.24973
880.358,-15.78108
880.523,10.13311
880.688,-52.16062
880.854,-67.85864
881.019,16.36249
881.184,4.40209
881.349,-29.98405
881.514,16.36249
881.679,-81.06491
881.844,33.05721
882.009,-85.30088
882.174,61.21397
882.339,81.39714
882.504,125.75028
882.669,65.20077
882.834,-22.25963
882.999,-133.14247
883.163,-30.4824
883.328,52.9912
883.493,-32.72497
883.658,47.26018
883.823,-18.02365
883.988,-17.02695
884.152,81.89549
884.317,80.40044
884.482,45.76513
884.646,1.41199
884.811,88.12487
884.976,-76.08141
885.14,-83.05831
885.305,-32.97415
885.47,3.40539
885.634,-104.9857
885.799,-61.87844
885.963,137.71068
886.128,21.84434
886.292,-134.38835
886.457,-7.30913
886.621,-70.84874
886.786,72.42685
886.95,-118.44115
887.115,21.84434
887.279,-73.58966
887.444,-27.99065
887.608,81.14797
887.772,-34.4692
887.937,114.03906
888.101,141.19913
888.265,74.66942
888.43,-35.4659
888.594,-48.42299
888.758,73.67272
888.922,26.08031
889.087,48.75523
889.251,40.53246
889.415,38.53906
889.579,-32.4758
889.743,-58.38999
889.907,-25.00055
890.071,-22.75798
890.236,-7.30913
890.4,-123.42465
890.564,7.64136
890.728,14.11991
890.892,54.9846
891.056,-32.97415
891.22,-58.14082
891.384,-8.05666
891.548,9.13641
891.711,85.13477
891.875,74.9186
892.039,-119.9362
892.203,60.21727
892.367,20.10011
892.531,-9.55171
892.695,-99.50386
892.858,-28.489
893.022,-41.19692
893.186,-70.59956
893.35,-104.73653
893.513,-56.89494
893.677,38.28988
893.841,21.34599
894.004,235.63643
894.168,-10.79758
894.332,18.60506
894.495,-110.9659
894.659,97.09516
894.822,25.58196
894.986,21.34599
895.149,-97.75963
895.313,152.412
895.476,13.37239
895.64,-48.67217
895.803,38.04071
895.967,61.9615
896.13,-46.92795
896.294,27.82453
896.457,27.82453
